Complaint_ID,Customer_ID,Policy_ID,Complaint_Date,Complaint_Type,Channel,Resolution_Date,Resolution_Status,Complaint_TAT_Days
4000019,1000181,2000181,04-01-25,Documentation,Call Centre,04-02-25,Resolved,1
4000051,1000456,2000456,09-05-25,Documentation,Call Centre,9-30-2025,Resolved,25
4000075,1000644,2000644,11-10-24,Documentation,Call Centre,12-04-24,Resolved,24
4000248,1002341,2002341,4-16-2026,Documentation,Call Centre,05-01-26,Resolved,15
4000300,1002772,2002772,2-19-2025,Documentation,Call Centre,3-14-2025,Resolved,23
4000387,1003464,2003464,10-11-25,Documentation,Call Centre,11-06-25,Resolved,26
4000443,1003957,2003957,09-06-24,Documentation,Call Centre,9-17-2024,Resolved,11
4000483,1004256,2004256,02-08-25,Documentation,Call Centre,2-27-2025,Resolved,19
4000487,1004272,2004272,8-17-2025,Documentation,Call Centre,9-14-2025,Resolved,28
4000526,1004638,2004638,07-05-24,Documentation,Call Centre,7-17-2024,Resolved,12
4000597,1005242,2005242,8-24-2026,Documentation,Call Centre,9-17-2026,Resolved,24
4000598,1005254,2005254,4-27-2025,Documentation,Call Centre,4-29-2025,Resolved,2
4000636,1005582,2005582,07-05-25,Documentation,Call Centre,7-31-2025,Resolved,26
4000646,1005658,2005658,5-15-2026,Documentation,Call Centre,5-31-2026,Resolved,16
4000800,1007009,2007009,12-24-2024,Documentation,Call Centre,01-07-25,Resolved,14
4000827,1007281,2007281,05-11-24,Documentation,Call Centre,5-24-2024,Resolved,13
4000890,1007751,2007751,05-05-25,Documentation,Call Centre,5-15-2025,Resolved,10
4000977,1008359,2008359,1-25-2026,Documentation,Call Centre,2-13-2026,Resolved,19
4000988,1008445,2008445,5-30-2025,Documentation,Call Centre,6-25-2025,Resolved,26
4001016,1008721,2008721,7-20-2026,Documentation,Call Centre,8-16-2026,Resolved,27
4001042,1008891,2008891,1-26-2026,Documentation,Call Centre,2-19-2026,Resolved,24
4001044,1008895,2008895,3-16-2025,Documentation,Call Centre,4-13-2025,Resolved,28
4001076,1009209,2009209,04-09-26,Documentation,Call Centre,05-08-26,Resolved,29
4001144,1009720,2009720,2-24-2025,Documentation,Call Centre,3-24-2025,Resolved,28
4001166,1009876,2009876,11-30-2025,Documentation,Call Centre,12-19-2025,Resolved,19
4001190,1010189,2010189,05-08-24,Documentation,Call Centre,5-23-2024,Resolved,15
4001206,1010313,2010313,3-29-2024,Documentation,Call Centre,4-28-2024,Resolved,30
4001213,1010373,2010373,7-20-2025,Documentation,Call Centre,7-26-2025,Resolved,6
4001297,1011071,2011071,9-25-2025,Documentation,Call Centre,10-01-25,Resolved,6
4001353,1011520,2011520,10-25-2024,Documentation,Call Centre,11-07-24,Resolved,13
4001413,1012046,2012046,09-07-25,Documentation,Call Centre,9-20-2025,Resolved,13
4001438,1012310,2012310,1-19-2025,Documentation,Call Centre,02-08-25,Resolved,20
4001445,1012345,2012345,4-29-2026,Documentation,Call Centre,05-03-26,Resolved,4
4001507,1012810,2012810,11-23-2024,Documentation,Call Centre,11-26-2024,Resolved,3
4001508,1012811,2012811,10-01-25,Documentation,Call Centre,10-03-25,Resolved,2
4001616,1013722,2013722,7-22-2025,Documentation,Call Centre,8-20-2025,Resolved,29
4001647,1013923,2013923,02-09-24,Documentation,Call Centre,03-09-24,Resolved,29
4001691,1014322,2014322,09-04-24,Documentation,Call Centre,9-19-2024,Resolved,15
4001786,1015146,2015146,09-10-25,Documentation,Call Centre,10-07-25,Resolved,27
4001882,1016041,2016041,9-16-2025,Documentation,Call Centre,10-04-25,Resolved,18
4001950,1016497,2016497,02-02-26,Documentation,Call Centre,03-02-26,Resolved,28
4001968,1016620,2016620,7-25-2025,Documentation,Call Centre,8-21-2025,Resolved,27
4002027,1017152,2017152,02-08-25,Documentation,Call Centre,2-16-2025,Resolved,8
4002060,1017386,2017386,02-04-25,Documentation,Call Centre,2-15-2025,Resolved,11
4002134,1018051,2018051,2-23-2025,Documentation,Call Centre,3-15-2025,Resolved,20
4002142,1018136,2018136,9-28-2025,Documentation,Call Centre,10-06-25,Resolved,8
4002168,1018374,2018374,3-30-2026,Documentation,Call Centre,04-09-26,Resolved,10
4002169,1018378,2018378,2-26-2025,Documentation,Call Centre,3-18-2025,Resolved,20
4002199,1018646,2018646,12-30-2024,Documentation,Call Centre,1-17-2025,Resolved,18
4002225,1018931,2018931,12-10-24,Documentation,Call Centre,12-11-24,Resolved,1
4002269,1019333,2019333,3-26-2026,Documentation,Call Centre,04-03-26,Resolved,8
4002307,1019709,2019709,01-08-26,Documentation,Call Centre,01-12-26,Resolved,4
4002327,1019863,2019863,6-13-2025,Documentation,Call Centre,6-18-2025,Resolved,5
4002331,1019893,2019893,6-25-2024,Documentation,Call Centre,07-08-24,Resolved,13
4002383,1020245,2020245,8-14-2024,Documentation,Call Centre,09-02-24,Resolved,19
4002440,1020637,2020637,11-05-24,Documentation,Call Centre,11-28-2024,Resolved,23
4002460,1020803,2020803,10-18-2026,Documentation,Call Centre,10-23-2026,Resolved,5
4002461,1020804,2020804,06-08-26,Documentation,Call Centre,6-13-2026,Resolved,5
4002479,1020946,2020946,1-17-2026,Documentation,Call Centre,1-28-2026,Resolved,11
4002591,1021977,2021977,02-11-26,Documentation,Call Centre,3-13-2026,Resolved,30
4002597,1022032,2022032,5-23-2025,Documentation,Call Centre,06-04-25,Resolved,12
4002615,1022234,2022234,02-03-26,Documentation,Call Centre,2-15-2026,Resolved,12
4002644,1022439,2022439,2-13-2025,Documentation,Call Centre,3-14-2025,Resolved,29
4002672,1022702,2022702,05-01-25,Documentation,Call Centre,5-28-2025,Resolved,27
4002763,1023354,2023354,4-20-2026,Documentation,Call Centre,05-05-26,Resolved,15
4002766,1023374,2023374,12-12-24,Documentation,Call Centre,12-18-2024,Resolved,6
4002796,1023637,2023637,12-08-25,Documentation,Call Centre,12-19-2025,Resolved,11
4002842,1023914,2023914,9-28-2024,Documentation,Call Centre,10-24-2024,Resolved,26
4002861,1024021,2024021,04-07-24,Documentation,Call Centre,4-27-2024,Resolved,20
4002881,1024211,2024211,1-15-2026,Documentation,Call Centre,02-12-26,Resolved,28
4002899,1024401,2024401,12-21-2025,Documentation,Call Centre,1-13-2026,Resolved,23
4002909,1024499,2024499,9-24-2025,Documentation,Call Centre,10-24-2025,Resolved,30
4002942,1024842,2024842,11-17-2024,Documentation,Call Centre,11-29-2024,Resolved,12
4003081,1025872,2025872,10-15-2025,Documentation,Call Centre,10-23-2025,Resolved,8
4003171,1026679,2026679,04-03-26,Documentation,Call Centre,4-29-2026,Resolved,26
4003222,1027162,2027162,01-11-26,Documentation,Call Centre,02-07-26,Resolved,27
4003279,1027617,2027617,3-13-2026,Documentation,Call Centre,04-04-26,Resolved,22
4003306,1027789,2027789,7-13-2026,Documentation,Call Centre,7-31-2026,Resolved,18
4003335,1028026,2028026,07-07-25,Documentation,Call Centre,07-09-25,Resolved,2
4003344,1028104,2028104,11-03-25,Documentation,Call Centre,11-06-25,Resolved,3
4003405,1028675,2028675,10-31-2025,Documentation,Call Centre,11-09-25,Resolved,9
4003409,1028689,2028689,07-08-26,Documentation,Call Centre,7-22-2026,Resolved,14
4003412,1028746,2028746,11-04-24,Documentation,Call Centre,11-14-2024,Resolved,10
4003446,1029019,2029019,9-20-2026,Documentation,Call Centre,10-20-2026,Resolved,30
4003484,1029420,2029420,12-14-2024,Documentation,Call Centre,12-25-2024,Resolved,11
4003508,1029681,2029681,1-26-2025,Documentation,Call Centre,02-11-25,Resolved,16
4003552,1030087,2030087,02-06-26,Documentation,Call Centre,2-21-2026,Resolved,15
4003594,1030442,2030442,05-01-25,Documentation,Call Centre,05-06-25,Resolved,5
4003634,1030889,2030889,12-04-25,Documentation,Call Centre,12-05-25,Resolved,1
4003658,1031123,2031123,11-14-2024,Documentation,Call Centre,11-21-2024,Resolved,7
4003698,1031423,2031423,5-30-2024,Documentation,Call Centre,6-16-2024,Resolved,17
4003699,1031425,2031425,01-03-25,Documentation,Call Centre,1-31-2025,Resolved,28
4003750,1031835,2031835,12-15-2024,Documentation,Call Centre,12-26-2024,Resolved,11
4003814,1032395,2032395,05-04-25,Documentation,Call Centre,06-02-25,Resolved,29
4003846,1032644,2032644,3-31-2026,Documentation,Call Centre,04-02-26,Resolved,2
4003871,1032936,2032936,12-07-24,Documentation,Call Centre,12-14-2024,Resolved,7
4003876,1032986,2032986,03-03-25,Documentation,Call Centre,04-01-25,Resolved,29
4003933,1033384,2033384,12-25-2024,Documentation,Call Centre,1-22-2025,Resolved,28
4003936,1033405,2033405,12-19-2024,Documentation,Call Centre,12-28-2024,Resolved,9
4003938,1033434,2033434,04-11-25,Documentation,Call Centre,4-20-2025,Resolved,9
4003958,1033551,2033551,12-17-2025,Documentation,Call Centre,12-21-2025,Resolved,4
4003982,1033743,2033743,11-05-24,Documentation,Call Centre,12-02-24,Resolved,27
4004019,1034051,2034051,10-22-2025,Documentation,Call Centre,10-25-2025,Resolved,3
4004053,1034312,2034312,09-06-25,Documentation,Call Centre,9-24-2025,Resolved,18
4004077,1034461,2034461,04-06-24,Documentation,Call Centre,4-24-2024,Resolved,18
4004085,1034498,2034498,3-30-2026,Documentation,Call Centre,4-20-2026,Resolved,21
4004209,1035656,2035656,09-02-25,Documentation,Call Centre,09-08-25,Resolved,6
4004248,1035947,2035947,1-13-2026,Documentation,Call Centre,1-19-2026,Resolved,6
4004259,1036028,2036028,9-30-2025,Documentation,Call Centre,10-09-25,Resolved,9
4004286,1036270,2036270,1-24-2026,Documentation,Call Centre,02-01-26,Resolved,8
4004364,1036877,2036877,7-29-2026,Documentation,Call Centre,08-10-26,Resolved,12
4004421,1037359,2037359,02-09-26,Documentation,Call Centre,2-26-2026,Resolved,17
4004439,1037471,2037471,11-18-2024,Documentation,Call Centre,12-18-2024,Resolved,30
4004442,1037493,2037493,6-25-2026,Documentation,Call Centre,6-30-2026,Resolved,5
4004465,1037654,2037654,08-02-25,Documentation,Call Centre,8-18-2025,Resolved,16
4004509,1038006,2038006,10-16-2025,Documentation,Call Centre,10-25-2025,Resolved,9
4004517,1038054,2038054,10-18-2025,Documentation,Call Centre,10-28-2025,Resolved,10
4004526,1038113,2038113,04-03-25,Documentation,Call Centre,4-23-2025,Resolved,20
4004559,1038313,2038313,02-08-26,Documentation,Call Centre,2-14-2026,Resolved,6
4004582,1038460,2038460,04-02-25,Documentation,Call Centre,04-11-25,Resolved,9
4004671,1039198,2039198,07-04-26,Documentation,Call Centre,07-11-26,Resolved,7
4004691,1039345,2039345,01-02-26,Documentation,Call Centre,1-20-2026,Resolved,18
4004821,1040419,2040419,6-28-2026,Documentation,Call Centre,7-17-2026,Resolved,19
4004848,1040691,2040691,9-27-2024,Documentation,Call Centre,10-05-24,Resolved,8
4004896,1041060,2041060,08-06-24,Documentation,Call Centre,8-28-2024,Resolved,22
4004903,1041153,2041153,9-26-2024,Documentation,Call Centre,10-22-2024,Resolved,26
4004924,1041342,2041342,4-27-2026,Documentation,Call Centre,5-20-2026,Resolved,23
4004948,1041565,2041565,9-30-2025,Documentation,Call Centre,10-04-25,Resolved,4
4005015,1042172,2042172,04-05-25,Documentation,Call Centre,4-14-2025,Resolved,9
4005022,1042246,2042246,06-04-26,Documentation,Call Centre,06-10-26,Resolved,6
4005023,1042251,2042251,11-21-2024,Documentation,Call Centre,11-24-2024,Resolved,3
4005126,1043097,2043097,5-15-2025,Documentation,Call Centre,06-03-25,Resolved,19
4005232,1044040,2044040,07-09-25,Documentation,Call Centre,07-12-25,Resolved,3
4005234,1044050,2044050,6-16-2025,Documentation,Call Centre,07-10-25,Resolved,24
4005244,1044143,2044143,3-16-2025,Documentation,Call Centre,3-21-2025,Resolved,5
4005289,1044519,2044519,9-14-2024,Documentation,Call Centre,10-11-24,Resolved,27
4005294,1044559,2044559,5-27-2024,Documentation,Call Centre,6-19-2024,Resolved,23
4005306,1044654,2044654,11-20-2024,Documentation,Call Centre,12-13-2024,Resolved,23
4005386,1045353,2045353,07-11-25,Documentation,Call Centre,7-14-2025,Resolved,3
4005440,1045769,2045769,09-10-24,Documentation,Call Centre,9-19-2024,Resolved,9
4005452,1045892,2045892,5-28-2026,Documentation,Call Centre,06-05-26,Resolved,8
4005466,1045958,2045958,09-10-25,Documentation,Call Centre,9-25-2025,Resolved,15
4005529,1046499,2046499,04-04-25,Documentation,Call Centre,4-27-2025,Resolved,23
4005537,1046570,2046570,2-25-2025,Documentation,Call Centre,3-19-2025,Resolved,22
4005555,1046767,2046767,07-10-26,Documentation,Call Centre,7-25-2026,Resolved,15
4005604,1047199,2047199,4-13-2024,Documentation,Call Centre,4-18-2024,Resolved,5
4005614,1047277,2047277,5-14-2025,Documentation,Call Centre,06-02-25,Resolved,19
4005641,1047584,2047584,12-14-2025,Documentation,Call Centre,12-16-2025,Resolved,2
4005643,1047601,2047601,2-21-2025,Documentation,Call Centre,2-22-2025,Resolved,1
4005646,1047621,2047621,4-22-2026,Documentation,Call Centre,05-05-26,Resolved,13
4005694,1048092,2048092,12-29-2024,Documentation,Call Centre,1-13-2025,Resolved,15
4005705,1048180,2048180,09-04-25,Documentation,Call Centre,10-02-25,Resolved,28
4005748,1048479,2048479,11-28-2025,Documentation,Call Centre,12-01-25,Resolved,3
4005757,1048527,2048527,8-28-2024,Documentation,Call Centre,09-06-24,Resolved,9
4005859,1049485,2049485,7-19-2024,Documentation,Call Centre,7-31-2024,Resolved,12
4005915,1049871,2049871,6-29-2024,Documentation,Call Centre,07-02-24,Resolved,3
4005970,1050308,2050308,05-08-24,Documentation,Call Centre,5-15-2024,Resolved,7
4006054,1051126,2051126,3-27-2026,Documentation,Call Centre,04-02-26,Resolved,6
4006062,1051219,2051219,01-06-26,Documentation,Call Centre,02-05-26,Resolved,30
4006076,1051408,2051408,1-27-2025,Documentation,Call Centre,2-19-2025,Resolved,23
4006151,1052068,2052068,4-13-2026,Documentation,Call Centre,4-27-2026,Resolved,14
4006236,1052881,2052881,9-15-2025,Documentation,Call Centre,10-13-2025,Resolved,28
4006241,1052911,2052911,12-25-2025,Documentation,Call Centre,1-13-2026,Resolved,19
4006299,1053326,2053326,12-29-2024,Documentation,Call Centre,1-20-2025,Resolved,22
4006401,1054172,2054172,02-08-26,Documentation,Call Centre,02-11-26,Resolved,3
4006442,1054489,2054489,12-27-2024,Documentation,Call Centre,12-31-2024,Resolved,4
4006521,1055155,2055155,11-01-25,Documentation,Call Centre,11-05-25,Resolved,4
4006630,1055995,2055995,2-21-2025,Documentation,Call Centre,3-17-2025,Resolved,24
4006641,1056084,2056084,12-09-24,Documentation,Call Centre,12-13-2024,Resolved,4
4006688,1056518,2056518,10-21-2024,Documentation,Call Centre,11-03-24,Resolved,13
4006737,1056844,2056844,4-23-2024,Documentation,Call Centre,05-05-24,Resolved,12
4006738,1056859,2056859,12-18-2025,Documentation,Call Centre,01-02-26,Resolved,15
4006783,1057181,2057181,3-18-2026,Documentation,Call Centre,04-02-26,Resolved,15
4006803,1057328,2057328,11-21-2024,Documentation,Call Centre,11-24-2024,Resolved,3
4006831,1057529,2057529,10-20-2024,Documentation,Call Centre,10-21-2024,Resolved,1
4006866,1057795,2057795,02-04-26,Documentation,Call Centre,2-23-2026,Resolved,19
4006940,1058298,2058298,12-27-2024,Documentation,Call Centre,1-22-2025,Resolved,26
4007048,1059268,2059268,05-01-25,Documentation,Call Centre,5-27-2025,Resolved,26
4007153,1060016,2060016,5-20-2025,Documentation,Call Centre,5-25-2025,Resolved,5
4007282,1061048,2061048,5-13-2024,Documentation,Call Centre,5-17-2024,Resolved,4
4007350,1061594,2061594,06-10-26,Documentation,Call Centre,6-24-2026,Resolved,14
4007400,1061986,2061986,05-05-25,Documentation,Call Centre,06-02-25,Resolved,28
4007456,1062384,2062384,03-01-25,Documentation,Call Centre,3-25-2025,Resolved,24
4007475,1062571,2062571,10-04-24,Documentation,Call Centre,10-15-2024,Resolved,11
4007581,1063613,2063613,8-29-2025,Documentation,Call Centre,9-19-2025,Resolved,21
4007622,1063876,2063876,1-29-2026,Documentation,Call Centre,02-09-26,Resolved,11
4007697,1064502,2064502,1-17-2026,Documentation,Call Centre,02-01-26,Resolved,15
4007703,1064549,2064549,7-25-2026,Documentation,Call Centre,8-14-2026,Resolved,20
4007832,1065572,2065572,3-22-2025,Documentation,Call Centre,3-23-2025,Resolved,1
4007852,1065752,2065752,01-04-26,Documentation,Call Centre,1-24-2026,Resolved,20
4007853,1065788,2065788,12-09-24,Documentation,Call Centre,12-16-2024,Resolved,7
4007871,1065940,2065940,08-06-24,Documentation,Call Centre,09-05-24,Resolved,30
4007939,1066436,2066436,9-19-2025,Documentation,Call Centre,9-26-2025,Resolved,7
4008004,1066979,2066979,06-02-25,Documentation,Call Centre,6-28-2025,Resolved,26
4008067,1067445,2067445,7-27-2025,Documentation,Call Centre,7-30-2025,Resolved,3
4008152,1068219,2068219,9-28-2024,Documentation,Call Centre,10-13-2024,Resolved,15
4008230,1068909,2068909,02-08-25,Documentation,Call Centre,03-06-25,Resolved,26
4008242,1069029,2069029,4-23-2026,Documentation,Call Centre,05-01-26,Resolved,8
4008287,1069333,2069333,11-16-2025,Documentation,Call Centre,11-28-2025,Resolved,12
4008304,1069510,2069510,7-31-2024,Documentation,Call Centre,08-12-24,Resolved,12
4008335,1069771,2069771,04-02-26,Documentation,Call Centre,4-22-2026,Resolved,20
4008336,1069776,2069776,12-31-2025,Documentation,Call Centre,01-01-26,Resolved,1
4008349,1069887,2069887,2-19-2025,Documentation,Call Centre,2-23-2025,Resolved,4
4008360,1069977,2069977,12-27-2025,Documentation,Call Centre,01-01-26,Resolved,5
4008438,1070710,2070710,09-02-25,Documentation,Call Centre,9-22-2025,Resolved,20
4008496,1071210,2071210,08-10-24,Documentation,Call Centre,8-20-2024,Resolved,10
4008522,1071467,2071467,2-24-2025,Documentation,Call Centre,03-01-25,Resolved,5
4008582,1072067,2072067,04-05-26,Documentation,Call Centre,04-07-26,Resolved,2
4008621,1072379,2072379,6-28-2025,Documentation,Call Centre,7-13-2025,Resolved,15
4008649,1072641,2072641,05-01-25,Documentation,Call Centre,5-14-2025,Resolved,13
4008671,1072822,2072822,06-07-26,Documentation,Call Centre,6-22-2026,Resolved,15
4008721,1073250,2073250,11-03-25,Documentation,Call Centre,11-13-2025,Resolved,10
4008961,1075302,2075302,9-24-2024,Documentation,Call Centre,10-01-24,Resolved,7
4009003,1075593,2075593,11-23-2025,Documentation,Call Centre,12-18-2025,Resolved,25
4009008,1075624,2075624,12-19-2024,Documentation,Call Centre,01-09-25,Resolved,21
4009068,1076085,2076085,10-05-25,Documentation,Call Centre,11-04-25,Resolved,30
4009122,1076468,2076468,6-20-2025,Documentation,Call Centre,7-17-2025,Resolved,27
4009153,1076740,2076740,01-06-26,Documentation,Call Centre,1-20-2026,Resolved,14
4009253,1077537,2077537,9-20-2024,Documentation,Call Centre,9-27-2024,Resolved,7
4009343,1078405,2078405,1-13-2025,Documentation,Call Centre,1-14-2025,Resolved,1
4009391,1078836,2078836,11-29-2024,Documentation,Call Centre,12-24-2024,Resolved,25
4009395,1078880,2078880,9-20-2024,Documentation,Call Centre,9-24-2024,Resolved,4
4009396,1078894,2078894,10-07-25,Documentation,Call Centre,11-01-25,Resolved,25
4009562,1080190,2080190,11-19-2025,Documentation,Call Centre,11-29-2025,Resolved,10
4009576,1080279,2080279,2-18-2025,Documentation,Call Centre,3-17-2025,Resolved,27
4009683,1081090,2081090,3-17-2025,Documentation,Call Centre,04-06-25,Resolved,20
4009756,1081616,2081616,7-30-2025,Documentation,Call Centre,8-26-2025,Resolved,27
4009834,1082244,2082244,05-05-25,Documentation,Call Centre,05-08-25,Resolved,3
4009844,1082309,2082309,5-26-2025,Documentation,Call Centre,6-13-2025,Resolved,18
4009909,1082785,2082785,3-30-2026,Documentation,Call Centre,04-12-26,Resolved,13
4009940,1083151,2083151,10-09-25,Documentation,Call Centre,10-28-2025,Resolved,19
4009953,1083261,2083261,04-09-26,Documentation,Call Centre,05-07-26,Resolved,28
4009968,1083399,2083399,06-03-26,Documentation,Call Centre,06-04-26,Resolved,1
4009970,1083410,2083410,7-30-2025,Documentation,Call Centre,8-24-2025,Resolved,25
4010008,1083740,2083740,09-09-25,Documentation,Call Centre,10-04-25,Resolved,25
4010070,1084235,2084235,10-23-2025,Documentation,Call Centre,11-14-2025,Resolved,22
4010189,1085263,2085263,2-13-2025,Documentation,Call Centre,2-16-2025,Resolved,3
4010199,1085341,2085341,3-26-2026,Documentation,Call Centre,3-31-2026,Resolved,5
4010207,1085424,2085424,10-18-2025,Documentation,Call Centre,10-30-2025,Resolved,12
4010255,1085903,2085903,01-04-25,Documentation,Call Centre,01-08-25,Resolved,4
4010307,1086326,2086326,7-17-2025,Documentation,Call Centre,7-25-2025,Resolved,8
4010333,1086651,2086651,3-22-2025,Documentation,Call Centre,4-19-2025,Resolved,28
4010378,1087047,2087047,4-20-2025,Documentation,Call Centre,5-20-2025,Resolved,30
4010384,1087120,2087120,5-31-2025,Documentation,Call Centre,6-29-2025,Resolved,29
4010562,1088419,2088419,9-16-2025,Documentation,Call Centre,9-23-2025,Resolved,7
4010563,1088420,2088420,12-23-2024,Documentation,Call Centre,1-18-2025,Resolved,26
4010659,1089108,2089108,06-12-25,Documentation,Call Centre,6-18-2025,Resolved,6
4010684,1089358,2089358,10-27-2025,Documentation,Call Centre,11-07-25,Resolved,11
4010718,1089676,2089676,7-21-2025,Documentation,Call Centre,7-31-2025,Resolved,10
4010770,1090107,2090107,12-13-2025,Documentation,Call Centre,12-26-2025,Resolved,13
4010781,1090198,2090198,11-06-24,Documentation,Call Centre,11-07-24,Resolved,1
4010811,1090447,2090447,6-14-2026,Documentation,Call Centre,7-14-2026,Resolved,30
4010848,1090754,2090754,10-16-2024,Documentation,Call Centre,10-23-2024,Resolved,7
4010849,1090768,2090768,10-30-2024,Documentation,Call Centre,11-20-2024,Resolved,21
4010982,1091909,2091909,9-17-2026,Documentation,Call Centre,9-30-2026,Resolved,13
4010984,1091921,2091921,9-16-2025,Documentation,Call Centre,10-02-25,Resolved,16
4011017,1092200,2092200,6-27-2025,Documentation,Call Centre,7-21-2025,Resolved,24
4011033,1092275,2092275,1-27-2025,Documentation,Call Centre,2-22-2025,Resolved,26
4011070,1092510,2092510,2-14-2025,Documentation,Call Centre,2-25-2025,Resolved,11
4011096,1092730,2092730,4-23-2025,Documentation,Call Centre,05-04-25,Resolved,11
4011107,1092831,2092831,10-20-2024,Documentation,Call Centre,10-24-2024,Resolved,4
4011122,1092953,2092953,03-11-25,Documentation,Call Centre,3-24-2025,Resolved,13
4011181,1093489,2093489,6-18-2025,Documentation,Call Centre,07-09-25,Resolved,21
4011241,1093938,2093938,08-02-25,Documentation,Call Centre,8-19-2025,Resolved,17
4011248,1093994,2093994,10-01-24,Documentation,Call Centre,10-05-24,Resolved,4
4011351,1094881,2094881,4-26-2025,Documentation,Call Centre,4-29-2025,Resolved,3
4011463,1095983,2095983,1-20-2026,Documentation,Call Centre,02-09-26,Resolved,20
4011469,1096042,2096042,1-30-2025,Documentation,Call Centre,2-13-2025,Resolved,14
4011530,1096600,2096600,1-27-2026,Documentation,Call Centre,02-06-26,Resolved,10
4011550,1096793,2096793,12-08-24,Documentation,Call Centre,01-03-25,Resolved,26
4011555,1096833,2096833,08-10-25,Documentation,Call Centre,8-30-2025,Resolved,20
4011609,1097327,2097327,04-09-25,Documentation,Call Centre,4-23-2025,Resolved,14
4011616,1097365,2097365,03-02-25,Documentation,Call Centre,3-21-2025,Resolved,19
4011661,1097787,2097787,3-16-2024,Documentation,Call Centre,3-30-2024,Resolved,14
4011688,1098012,2098012,2-15-2025,Documentation,Call Centre,2-25-2025,Resolved,10
4011691,1098025,2098025,12-10-24,Documentation,Call Centre,01-01-25,Resolved,22
4011788,1098723,2098723,12-04-25,Documentation,Call Centre,12-23-2025,Resolved,19
4011857,1099264,2099264,12-18-2024,Documentation,Call Centre,01-02-25,Resolved,15
4011905,1099647,2099647,01-09-25,Documentation,Call Centre,1-15-2025,Resolved,6
4011915,1099688,2099688,03-03-26,Documentation,Call Centre,3-22-2026,Resolved,19
4000022,1000201,2000201,12-28-2024,Claim Delay,Call Centre,01-10-25,Resolved,13
4000044,1000395,2000395,9-19-2025,Claim Delay,Call Centre,9-20-2025,Resolved,1
4000212,1001947,2001947,2-25-2026,Claim Delay,Call Centre,03-04-26,Resolved,7
4000229,1002138,2002138,2-19-2025,Claim Delay,Call Centre,03-03-25,Resolved,12
4000408,1003644,2003644,5-27-2025,Claim Delay,Call Centre,6-15-2025,Resolved,19
4000425,1003803,2003803,08-11-25,Claim Delay,Call Centre,8-31-2025,Resolved,20
4000451,1004026,2004026,04-10-25,Claim Delay,Call Centre,4-28-2025,Resolved,18
4000493,1004323,2004323,02-11-26,Claim Delay,Call Centre,02-12-26,Resolved,1
4000536,1004706,2004706,8-21-2024,Claim Delay,Call Centre,9-20-2024,Resolved,30
4000589,1005207,2005207,5-27-2025,Claim Delay,Call Centre,6-16-2025,Resolved,20
4000701,1006081,2006081,01-02-25,Claim Delay,Call Centre,01-08-25,Resolved,6
4000721,1006256,2006256,02-10-26,Claim Delay,Call Centre,2-14-2026,Resolved,4
4000735,1006396,2006396,2-14-2026,Claim Delay,Call Centre,2-24-2026,Resolved,10
4000823,1007200,2007200,9-20-2024,Claim Delay,Call Centre,10-15-2024,Resolved,25
4000844,1007396,2007396,02-10-26,Claim Delay,Call Centre,2-22-2026,Resolved,12
4000867,1007568,2007568,04-09-25,Claim Delay,Call Centre,04-12-25,Resolved,3
4000881,1007706,2007706,5-17-2024,Claim Delay,Call Centre,06-07-24,Resolved,21
4000921,1008012,2008012,1-27-2026,Claim Delay,Call Centre,02-03-26,Resolved,7
4000928,1008054,2008054,10-05-24,Claim Delay,Call Centre,10-10-24,Resolved,5
4001022,1008769,2008769,10-06-25,Claim Delay,Call Centre,10-24-2025,Resolved,18
4001033,1008835,2008835,3-26-2026,Claim Delay,Call Centre,3-27-2026,Resolved,1
4001055,1009008,2009008,11-16-2025,Claim Delay,Call Centre,12-03-25,Resolved,17
4001064,1009074,2009074,10-10-25,Claim Delay,Call Centre,11-03-25,Resolved,24
4001082,1009230,2009230,2-15-2026,Claim Delay,Call Centre,03-03-26,Resolved,16
4001092,1009303,2009303,04-04-26,Claim Delay,Call Centre,4-30-2026,Resolved,26
4001149,1009744,2009744,10-29-2024,Claim Delay,Call Centre,11-17-2024,Resolved,19
4001151,1009761,2009761,4-13-2025,Claim Delay,Call Centre,05-01-25,Resolved,18
4001167,1009888,2009888,4-13-2026,Claim Delay,Call Centre,05-04-26,Resolved,21
4001214,1010401,2010401,06-04-25,Claim Delay,Call Centre,07-04-25,Resolved,30
4001216,1010424,2010424,11-22-2024,Claim Delay,Call Centre,11-29-2024,Resolved,7
4001226,1010494,2010494,12-03-25,Claim Delay,Call Centre,12-21-2025,Resolved,18
4001249,1010714,2010714,08-07-25,Claim Delay,Call Centre,09-03-25,Resolved,27
4001313,1011212,2011212,1-24-2026,Claim Delay,Call Centre,2-18-2026,Resolved,25
4001331,1011310,2011310,8-19-2026,Claim Delay,Call Centre,8-27-2026,Resolved,8
4001361,1011606,2011606,03-11-26,Claim Delay,Call Centre,04-01-26,Resolved,21
4001603,1013635,2013635,08-04-24,Claim Delay,Call Centre,09-01-24,Resolved,28
4001608,1013660,2013660,09-12-25,Claim Delay,Call Centre,9-22-2025,Resolved,10
4001690,1014315,2014315,4-18-2026,Claim Delay,Call Centre,05-09-26,Resolved,21
4001721,1014575,2014575,8-16-2025,Claim Delay,Call Centre,8-18-2025,Resolved,2
4001851,1015704,2015704,09-05-25,Claim Delay,Call Centre,09-08-25,Resolved,3
4001893,1016129,2016129,10-25-2025,Claim Delay,Call Centre,10-30-2025,Resolved,5
4001895,1016136,2016136,6-13-2025,Claim Delay,Call Centre,6-30-2025,Resolved,17
4001900,1016179,2016179,5-23-2026,Claim Delay,Call Centre,6-16-2026,Resolved,24
4001911,1016232,2016232,01-01-25,Claim Delay,Call Centre,1-23-2025,Resolved,22
4001912,1016234,2016234,04-07-26,Claim Delay,Call Centre,05-07-26,Resolved,30
4001977,1016691,2016691,12-18-2025,Claim Delay,Call Centre,12-30-2025,Resolved,12
4002073,1017508,2017508,8-27-2024,Claim Delay,Call Centre,9-19-2024,Resolved,23
4002086,1017637,2017637,1-29-2026,Claim Delay,Call Centre,2-18-2026,Resolved,20
4002087,1017661,2017661,11-01-25,Claim Delay,Call Centre,11-20-2025,Resolved,19
4002112,1017870,2017870,09-02-25,Claim Delay,Call Centre,9-27-2025,Resolved,25
4002128,1017986,2017986,10-24-2025,Claim Delay,Call Centre,10-30-2025,Resolved,6
4002162,1018295,2018295,4-17-2025,Claim Delay,Call Centre,4-27-2025,Resolved,10
4002237,1019067,2019067,7-22-2024,Claim Delay,Call Centre,08-05-24,Resolved,14
4002455,1020769,2020769,11-29-2025,Claim Delay,Call Centre,12-05-25,Resolved,6
4002582,1021901,2021901,8-13-2025,Claim Delay,Call Centre,8-17-2025,Resolved,4
4002737,1023153,2023153,3-20-2026,Claim Delay,Call Centre,04-05-26,Resolved,16
4002760,1023343,2023343,5-13-2026,Claim Delay,Call Centre,5-22-2026,Resolved,9
4002860,1024019,2024019,7-29-2025,Claim Delay,Call Centre,8-27-2025,Resolved,29
4002865,1024059,2024059,05-12-25,Claim Delay,Call Centre,06-02-25,Resolved,21
4002869,1024112,2024112,10-11-24,Claim Delay,Call Centre,10-31-2024,Resolved,20
4002918,1024608,2024608,08-10-25,Claim Delay,Call Centre,8-15-2025,Resolved,5
4002927,1024663,2024663,06-12-26,Claim Delay,Call Centre,6-19-2026,Resolved,7
4002943,1024843,2024843,02-03-26,Claim Delay,Call Centre,2-15-2026,Resolved,12
4002963,1024998,2024998,03-06-24,Claim Delay,Call Centre,04-04-24,Resolved,29
4002974,1025088,2025088,04-03-24,Claim Delay,Call Centre,04-12-24,Resolved,9
4003020,1025397,2025397,10-29-2025,Claim Delay,Call Centre,11-17-2025,Resolved,19
4003052,1025610,2025610,8-27-2025,Claim Delay,Call Centre,8-29-2025,Resolved,2
4003059,1025686,2025686,3-31-2025,Claim Delay,Call Centre,04-06-25,Resolved,6
4003080,1025852,2025852,1-27-2025,Claim Delay,Call Centre,1-29-2025,Resolved,2
4003082,1025875,2025875,1-26-2026,Claim Delay,Call Centre,1-31-2026,Resolved,5
4003109,1026067,2026067,04-09-26,Claim Delay,Call Centre,4-16-2026,Resolved,7
4003148,1026490,2026490,01-05-26,Claim Delay,Call Centre,1-24-2026,Resolved,19
4003257,1027443,2027443,2-25-2025,Claim Delay,Call Centre,3-20-2025,Resolved,23
4003267,1027503,2027503,10-01-26,Claim Delay,Call Centre,10-03-26,Resolved,2
4003283,1027634,2027634,05-10-26,Claim Delay,Call Centre,5-21-2026,Resolved,11
4003333,1028003,2028003,07-08-24,Claim Delay,Call Centre,08-02-24,Resolved,25
4003337,1028047,2028047,4-23-2025,Claim Delay,Call Centre,05-01-25,Resolved,8
4003360,1028253,2028253,10-15-2025,Claim Delay,Call Centre,10-29-2025,Resolved,14
4003399,1028604,2028604,7-21-2025,Claim Delay,Call Centre,7-28-2025,Resolved,7
4003427,1028870,2028870,01-10-25,Claim Delay,Call Centre,1-29-2025,Resolved,19
4003429,1028886,2028886,01-10-25,Claim Delay,Call Centre,02-06-25,Resolved,27
4003607,1030536,2030536,03-08-26,Claim Delay,Call Centre,04-03-26,Resolved,26
4003622,1030736,2030736,1-19-2025,Claim Delay,Call Centre,1-23-2025,Resolved,4
4003743,1031763,2031763,6-21-2025,Claim Delay,Call Centre,6-29-2025,Resolved,8
4003758,1031895,2031895,9-14-2024,Claim Delay,Call Centre,9-24-2024,Resolved,10
4003759,1031898,2031898,5-26-2024,Claim Delay,Call Centre,6-16-2024,Resolved,21
4003769,1032011,2032011,7-21-2024,Claim Delay,Call Centre,7-23-2024,Resolved,2
4003788,1032166,2032166,08-12-25,Claim Delay,Call Centre,8-28-2025,Resolved,16
4003843,1032632,2032632,11-22-2024,Claim Delay,Call Centre,11-25-2024,Resolved,3
4003844,1032634,2032634,7-20-2025,Claim Delay,Call Centre,08-08-25,Resolved,19
4003853,1032742,2032742,05-02-26,Claim Delay,Call Centre,05-11-26,Resolved,9
4003870,1032921,2032921,1-23-2025,Claim Delay,Call Centre,1-24-2025,Resolved,1
4003903,1033204,2033204,2-19-2025,Claim Delay,Call Centre,2-20-2025,Resolved,1
4003926,1033338,2033338,10-25-2025,Claim Delay,Call Centre,11-13-2025,Resolved,19
4004076,1034459,2034459,3-16-2025,Claim Delay,Call Centre,04-07-25,Resolved,22
4004145,1035059,2035059,10-14-2025,Claim Delay,Call Centre,10-30-2025,Resolved,16
4004160,1035216,2035216,6-25-2025,Claim Delay,Call Centre,7-15-2025,Resolved,20
4004190,1035477,2035477,04-09-25,Claim Delay,Call Centre,4-13-2025,Resolved,4
4004206,1035629,2035629,1-26-2026,Claim Delay,Call Centre,2-14-2026,Resolved,19
4004212,1035668,2035668,11-24-2025,Claim Delay,Call Centre,12-14-2025,Resolved,20
4004312,1036504,2036504,2-27-2026,Claim Delay,Call Centre,03-09-26,Resolved,10
4004325,1036574,2036574,02-09-26,Claim Delay,Call Centre,2-13-2026,Resolved,4
4004330,1036608,2036608,05-12-25,Claim Delay,Call Centre,06-03-25,Resolved,22
4004343,1036721,2036721,02-11-25,Claim Delay,Call Centre,2-25-2025,Resolved,14
4004368,1036897,2036897,07-03-25,Claim Delay,Call Centre,08-02-25,Resolved,30
4004418,1037346,2037346,01-02-25,Claim Delay,Call Centre,1-25-2025,Resolved,23
4004447,1037534,2037534,09-11-25,Claim Delay,Call Centre,9-21-2025,Resolved,10
4004520,1038078,2038078,10-27-2024,Claim Delay,Call Centre,11-19-2024,Resolved,23
4004535,1038167,2038167,12-01-24,Claim Delay,Call Centre,12-25-2024,Resolved,24
4004609,1038682,2038682,5-22-2024,Claim Delay,Call Centre,06-04-24,Resolved,13
4004651,1039038,2039038,4-28-2026,Claim Delay,Call Centre,5-26-2026,Resolved,28
4004662,1039116,2039116,5-29-2025,Claim Delay,Call Centre,06-06-25,Resolved,8
4004664,1039128,2039128,07-03-24,Claim Delay,Call Centre,08-02-24,Resolved,30
4004679,1039236,2039236,1-25-2026,Claim Delay,Call Centre,2-24-2026,Resolved,30
4004695,1039364,2039364,01-09-26,Claim Delay,Call Centre,02-01-26,Resolved,23
4004706,1039487,2039487,4-23-2024,Claim Delay,Call Centre,5-15-2024,Resolved,22
4004740,1039754,2039754,1-23-2026,Claim Delay,Call Centre,1-28-2026,Resolved,5
4004817,1040403,2040403,10-14-2024,Claim Delay,Call Centre,10-17-2024,Resolved,3
4004993,1041915,2041915,10-08-25,Claim Delay,Call Centre,10-27-2025,Resolved,19
4004995,1041921,2041921,03-03-25,Claim Delay,Call Centre,3-25-2025,Resolved,22
4005299,1044609,2044609,6-20-2024,Claim Delay,Call Centre,7-16-2024,Resolved,26
4005362,1045059,2045059,11-08-26,Claim Delay,Call Centre,12-02-26,Resolved,24
4005395,1045408,2045408,1-22-2026,Claim Delay,Call Centre,02-11-26,Resolved,20
4005398,1045431,2045431,3-19-2026,Claim Delay,Call Centre,3-24-2026,Resolved,5
4005421,1045625,2045625,2-16-2025,Claim Delay,Call Centre,03-09-25,Resolved,21
4005422,1045629,2045629,07-10-24,Claim Delay,Call Centre,7-14-2024,Resolved,4
4005477,1046076,2046076,05-08-24,Claim Delay,Call Centre,5-13-2024,Resolved,5
4005479,1046085,2046085,7-15-2024,Claim Delay,Call Centre,08-11-24,Resolved,27
4005486,1046158,2046158,4-29-2025,Claim Delay,Call Centre,5-13-2025,Resolved,14
4005534,1046524,2046524,4-21-2025,Claim Delay,Call Centre,5-20-2025,Resolved,29
4005569,1046903,2046903,3-29-2024,Claim Delay,Call Centre,04-06-24,Resolved,8
4005623,1047406,2047406,08-11-26,Claim Delay,Call Centre,8-20-2026,Resolved,9
4005684,1047970,2047970,02-03-26,Claim Delay,Call Centre,2-26-2026,Resolved,23
4005845,1049351,2049351,08-03-25,Claim Delay,Call Centre,08-10-25,Resolved,7
4005847,1049363,2049363,11-09-25,Claim Delay,Call Centre,11-17-2025,Resolved,8
4005878,1049608,2049608,2-18-2026,Claim Delay,Call Centre,3-20-2026,Resolved,30
4005908,1049814,2049814,12-21-2024,Claim Delay,Call Centre,12-25-2024,Resolved,4
4005913,1049865,2049865,02-09-26,Claim Delay,Call Centre,03-06-26,Resolved,25
4005933,1050072,2050072,10-30-2025,Claim Delay,Call Centre,11-28-2025,Resolved,29
4005954,1050211,2050211,11-19-2024,Claim Delay,Call Centre,11-27-2024,Resolved,8
4005989,1050468,2050468,12-28-2024,Claim Delay,Call Centre,1-24-2025,Resolved,27
4006021,1050781,2050781,2-27-2026,Claim Delay,Call Centre,03-02-26,Resolved,3
4006100,1051561,2051561,04-05-24,Claim Delay,Call Centre,04-07-24,Resolved,2
4006122,1051793,2051793,9-27-2024,Claim Delay,Call Centre,10-27-2024,Resolved,30
4006124,1051848,2051848,03-04-25,Claim Delay,Call Centre,03-10-25,Resolved,6
4006125,1051854,2051854,03-05-25,Claim Delay,Call Centre,03-08-25,Resolved,3
4006166,1052211,2052211,02-12-25,Claim Delay,Call Centre,2-17-2025,Resolved,5
4006218,1052717,2052717,2-27-2025,Claim Delay,Call Centre,03-03-25,Resolved,4
4006313,1053456,2053456,7-13-2024,Claim Delay,Call Centre,08-10-24,Resolved,28
4006384,1054025,2054025,11-11-24,Claim Delay,Call Centre,11-18-2024,Resolved,7
4006410,1054256,2054256,01-07-25,Claim Delay,Call Centre,1-14-2025,Resolved,7
4006429,1054410,2054410,07-06-26,Claim Delay,Call Centre,7-31-2026,Resolved,25
4006466,1054658,2054658,12-11-24,Claim Delay,Call Centre,12-16-2024,Resolved,5
4006475,1054762,2054762,10-15-2024,Claim Delay,Call Centre,11-10-24,Resolved,26
4006487,1054854,2054854,9-22-2024,Claim Delay,Call Centre,10-11-24,Resolved,19
4006523,1055175,2055175,7-17-2025,Claim Delay,Call Centre,7-22-2025,Resolved,5
4006583,1055654,2055654,8-24-2026,Claim Delay,Call Centre,9-17-2026,Resolved,24
4006585,1055687,2055687,9-27-2026,Claim Delay,Call Centre,10-07-26,Resolved,10
4006610,1055856,2055856,9-27-2025,Claim Delay,Call Centre,10-01-25,Resolved,4
4006622,1055926,2055926,5-23-2025,Claim Delay,Call Centre,5-29-2025,Resolved,6
4006624,1055947,2055947,4-22-2024,Claim Delay,Call Centre,4-23-2024,Resolved,1
4006637,1056045,2056045,06-01-25,Claim Delay,Call Centre,6-17-2025,Resolved,16
4006655,1056243,2056243,09-09-25,Claim Delay,Call Centre,9-14-2025,Resolved,5
4006667,1056316,2056316,5-13-2025,Claim Delay,Call Centre,06-02-25,Resolved,20
4006676,1056413,2056413,11-10-24,Claim Delay,Call Centre,11-17-2024,Resolved,7
4006690,1056528,2056528,2-23-2025,Claim Delay,Call Centre,3-23-2025,Resolved,28
4006723,1056753,2056753,9-27-2025,Claim Delay,Call Centre,10-09-25,Resolved,12
4006790,1057231,2057231,6-13-2026,Claim Delay,Call Centre,6-20-2026,Resolved,7
4006839,1057583,2057583,5-18-2024,Claim Delay,Call Centre,5-21-2024,Resolved,3
4006842,1057593,2057593,10-15-2024,Claim Delay,Call Centre,11-02-24,Resolved,18
4006869,1057823,2057823,12-23-2024,Claim Delay,Call Centre,1-17-2025,Resolved,25
4006871,1057833,2057833,1-25-2026,Claim Delay,Call Centre,1-28-2026,Resolved,3
4006881,1057886,2057886,08-03-24,Claim Delay,Call Centre,8-21-2024,Resolved,18
4007010,1058959,2058959,12-26-2024,Claim Delay,Call Centre,1-20-2025,Resolved,25
4007022,1059059,2059059,1-19-2025,Claim Delay,Call Centre,1-29-2025,Resolved,10
4007060,1059336,2059336,11-22-2024,Claim Delay,Call Centre,11-29-2024,Resolved,7
4007164,1060112,2060112,09-10-25,Claim Delay,Call Centre,10-04-25,Resolved,24
4007205,1060427,2060427,01-07-26,Claim Delay,Call Centre,1-14-2026,Resolved,7
4007226,1060598,2060598,5-24-2025,Claim Delay,Call Centre,06-05-25,Resolved,12
4007303,1061169,2061169,6-28-2025,Claim Delay,Call Centre,07-10-25,Resolved,12
4007311,1061262,2061262,10-22-2025,Claim Delay,Call Centre,11-19-2025,Resolved,28
4007316,1061308,2061308,4-18-2025,Claim Delay,Call Centre,4-21-2025,Resolved,3
4007353,1061624,2061624,04-11-24,Claim Delay,Call Centre,05-05-24,Resolved,24
4007355,1061633,2061633,05-08-25,Claim Delay,Call Centre,5-18-2025,Resolved,10
4007505,1062901,2062901,4-22-2025,Claim Delay,Call Centre,4-23-2025,Resolved,1
4007532,1063181,2063181,2-24-2026,Claim Delay,Call Centre,03-05-26,Resolved,9
4007584,1063617,2063617,8-31-2024,Claim Delay,Call Centre,9-15-2024,Resolved,15
4007634,1063972,2063972,12-26-2024,Claim Delay,Call Centre,01-01-25,Resolved,6
4007635,1063990,2063990,04-07-25,Claim Delay,Call Centre,4-13-2025,Resolved,6
4007760,1065024,2065024,11-05-26,Claim Delay,Call Centre,12-04-26,Resolved,29
4007980,1066778,2066778,5-21-2025,Claim Delay,Call Centre,5-24-2025,Resolved,3
4007984,1066826,2066826,6-13-2024,Claim Delay,Call Centre,7-13-2024,Resolved,30
4008173,1068381,2068381,05-09-24,Claim Delay,Call Centre,5-19-2024,Resolved,10
4008238,1068997,2068997,3-17-2025,Claim Delay,Call Centre,3-19-2025,Resolved,2
4008248,1069070,2069070,06-08-26,Claim Delay,Call Centre,6-21-2026,Resolved,13
4008273,1069259,2069259,8-26-2025,Claim Delay,Call Centre,9-20-2025,Resolved,25
4008330,1069699,2069699,1-16-2025,Claim Delay,Call Centre,2-13-2025,Resolved,28
4008472,1071014,2071014,6-21-2026,Claim Delay,Call Centre,07-11-26,Resolved,20
4008481,1071095,2071095,11-28-2024,Claim Delay,Call Centre,12-06-24,Resolved,8
4008534,1071581,2071581,1-29-2026,Claim Delay,Call Centre,02-03-26,Resolved,5
4008539,1071608,2071608,07-03-25,Claim Delay,Call Centre,07-08-25,Resolved,5
4008550,1071734,2071734,9-14-2024,Claim Delay,Call Centre,10-05-24,Resolved,21
4008645,1072612,2072612,1-22-2025,Claim Delay,Call Centre,02-01-25,Resolved,10
4008661,1072735,2072735,7-29-2026,Claim Delay,Call Centre,08-01-26,Resolved,3
4008670,1072818,2072818,3-20-2025,Claim Delay,Call Centre,3-29-2025,Resolved,9
4008708,1073130,2073130,2-18-2026,Claim Delay,Call Centre,03-05-26,Resolved,15
4008734,1073342,2073342,12-27-2025,Claim Delay,Call Centre,1-13-2026,Resolved,17
4008746,1073446,2073446,10-27-2025,Claim Delay,Call Centre,11-23-2025,Resolved,27
4008844,1074296,2074296,1-14-2025,Claim Delay,Call Centre,1-28-2025,Resolved,14
4009284,1077901,2077901,1-13-2026,Claim Delay,Call Centre,02-10-26,Resolved,28
4009328,1078292,2078292,06-03-26,Claim Delay,Call Centre,6-22-2026,Resolved,19
4009356,1078518,2078518,01-10-26,Claim Delay,Call Centre,1-15-2026,Resolved,5
4009406,1078975,2078975,4-16-2026,Claim Delay,Call Centre,05-10-26,Resolved,24
4009414,1079029,2079029,11-03-26,Claim Delay,Call Centre,11-21-2026,Resolved,18
4009439,1079231,2079231,8-18-2026,Claim Delay,Call Centre,09-06-26,Resolved,19
4009570,1080243,2080243,12-10-24,Claim Delay,Call Centre,12-23-2024,Resolved,13
4009636,1080744,2080744,9-29-2024,Claim Delay,Call Centre,10-09-24,Resolved,10
4009733,1081443,2081443,1-17-2026,Claim Delay,Call Centre,1-20-2026,Resolved,3
4009736,1081462,2081462,01-12-25,Claim Delay,Call Centre,1-17-2025,Resolved,5
4009786,1081848,2081848,12-26-2024,Claim Delay,Call Centre,1-17-2025,Resolved,22
4009833,1082242,2082242,01-04-25,Claim Delay,Call Centre,1-28-2025,Resolved,24
4009913,1082851,2082851,12-07-25,Claim Delay,Call Centre,01-02-26,Resolved,26
4009918,1082931,2082931,03-07-25,Claim Delay,Call Centre,3-28-2025,Resolved,21
4010013,1083773,2083773,4-17-2026,Claim Delay,Call Centre,5-17-2026,Resolved,30
4010026,1083846,2083846,1-23-2026,Claim Delay,Call Centre,1-27-2026,Resolved,4
4010130,1084743,2084743,8-14-2024,Claim Delay,Call Centre,8-17-2024,Resolved,3
4010131,1084772,2084772,07-01-26,Claim Delay,Call Centre,07-02-26,Resolved,1
4010194,1085288,2085288,9-18-2024,Claim Delay,Call Centre,10-13-2024,Resolved,25
4010241,1085755,2085755,1-28-2025,Claim Delay,Call Centre,1-30-2025,Resolved,2
4010266,1086009,2086009,12-04-24,Claim Delay,Call Centre,12-23-2024,Resolved,19
4010292,1086212,2086212,12-06-24,Claim Delay,Call Centre,12-16-2024,Resolved,10
4010314,1086404,2086404,6-27-2024,Claim Delay,Call Centre,7-19-2024,Resolved,22
4010319,1086487,2086487,01-10-25,Claim Delay,Call Centre,1-28-2025,Resolved,18
4010541,1088284,2088284,02-09-25,Claim Delay,Call Centre,02-10-25,Resolved,1
4010582,1088568,2088568,7-13-2025,Claim Delay,Call Centre,7-17-2025,Resolved,4
4010628,1088843,2088843,5-16-2026,Claim Delay,Call Centre,5-20-2026,Resolved,4
4010689,1089398,2089398,10-27-2026,Claim Delay,Call Centre,11-25-2026,Resolved,29
4010709,1089580,2089580,8-21-2024,Claim Delay,Call Centre,8-30-2024,Resolved,9
4010748,1089911,2089911,05-05-26,Claim Delay,Call Centre,5-14-2026,Resolved,9
4010761,1090038,2090038,10-25-2024,Claim Delay,Call Centre,11-16-2024,Resolved,22
4010817,1090497,2090497,4-28-2025,Claim Delay,Call Centre,5-22-2025,Resolved,24
4010840,1090707,2090707,5-21-2024,Claim Delay,Call Centre,06-07-24,Resolved,17
4010862,1090827,2090827,11-01-25,Claim Delay,Call Centre,11-29-2025,Resolved,28
4010874,1090925,2090925,03-06-24,Claim Delay,Call Centre,03-11-24,Resolved,5
4010888,1091028,2091028,7-30-2025,Claim Delay,Call Centre,8-13-2025,Resolved,14
4010889,1091030,2091030,5-26-2025,Claim Delay,Call Centre,06-08-25,Resolved,13
4010892,1091046,2091046,10-01-24,Claim Delay,Call Centre,10-10-24,Resolved,9
4010959,1091705,2091705,06-10-24,Claim Delay,Call Centre,6-28-2024,Resolved,18
4010981,1091906,2091906,1-30-2026,Claim Delay,Call Centre,02-04-26,Resolved,5
4011040,1092314,2092314,02-08-25,Claim Delay,Call Centre,2-15-2025,Resolved,7
4011044,1092341,2092341,10-07-24,Claim Delay,Call Centre,10-18-2024,Resolved,11
4011046,1092345,2092345,07-12-25,Claim Delay,Call Centre,08-03-25,Resolved,22
4011050,1092368,2092368,6-15-2026,Claim Delay,Call Centre,6-24-2026,Resolved,9
4011104,1092799,2092799,11-28-2024,Claim Delay,Call Centre,12-25-2024,Resolved,27
4011228,1093826,2093826,09-08-25,Claim Delay,Call Centre,09-10-25,Resolved,2
4011259,1094078,2094078,05-03-24,Claim Delay,Call Centre,5-23-2024,Resolved,20
4011349,1094869,2094869,12-31-2024,Claim Delay,Call Centre,01-12-25,Resolved,12
4011393,1095335,2095335,1-13-2026,Claim Delay,Call Centre,02-04-26,Resolved,22
4011396,1095374,2095374,03-01-25,Claim Delay,Call Centre,3-24-2025,Resolved,23
4011417,1095547,2095547,12-19-2024,Claim Delay,Call Centre,1-14-2025,Resolved,26
4011451,1095838,2095838,9-23-2026,Claim Delay,Call Centre,10-05-26,Resolved,12
4011465,1096026,2096026,9-27-2025,Claim Delay,Call Centre,10-03-25,Resolved,6
4011489,1096216,2096216,3-15-2025,Claim Delay,Call Centre,3-17-2025,Resolved,2
4011496,1096254,2096254,12-27-2024,Claim Delay,Call Centre,1-14-2025,Resolved,18
4011694,1098049,2098049,7-15-2025,Claim Delay,Call Centre,7-23-2025,Resolved,8
4011733,1098311,2098311,7-24-2026,Claim Delay,Call Centre,08-12-26,Resolved,19
4011804,1098839,2098839,1-19-2025,Claim Delay,Call Centre,02-02-25,Resolved,14
4011815,1098916,2098916,12-08-25,Claim Delay,Call Centre,12-24-2025,Resolved,16
4011839,1099128,2099128,02-06-26,Claim Delay,Call Centre,02-09-26,Resolved,3
4011912,1099680,2099680,5-22-2025,Claim Delay,Call Centre,6-21-2025,Resolved,30
4011942,1099898,2099898,10-20-2025,Claim Delay,Call Centre,11-03-25,Resolved,14
4011950,1099978,2099978,06-05-25,Claim Delay,Call Centre,07-01-25,Resolved,26
4000046,1000414,2000414,12-10-24,Agent Behaviour,Call Centre,12-17-2024,Resolved,7
4000060,1000546,2000546,11-23-2025,Agent Behaviour,Call Centre,12-21-2025,Resolved,28
4000150,1001364,2001364,01-09-25,Agent Behaviour,Call Centre,01-12-25,Resolved,3
4000164,1001495,2001495,12-14-2024,Agent Behaviour,Call Centre,01-08-25,Resolved,25
4000189,1001730,2001730,06-01-24,Agent Behaviour,Call Centre,6-16-2024,Resolved,15
4000244,1002312,2002312,06-10-25,Agent Behaviour,Call Centre,07-10-25,Resolved,30
4000270,1002508,2002508,04-10-26,Agent Behaviour,Call Centre,4-23-2026,Resolved,13
4000297,1002746,2002746,4-19-2026,Agent Behaviour,Call Centre,5-18-2026,Resolved,29
4000308,1002835,2002835,4-26-2025,Agent Behaviour,Call Centre,05-10-25,Resolved,14
4000327,1002933,2002933,12-18-2024,Agent Behaviour,Call Centre,12-27-2024,Resolved,9
4000442,1003950,2003950,10-26-2024,Agent Behaviour,Call Centre,11-03-24,Resolved,8
4000534,1004695,2004695,12-29-2024,Agent Behaviour,Call Centre,1-13-2025,Resolved,15
4000551,1004831,2004831,7-21-2024,Agent Behaviour,Call Centre,8-17-2024,Resolved,27
4000555,1004853,2004853,1-13-2025,Agent Behaviour,Call Centre,02-11-25,Resolved,29
4000582,1005126,2005126,9-15-2024,Agent Behaviour,Call Centre,10-06-24,Resolved,21
4000586,1005159,2005159,1-13-2025,Agent Behaviour,Call Centre,02-01-25,Resolved,19
4000607,1005312,2005312,7-17-2024,Agent Behaviour,Call Centre,08-07-24,Resolved,21
4000613,1005376,2005376,05-05-26,Agent Behaviour,Call Centre,05-10-26,Resolved,5
4000641,1005606,2005606,5-31-2026,Agent Behaviour,Call Centre,06-12-26,Resolved,12
4000679,1005934,2005934,1-17-2025,Agent Behaviour,Call Centre,02-01-25,Resolved,15
4000691,1006007,2006007,9-17-2025,Agent Behaviour,Call Centre,9-26-2025,Resolved,9
4000712,1006181,2006181,04-01-26,Agent Behaviour,Call Centre,04-12-26,Resolved,11
4000719,1006246,2006246,10-12-24,Agent Behaviour,Call Centre,10-24-2024,Resolved,12
4000720,1006254,2006254,8-26-2025,Agent Behaviour,Call Centre,9-15-2025,Resolved,20
4000845,1007416,2007416,2-13-2026,Agent Behaviour,Call Centre,03-12-26,Resolved,27
4000913,1007964,2007964,12-07-24,Agent Behaviour,Call Centre,12-10-24,Resolved,3
4000940,1008142,2008142,10-13-2025,Agent Behaviour,Call Centre,10-21-2025,Resolved,8
4000944,1008159,2008159,1-19-2025,Agent Behaviour,Call Centre,2-16-2025,Resolved,28
4001015,1008718,2008718,7-24-2024,Agent Behaviour,Call Centre,8-15-2024,Resolved,22
4001124,1009537,2009537,03-03-25,Agent Behaviour,Call Centre,3-30-2025,Resolved,27
4001128,1009556,2009556,11-07-24,Agent Behaviour,Call Centre,12-03-24,Resolved,26
4001146,1009725,2009725,5-28-2025,Agent Behaviour,Call Centre,06-09-25,Resolved,12
4001185,1010113,2010113,4-21-2025,Agent Behaviour,Call Centre,4-25-2025,Resolved,4
4001227,1010496,2010496,06-01-25,Agent Behaviour,Call Centre,6-17-2025,Resolved,16
4001408,1011965,2011965,8-18-2024,Agent Behaviour,Call Centre,8-27-2024,Resolved,9
4001490,1012685,2012685,5-19-2025,Agent Behaviour,Call Centre,6-13-2025,Resolved,25
4001817,1015430,2015430,4-23-2026,Agent Behaviour,Call Centre,4-28-2026,Resolved,5
4001823,1015477,2015477,2-25-2026,Agent Behaviour,Call Centre,3-24-2026,Resolved,27
4001914,1016240,2016240,2-24-2026,Agent Behaviour,Call Centre,3-15-2026,Resolved,19
4002065,1017456,2017456,9-17-2025,Agent Behaviour,Call Centre,10-08-25,Resolved,21
4002071,1017484,2017484,1-15-2025,Agent Behaviour,Call Centre,1-18-2025,Resolved,3
4002357,1020030,2020030,02-05-26,Agent Behaviour,Call Centre,03-04-26,Resolved,27
4002398,1020357,2020357,12-26-2025,Agent Behaviour,Call Centre,1-16-2026,Resolved,21
4002405,1020393,2020393,5-23-2025,Agent Behaviour,Call Centre,6-20-2025,Resolved,28
4002418,1020471,2020471,9-25-2024,Agent Behaviour,Call Centre,9-27-2024,Resolved,2
4002430,1020572,2020572,07-02-26,Agent Behaviour,Call Centre,7-16-2026,Resolved,14
4002441,1020659,2020659,1-29-2025,Agent Behaviour,Call Centre,2-28-2025,Resolved,30
4002458,1020789,2020789,02-07-26,Agent Behaviour,Call Centre,2-17-2026,Resolved,10
4002484,1020984,2020984,08-01-24,Agent Behaviour,Call Centre,8-15-2024,Resolved,14
4002497,1021136,2021136,05-12-24,Agent Behaviour,Call Centre,5-26-2024,Resolved,14
4002508,1021214,2021214,1-22-2025,Agent Behaviour,Call Centre,2-19-2025,Resolved,28
4002581,1021900,2021900,10-01-25,Agent Behaviour,Call Centre,10-23-2025,Resolved,22
4002616,1022246,2022246,9-27-2025,Agent Behaviour,Call Centre,10-05-25,Resolved,8
4002627,1022311,2022311,4-20-2025,Agent Behaviour,Call Centre,05-09-25,Resolved,19
4002664,1022618,2022618,7-18-2025,Agent Behaviour,Call Centre,08-11-25,Resolved,24
4002765,1023372,2023372,12-05-25,Agent Behaviour,Call Centre,12-22-2025,Resolved,17
4002846,1023946,2023946,8-23-2025,Agent Behaviour,Call Centre,09-08-25,Resolved,16
4002847,1023947,2023947,2-13-2025,Agent Behaviour,Call Centre,3-14-2025,Resolved,29
4002878,1024190,2024190,01-07-25,Agent Behaviour,Call Centre,1-21-2025,Resolved,14
4002883,1024232,2024232,06-10-25,Agent Behaviour,Call Centre,6-29-2025,Resolved,19
4002903,1024432,2024432,11-02-25,Agent Behaviour,Call Centre,12-02-25,Resolved,30
4002904,1024442,2024442,8-25-2025,Agent Behaviour,Call Centre,9-16-2025,Resolved,22
4002951,1024883,2024883,12-11-25,Agent Behaviour,Call Centre,12-17-2025,Resolved,6
4003076,1025822,2025822,10-17-2026,Agent Behaviour,Call Centre,11-16-2026,Resolved,30
4003086,1025899,2025899,06-02-25,Agent Behaviour,Call Centre,6-17-2025,Resolved,15
4003099,1026022,2026022,10-03-24,Agent Behaviour,Call Centre,10-13-2024,Resolved,10
4003168,1026676,2026676,5-25-2026,Agent Behaviour,Call Centre,6-17-2026,Resolved,23
4003181,1026766,2026766,02-10-25,Agent Behaviour,Call Centre,03-02-25,Resolved,20
4003282,1027626,2027626,05-01-26,Agent Behaviour,Call Centre,05-07-26,Resolved,6
4003302,1027760,2027760,01-09-26,Agent Behaviour,Call Centre,02-07-26,Resolved,29
4003331,1027992,2027992,08-07-25,Agent Behaviour,Call Centre,08-08-25,Resolved,1
4003367,1028320,2028320,6-20-2025,Agent Behaviour,Call Centre,6-22-2025,Resolved,2
4003380,1028450,2028450,3-31-2026,Agent Behaviour,Call Centre,4-28-2026,Resolved,28
4003398,1028602,2028602,05-02-26,Agent Behaviour,Call Centre,5-31-2026,Resolved,29
4003407,1028680,2028680,10-14-2024,Agent Behaviour,Call Centre,11-05-24,Resolved,22
4003442,1028974,2028974,04-11-25,Agent Behaviour,Call Centre,05-06-25,Resolved,25
4003538,1029939,2029939,4-30-2025,Agent Behaviour,Call Centre,05-08-25,Resolved,8
4003557,1030134,2030134,12-23-2024,Agent Behaviour,Call Centre,12-30-2024,Resolved,7
4003629,1030814,2030814,12-24-2024,Agent Behaviour,Call Centre,01-11-25,Resolved,18
4003729,1031641,2031641,5-13-2025,Agent Behaviour,Call Centre,5-22-2025,Resolved,9
4003862,1032827,2032827,10-26-2025,Agent Behaviour,Call Centre,10-29-2025,Resolved,3
4003925,1033332,2033332,2-23-2025,Agent Behaviour,Call Centre,03-09-25,Resolved,14
4004080,1034473,2034473,12-22-2025,Agent Behaviour,Call Centre,1-20-2026,Resolved,29
4004088,1034539,2034539,4-29-2026,Agent Behaviour,Call Centre,5-14-2026,Resolved,15
4004107,1034743,2034743,05-08-24,Agent Behaviour,Call Centre,06-06-24,Resolved,29
4004283,1036242,2036242,5-19-2026,Agent Behaviour,Call Centre,5-29-2026,Resolved,10
4004328,1036588,2036588,05-07-25,Agent Behaviour,Call Centre,06-01-25,Resolved,25
4004384,1037036,2037036,07-10-24,Agent Behaviour,Call Centre,08-02-24,Resolved,23
4004436,1037451,2037451,11-11-25,Agent Behaviour,Call Centre,12-07-25,Resolved,26
4004443,1037506,2037506,12-01-25,Agent Behaviour,Call Centre,12-14-2025,Resolved,13
4004462,1037634,2037634,4-28-2024,Agent Behaviour,Call Centre,05-10-24,Resolved,12
4004502,1037946,2037946,7-27-2025,Agent Behaviour,Call Centre,8-19-2025,Resolved,23
4004574,1038383,2038383,9-22-2025,Agent Behaviour,Call Centre,9-24-2025,Resolved,2
4004622,1038771,2038771,10-31-2025,Agent Behaviour,Call Centre,11-10-25,Resolved,10
4004644,1038963,2038963,07-06-26,Agent Behaviour,Call Centre,07-11-26,Resolved,5
4004652,1039040,2039040,04-07-25,Agent Behaviour,Call Centre,4-18-2025,Resolved,11
4004723,1039640,2039640,6-25-2025,Agent Behaviour,Call Centre,6-27-2025,Resolved,2
4004724,1039653,2039653,06-02-24,Agent Behaviour,Call Centre,06-10-24,Resolved,8
4004728,1039665,2039665,07-02-25,Agent Behaviour,Call Centre,07-12-25,Resolved,10
4004737,1039717,2039717,09-01-24,Agent Behaviour,Call Centre,9-13-2024,Resolved,12
4004751,1039805,2039805,5-15-2025,Agent Behaviour,Call Centre,06-06-25,Resolved,22
4004767,1039993,2039993,2-22-2025,Agent Behaviour,Call Centre,03-12-25,Resolved,18
4004790,1040176,2040176,8-20-2024,Agent Behaviour,Call Centre,8-24-2024,Resolved,4
4004952,1041594,2041594,05-02-26,Agent Behaviour,Call Centre,5-30-2026,Resolved,28
4004992,1041910,2041910,10-12-25,Agent Behaviour,Call Centre,11-10-25,Resolved,29
4005033,1042313,2042313,02-06-25,Agent Behaviour,Call Centre,2-28-2025,Resolved,22
4005052,1042484,2042484,12-07-26,Agent Behaviour,Call Centre,12-29-2026,Resolved,22
4005149,1043280,2043280,8-27-2024,Agent Behaviour,Call Centre,8-31-2024,Resolved,4
4005154,1043332,2043332,3-23-2025,Agent Behaviour,Call Centre,3-29-2025,Resolved,6
4005189,1043636,2043636,12-19-2025,Agent Behaviour,Call Centre,1-18-2026,Resolved,30
4005192,1043650,2043650,09-06-25,Agent Behaviour,Call Centre,9-30-2025,Resolved,24
4005256,1044230,2044230,04-11-25,Agent Behaviour,Call Centre,05-03-25,Resolved,22
4005370,1045156,2045156,11-01-24,Agent Behaviour,Call Centre,11-06-24,Resolved,5
4005387,1045356,2045356,4-18-2026,Agent Behaviour,Call Centre,05-05-26,Resolved,17
4005407,1045500,2045500,11-11-25,Agent Behaviour,Call Centre,12-02-25,Resolved,21
4005445,1045809,2045809,5-21-2026,Agent Behaviour,Call Centre,5-25-2026,Resolved,4
4005475,1046057,2046057,4-25-2025,Agent Behaviour,Call Centre,4-26-2025,Resolved,1
4005502,1046292,2046292,07-02-25,Agent Behaviour,Call Centre,07-10-25,Resolved,8
4005533,1046521,2046521,07-02-24,Agent Behaviour,Call Centre,07-04-24,Resolved,2
4005631,1047499,2047499,04-12-25,Agent Behaviour,Call Centre,4-17-2025,Resolved,5
4005655,1047706,2047706,01-11-26,Agent Behaviour,Call Centre,1-21-2026,Resolved,10
4005713,1048218,2048218,9-21-2026,Agent Behaviour,Call Centre,10-17-2026,Resolved,26
4005746,1048471,2048471,05-08-25,Agent Behaviour,Call Centre,5-20-2025,Resolved,12
4005836,1049248,2049248,04-02-26,Agent Behaviour,Call Centre,4-16-2026,Resolved,14
4005911,1049847,2049847,06-11-25,Agent Behaviour,Call Centre,07-02-25,Resolved,21
4005944,1050146,2050146,5-17-2025,Agent Behaviour,Call Centre,06-09-25,Resolved,23
4005960,1050234,2050234,5-31-2024,Agent Behaviour,Call Centre,06-02-24,Resolved,2
4006035,1050958,2050958,5-23-2026,Agent Behaviour,Call Centre,06-08-26,Resolved,16
4006040,1050995,2050995,06-03-25,Agent Behaviour,Call Centre,06-04-25,Resolved,1
4006141,1051997,2051997,01-05-26,Agent Behaviour,Call Centre,1-13-2026,Resolved,8
4006156,1052109,2052109,06-07-25,Agent Behaviour,Call Centre,06-10-25,Resolved,3
4006211,1052630,2052630,05-08-24,Agent Behaviour,Call Centre,5-24-2024,Resolved,16
4006242,1052945,2052945,09-12-25,Agent Behaviour,Call Centre,9-14-2025,Resolved,2
4006275,1053168,2053168,10-05-25,Agent Behaviour,Call Centre,10-12-25,Resolved,7
4006414,1054287,2054287,3-18-2025,Agent Behaviour,Call Centre,04-09-25,Resolved,22
4006439,1054461,2054461,04-06-24,Agent Behaviour,Call Centre,04-09-24,Resolved,3
4006452,1054543,2054543,11-11-24,Agent Behaviour,Call Centre,12-04-24,Resolved,23
4006470,1054670,2054670,11-20-2024,Agent Behaviour,Call Centre,12-10-24,Resolved,20
4006592,1055727,2055727,12-31-2025,Agent Behaviour,Call Centre,1-23-2026,Resolved,23
4006642,1056099,2056099,07-09-26,Agent Behaviour,Call Centre,08-04-26,Resolved,26
4006715,1056698,2056698,08-06-24,Agent Behaviour,Call Centre,08-12-24,Resolved,6
4006838,1057572,2057572,8-27-2024,Agent Behaviour,Call Centre,09-08-24,Resolved,12
4006873,1057841,2057841,11-12-24,Agent Behaviour,Call Centre,11-25-2024,Resolved,13
4006878,1057870,2057870,12-27-2025,Agent Behaviour,Call Centre,12-28-2025,Resolved,1
4006900,1058038,2058038,6-26-2025,Agent Behaviour,Call Centre,7-23-2025,Resolved,27
4006903,1058057,2058057,08-08-25,Agent Behaviour,Call Centre,8-28-2025,Resolved,20
4006921,1058174,2058174,5-31-2026,Agent Behaviour,Call Centre,06-05-26,Resolved,5
4007033,1059143,2059143,5-20-2025,Agent Behaviour,Call Centre,06-05-25,Resolved,16
4007108,1059735,2059735,10-27-2025,Agent Behaviour,Call Centre,11-13-2025,Resolved,17
4007116,1059767,2059767,7-27-2025,Agent Behaviour,Call Centre,8-21-2025,Resolved,25
4007117,1059773,2059773,11-16-2024,Agent Behaviour,Call Centre,11-18-2024,Resolved,2
4007123,1059803,2059803,10-15-2024,Agent Behaviour,Call Centre,10-27-2024,Resolved,12
4007132,1059872,2059872,3-26-2026,Agent Behaviour,Call Centre,04-02-26,Resolved,7
4007230,1060616,2060616,6-24-2024,Agent Behaviour,Call Centre,7-22-2024,Resolved,28
4007269,1060930,2060930,5-15-2025,Agent Behaviour,Call Centre,5-16-2025,Resolved,1
4007292,1061114,2061114,8-30-2025,Agent Behaviour,Call Centre,9-26-2025,Resolved,27
4007304,1061180,2061180,10-20-2025,Agent Behaviour,Call Centre,11-16-2025,Resolved,27
4007328,1061385,2061385,06-08-25,Agent Behaviour,Call Centre,6-19-2025,Resolved,11
4007332,1061404,2061404,02-09-26,Agent Behaviour,Call Centre,03-02-26,Resolved,21
4007372,1061768,2061768,4-19-2025,Agent Behaviour,Call Centre,4-26-2025,Resolved,7
4007441,1062309,2062309,02-11-25,Agent Behaviour,Call Centre,2-25-2025,Resolved,14
4007446,1062349,2062349,1-28-2025,Agent Behaviour,Call Centre,2-21-2025,Resolved,24
4007510,1062954,2062954,09-03-25,Agent Behaviour,Call Centre,9-25-2025,Resolved,22
4007531,1063162,2063162,4-17-2025,Agent Behaviour,Call Centre,4-27-2025,Resolved,10
4007538,1063246,2063246,03-12-25,Agent Behaviour,Call Centre,3-29-2025,Resolved,17
4007556,1063423,2063423,08-09-24,Agent Behaviour,Call Centre,8-13-2024,Resolved,4
4007564,1063505,2063505,1-18-2026,Agent Behaviour,Call Centre,1-28-2026,Resolved,10
4007583,1063616,2063616,11-03-26,Agent Behaviour,Call Centre,11-18-2026,Resolved,15
4007631,1063957,2063957,05-10-25,Agent Behaviour,Call Centre,5-14-2025,Resolved,4
4007641,1064046,2064046,6-21-2026,Agent Behaviour,Call Centre,7-21-2026,Resolved,30
4007650,1064087,2064087,9-19-2025,Agent Behaviour,Call Centre,9-24-2025,Resolved,5
4007662,1064230,2064230,11-12-24,Agent Behaviour,Call Centre,11-24-2024,Resolved,12
4007739,1064861,2064861,12-30-2025,Agent Behaviour,Call Centre,01-01-26,Resolved,2
4007753,1064946,2064946,11-03-26,Agent Behaviour,Call Centre,11-29-2026,Resolved,26
4007754,1064949,2064949,05-02-24,Agent Behaviour,Call Centre,5-27-2024,Resolved,25
4007940,1066449,2066449,5-14-2024,Agent Behaviour,Call Centre,6-13-2024,Resolved,30
4007976,1066760,2066760,10-15-2024,Agent Behaviour,Call Centre,10-30-2024,Resolved,15
4008007,1066998,2066998,9-25-2025,Agent Behaviour,Call Centre,9-27-2025,Resolved,2
4008012,1067035,2067035,06-04-25,Agent Behaviour,Call Centre,07-03-25,Resolved,29
4008053,1067362,2067362,03-11-26,Agent Behaviour,Call Centre,04-04-26,Resolved,24
4008058,1067381,2067381,2-27-2026,Agent Behaviour,Call Centre,3-18-2026,Resolved,19
4008144,1068163,2068163,3-16-2026,Agent Behaviour,Call Centre,3-28-2026,Resolved,12
4008180,1068423,2068423,06-01-25,Agent Behaviour,Call Centre,6-13-2025,Resolved,12
4008276,1069276,2069276,11-26-2024,Agent Behaviour,Call Centre,12-06-24,Resolved,10
4008440,1070721,2070721,8-31-2025,Agent Behaviour,Call Centre,9-18-2025,Resolved,18
4008474,1071040,2071040,6-21-2025,Agent Behaviour,Call Centre,7-14-2025,Resolved,23
4008475,1071069,2071069,03-07-24,Agent Behaviour,Call Centre,3-29-2024,Resolved,22
4008488,1071150,2071150,9-22-2024,Agent Behaviour,Call Centre,10-09-24,Resolved,17
4008497,1071226,2071226,7-21-2025,Agent Behaviour,Call Centre,8-17-2025,Resolved,27
4008606,1072221,2072221,1-28-2025,Agent Behaviour,Call Centre,02-02-25,Resolved,5
4008679,1072877,2072877,11-25-2025,Agent Behaviour,Call Centre,12-02-25,Resolved,7
4008730,1073301,2073301,7-15-2025,Agent Behaviour,Call Centre,08-08-25,Resolved,24
4008756,1073509,2073509,12-03-24,Agent Behaviour,Call Centre,12-19-2024,Resolved,16
4008812,1073968,2073968,8-18-2025,Agent Behaviour,Call Centre,09-06-25,Resolved,19
4008881,1074589,2074589,02-04-26,Agent Behaviour,Call Centre,2-19-2026,Resolved,15
4008919,1074975,2074975,11-16-2025,Agent Behaviour,Call Centre,11-24-2025,Resolved,8
4008975,1075385,2075385,08-10-25,Agent Behaviour,Call Centre,8-20-2025,Resolved,10
4009051,1075989,2075989,04-12-26,Agent Behaviour,Call Centre,4-13-2026,Resolved,1
4009069,1076087,2076087,3-17-2025,Agent Behaviour,Call Centre,04-10-25,Resolved,24
4009129,1076503,2076503,08-07-25,Agent Behaviour,Call Centre,08-08-25,Resolved,1
4009279,1077848,2077848,5-16-2025,Agent Behaviour,Call Centre,5-20-2025,Resolved,4
4009280,1077859,2077859,2-18-2025,Agent Behaviour,Call Centre,3-15-2025,Resolved,25
4009303,1078067,2078067,10-08-26,Agent Behaviour,Call Centre,10-18-2026,Resolved,10
4009324,1078267,2078267,11-19-2024,Agent Behaviour,Call Centre,11-28-2024,Resolved,9
4009330,1078299,2078299,6-15-2025,Agent Behaviour,Call Centre,07-11-25,Resolved,26
4009347,1078427,2078427,6-26-2025,Agent Behaviour,Call Centre,07-09-25,Resolved,13
4009348,1078430,2078430,04-07-24,Agent Behaviour,Call Centre,4-14-2024,Resolved,7
4009558,1080151,2080151,09-04-25,Agent Behaviour,Call Centre,9-23-2025,Resolved,19
4009597,1080434,2080434,12-22-2025,Agent Behaviour,Call Centre,12-31-2025,Resolved,9
4009613,1080568,2080568,06-01-25,Agent Behaviour,Call Centre,6-22-2025,Resolved,21
4009839,1082286,2082286,4-24-2025,Agent Behaviour,Call Centre,05-12-25,Resolved,18
4009840,1082291,2082291,02-11-26,Agent Behaviour,Call Centre,03-03-26,Resolved,20
4009916,1082907,2082907,5-30-2026,Agent Behaviour,Call Centre,6-29-2026,Resolved,30
4009928,1083050,2083050,4-27-2024,Agent Behaviour,Call Centre,5-27-2024,Resolved,30
4010007,1083729,2083729,7-16-2026,Agent Behaviour,Call Centre,7-28-2026,Resolved,12
4010102,1084512,2084512,03-11-25,Agent Behaviour,Call Centre,3-19-2025,Resolved,8
4010121,1084675,2084675,2-25-2026,Agent Behaviour,Call Centre,3-15-2026,Resolved,18
4010191,1085275,2085275,06-07-25,Agent Behaviour,Call Centre,6-13-2025,Resolved,6
4010235,1085692,2085692,12-12-24,Agent Behaviour,Call Centre,12-25-2024,Resolved,13
4010240,1085748,2085748,11-13-2024,Agent Behaviour,Call Centre,11-29-2024,Resolved,16
4010267,1086010,2086010,4-29-2025,Agent Behaviour,Call Centre,05-07-25,Resolved,8
4010288,1086182,2086182,9-19-2025,Agent Behaviour,Call Centre,10-04-25,Resolved,15
4010303,1086288,2086288,11-26-2024,Agent Behaviour,Call Centre,12-19-2024,Resolved,23
4010415,1087347,2087347,9-21-2024,Agent Behaviour,Call Centre,9-29-2024,Resolved,8
4010432,1087472,2087472,06-12-26,Agent Behaviour,Call Centre,6-26-2026,Resolved,14
4010452,1087593,2087593,07-03-25,Agent Behaviour,Call Centre,7-13-2025,Resolved,10
4010453,1087600,2087600,1-21-2025,Agent Behaviour,Call Centre,2-20-2025,Resolved,30
4010526,1088151,2088151,06-03-26,Agent Behaviour,Call Centre,6-17-2026,Resolved,14
4010527,1088152,2088152,5-27-2026,Agent Behaviour,Call Centre,6-22-2026,Resolved,26
4010529,1088163,2088163,2-18-2026,Agent Behaviour,Call Centre,2-19-2026,Resolved,1
4010532,1088180,2088180,10-28-2024,Agent Behaviour,Call Centre,11-09-24,Resolved,12
4010594,1088679,2088679,7-28-2025,Agent Behaviour,Call Centre,8-23-2025,Resolved,26
4010646,1088977,2088977,02-04-25,Agent Behaviour,Call Centre,02-09-25,Resolved,5
4010693,1089448,2089448,07-10-26,Agent Behaviour,Call Centre,08-02-26,Resolved,23
4010731,1089790,2089790,07-06-25,Agent Behaviour,Call Centre,7-26-2025,Resolved,20
4010809,1090405,2090405,12-17-2024,Agent Behaviour,Call Centre,01-12-25,Resolved,26
4010818,1090533,2090533,09-11-24,Agent Behaviour,Call Centre,10-04-24,Resolved,23
4010852,1090782,2090782,5-13-2025,Agent Behaviour,Call Centre,06-05-25,Resolved,23
4010905,1091204,2091204,11-08-24,Agent Behaviour,Call Centre,11-18-2024,Resolved,10
4010925,1091404,2091404,10-09-26,Agent Behaviour,Call Centre,10-12-26,Resolved,3
4010927,1091415,2091415,8-27-2026,Agent Behaviour,Call Centre,9-16-2026,Resolved,20
4010957,1091700,2091700,12-03-24,Agent Behaviour,Call Centre,12-22-2024,Resolved,19
4010962,1091748,2091748,10-25-2024,Agent Behaviour,Call Centre,10-31-2024,Resolved,6
4010968,1091807,2091807,12-06-25,Agent Behaviour,Call Centre,12-22-2025,Resolved,16
4011028,1092263,2092263,01-09-25,Agent Behaviour,Call Centre,1-16-2025,Resolved,7
4011075,1092521,2092521,10-19-2024,Agent Behaviour,Call Centre,10-23-2024,Resolved,4
4011244,1093956,2093956,2-21-2026,Agent Behaviour,Call Centre,2-26-2026,Resolved,5
4011251,1094016,2094016,8-15-2024,Agent Behaviour,Call Centre,8-31-2024,Resolved,16
4011361,1094987,2094987,11-17-2025,Agent Behaviour,Call Centre,12-05-25,Resolved,18
4011378,1095170,2095170,1-19-2025,Agent Behaviour,Call Centre,02-12-25,Resolved,24
4011482,1096153,2096153,4-13-2025,Agent Behaviour,Call Centre,4-14-2025,Resolved,1
4011538,1096670,2096670,2-14-2025,Agent Behaviour,Call Centre,2-26-2025,Resolved,12
4011576,1097039,2097039,5-21-2026,Agent Behaviour,Call Centre,5-31-2026,Resolved,10
4011589,1097156,2097156,4-23-2026,Agent Behaviour,Call Centre,05-09-26,Resolved,16
4011622,1097437,2097437,01-12-25,Agent Behaviour,Call Centre,1-25-2025,Resolved,13
4011673,1097877,2097877,02-06-26,Agent Behaviour,Call Centre,2-22-2026,Resolved,16
4011711,1098146,2098146,7-30-2024,Agent Behaviour,Call Centre,7-31-2024,Resolved,1
4011714,1098184,2098184,11-12-25,Agent Behaviour,Call Centre,11-18-2025,Resolved,6
4011715,1098195,2098195,10-28-2025,Agent Behaviour,Call Centre,11-10-25,Resolved,13
4011736,1098333,2098333,02-12-26,Agent Behaviour,Call Centre,3-13-2026,Resolved,29
4011746,1098425,2098425,08-04-26,Agent Behaviour,Call Centre,8-19-2026,Resolved,15
4011786,1098718,2098718,11-30-2025,Agent Behaviour,Call Centre,12-05-25,Resolved,5
4011802,1098833,2098833,5-18-2025,Agent Behaviour,Call Centre,6-13-2025,Resolved,26
4011821,1098979,2098979,08-01-25,Agent Behaviour,Call Centre,8-17-2025,Resolved,16
4011822,1098984,2098984,9-26-2026,Agent Behaviour,Call Centre,10-20-2026,Resolved,24
4011836,1099112,2099112,10-01-24,Agent Behaviour,Call Centre,10-16-2024,Resolved,15
4000101,1000936,2000936,03-03-24,Policy Cancellation,Call Centre,3-15-2024,Resolved,12
4000117,1001083,2001083,9-18-2025,Policy Cancellation,Call Centre,10-09-25,Resolved,21
4000126,1001139,2001139,05-01-26,Policy Cancellation,Call Centre,5-16-2026,Resolved,15
4000144,1001277,2001277,5-15-2026,Policy Cancellation,Call Centre,06-06-26,Resolved,22
4000149,1001357,2001357,11-06-24,Policy Cancellation,Call Centre,11-13-2024,Resolved,7
4000151,1001372,2001372,11-24-2024,Policy Cancellation,Call Centre,12-01-24,Resolved,7
4000160,1001442,2001442,11-10-24,Policy Cancellation,Call Centre,11-19-2024,Resolved,9
4000162,1001478,2001478,3-13-2025,Policy Cancellation,Call Centre,3-25-2025,Resolved,12
4000178,1001601,2001601,03-09-25,Policy Cancellation,Call Centre,3-22-2025,Resolved,13
4000233,1002164,2002164,7-14-2025,Policy Cancellation,Call Centre,08-07-25,Resolved,24
4000234,1002172,2002172,4-17-2026,Policy Cancellation,Call Centre,4-19-2026,Resolved,2
4000274,1002522,2002522,4-22-2024,Policy Cancellation,Call Centre,05-10-24,Resolved,18
4000371,1003289,2003289,6-27-2026,Policy Cancellation,Call Centre,07-08-26,Resolved,11
4000619,1005434,2005434,6-22-2024,Policy Cancellation,Call Centre,07-11-24,Resolved,19
4000637,1005584,2005584,07-01-25,Policy Cancellation,Call Centre,07-12-25,Resolved,11
4000640,1005605,2005605,10-11-24,Policy Cancellation,Call Centre,11-10-24,Resolved,30
4000798,1007006,2007006,05-06-26,Policy Cancellation,Call Centre,06-03-26,Resolved,28
4000809,1007104,2007104,10-13-2025,Policy Cancellation,Call Centre,11-04-25,Resolved,22
4000832,1007319,2007319,5-29-2025,Policy Cancellation,Call Centre,6-14-2025,Resolved,16
4000937,1008101,2008101,04-03-26,Policy Cancellation,Call Centre,4-23-2026,Resolved,20
4000949,1008198,2008198,10-18-2025,Policy Cancellation,Call Centre,10-20-2025,Resolved,2
4000981,1008389,2008389,10-07-26,Policy Cancellation,Call Centre,10-08-26,Resolved,1
4001034,1008837,2008837,7-18-2026,Policy Cancellation,Call Centre,8-14-2026,Resolved,27
4001078,1009217,2009217,10-11-25,Policy Cancellation,Call Centre,10-25-2025,Resolved,14
4001137,1009675,2009675,05-01-25,Policy Cancellation,Call Centre,5-20-2025,Resolved,19
4001138,1009680,2009680,8-30-2025,Policy Cancellation,Call Centre,9-24-2025,Resolved,25
4001147,1009730,2009730,05-11-25,Policy Cancellation,Call Centre,06-09-25,Resolved,29
4001169,1009905,2009905,01-10-25,Policy Cancellation,Call Centre,1-15-2025,Resolved,5
4001187,1010135,2010135,12-31-2025,Policy Cancellation,Call Centre,01-11-26,Resolved,11
4001324,1011282,2011282,8-20-2026,Policy Cancellation,Call Centre,8-22-2026,Resolved,2
4001380,1011774,2011774,10-13-2025,Policy Cancellation,Call Centre,10-20-2025,Resolved,7
4001386,1011816,2011816,10-01-26,Policy Cancellation,Call Centre,10-12-26,Resolved,11
4001427,1012185,2012185,01-06-26,Policy Cancellation,Call Centre,1-18-2026,Resolved,12
4001471,1012539,2012539,11-13-2024,Policy Cancellation,Call Centre,12-08-24,Resolved,25
4001542,1013164,2013164,05-09-25,Policy Cancellation,Call Centre,5-19-2025,Resolved,10
4001550,1013238,2013238,1-29-2025,Policy Cancellation,Call Centre,02-11-25,Resolved,13
4001585,1013517,2013517,12-28-2025,Policy Cancellation,Call Centre,01-11-26,Resolved,14
4001633,1013854,2013854,07-12-25,Policy Cancellation,Call Centre,08-09-25,Resolved,28
4001683,1014288,2014288,2-24-2025,Policy Cancellation,Call Centre,3-16-2025,Resolved,20
4001758,1014887,2014887,11-17-2025,Policy Cancellation,Call Centre,12-02-25,Resolved,15
4001761,1014910,2014910,10-24-2025,Policy Cancellation,Call Centre,10-31-2025,Resolved,7
4001816,1015396,2015396,04-04-26,Policy Cancellation,Call Centre,4-28-2026,Resolved,24
4001870,1015939,2015939,01-07-26,Policy Cancellation,Call Centre,02-01-26,Resolved,25
4001910,1016230,2016230,3-25-2025,Policy Cancellation,Call Centre,04-04-25,Resolved,10
4001997,1016841,2016841,8-17-2025,Policy Cancellation,Call Centre,9-13-2025,Resolved,27
4002008,1017002,2017002,7-21-2025,Policy Cancellation,Call Centre,7-31-2025,Resolved,10
4002057,1017368,2017368,4-14-2025,Policy Cancellation,Call Centre,4-19-2025,Resolved,5
4002064,1017455,2017455,07-10-24,Policy Cancellation,Call Centre,08-05-24,Resolved,26
4002066,1017463,2017463,05-07-25,Policy Cancellation,Call Centre,5-16-2025,Resolved,9
4002082,1017604,2017604,3-14-2026,Policy Cancellation,Call Centre,3-30-2026,Resolved,16
4002239,1019081,2019081,7-15-2024,Policy Cancellation,Call Centre,8-14-2024,Resolved,30
4002268,1019328,2019328,1-21-2026,Policy Cancellation,Call Centre,02-05-26,Resolved,15
4002351,1019996,2019996,10-09-25,Policy Cancellation,Call Centre,11-05-25,Resolved,27
4002363,1020082,2020082,8-30-2024,Policy Cancellation,Call Centre,09-08-24,Resolved,9
4002437,1020607,2020607,3-29-2024,Policy Cancellation,Call Centre,4-24-2024,Resolved,26
4002493,1021048,2021048,10-03-24,Policy Cancellation,Call Centre,10-12-24,Resolved,9
4002554,1021676,2021676,10-29-2025,Policy Cancellation,Call Centre,11-21-2025,Resolved,23
4002555,1021677,2021677,8-27-2024,Policy Cancellation,Call Centre,8-30-2024,Resolved,3
4002564,1021724,2021724,12-20-2025,Policy Cancellation,Call Centre,01-10-26,Resolved,21
4002619,1022258,2022258,03-09-25,Policy Cancellation,Call Centre,3-14-2025,Resolved,5
4002628,1022318,2022318,03-03-26,Policy Cancellation,Call Centre,03-10-26,Resolved,7
4002738,1023154,2023154,05-01-25,Policy Cancellation,Call Centre,5-15-2025,Resolved,14
4002816,1023732,2023732,05-06-25,Policy Cancellation,Call Centre,5-23-2025,Resolved,17
4002841,1023913,2023913,06-11-26,Policy Cancellation,Call Centre,6-16-2026,Resolved,5
4002884,1024237,2024237,01-10-25,Policy Cancellation,Call Centre,1-26-2025,Resolved,16
4002907,1024465,2024465,9-27-2025,Policy Cancellation,Call Centre,9-29-2025,Resolved,2
4003005,1025302,2025302,2-23-2026,Policy Cancellation,Call Centre,03-03-26,Resolved,8
4003019,1025381,2025381,11-22-2024,Policy Cancellation,Call Centre,11-30-2024,Resolved,8
4003041,1025540,2025540,3-29-2024,Policy Cancellation,Call Centre,4-20-2024,Resolved,22
4003085,1025893,2025893,05-05-25,Policy Cancellation,Call Centre,5-28-2025,Resolved,23
4003130,1026228,2026228,05-11-26,Policy Cancellation,Call Centre,06-02-26,Resolved,22
4003162,1026634,2026634,04-12-25,Policy Cancellation,Call Centre,05-01-25,Resolved,19
4003209,1027060,2027060,2-17-2026,Policy Cancellation,Call Centre,3-15-2026,Resolved,26
4003361,1028271,2028271,10-07-24,Policy Cancellation,Call Centre,11-01-24,Resolved,25
4003418,1028781,2028781,01-08-26,Policy Cancellation,Call Centre,01-09-26,Resolved,1
4003566,1030196,2030196,10-14-2024,Policy Cancellation,Call Centre,11-10-24,Resolved,27
4003592,1030426,2030426,10-02-26,Policy Cancellation,Call Centre,10-15-2026,Resolved,13
4003700,1031426,2031426,6-29-2025,Policy Cancellation,Call Centre,7-16-2025,Resolved,17
4003722,1031587,2031587,09-12-24,Policy Cancellation,Call Centre,9-21-2024,Resolved,9
4003817,1032415,2032415,08-01-24,Policy Cancellation,Call Centre,08-02-24,Resolved,1
4003820,1032423,2032423,02-02-25,Policy Cancellation,Call Centre,02-04-25,Resolved,2
4003911,1033245,2033245,10-15-2025,Policy Cancellation,Call Centre,10-29-2025,Resolved,14
4004011,1033994,2033994,11-17-2025,Policy Cancellation,Call Centre,12-14-2025,Resolved,27
4004028,1034137,2034137,08-01-26,Policy Cancellation,Call Centre,8-20-2026,Resolved,19
4004068,1034409,2034409,5-23-2025,Policy Cancellation,Call Centre,06-07-25,Resolved,15
4004070,1034419,2034419,03-05-24,Policy Cancellation,Call Centre,3-17-2024,Resolved,12
4004117,1034833,2034833,10-27-2025,Policy Cancellation,Call Centre,11-02-25,Resolved,6
4004141,1035000,2035000,01-06-26,Policy Cancellation,Call Centre,01-09-26,Resolved,3
4004200,1035590,2035590,10-27-2024,Policy Cancellation,Call Centre,11-01-24,Resolved,5
4004223,1035747,2035747,12-04-24,Policy Cancellation,Call Centre,12-16-2024,Resolved,12
4004266,1036097,2036097,2-14-2024,Policy Cancellation,Call Centre,03-04-24,Resolved,19
4004276,1036180,2036180,9-15-2024,Policy Cancellation,Call Centre,9-23-2024,Resolved,8
4004291,1036337,2036337,05-04-25,Policy Cancellation,Call Centre,5-22-2025,Resolved,18
4004321,1036552,2036552,8-24-2025,Policy Cancellation,Call Centre,09-05-25,Resolved,12
4004376,1036981,2036981,6-21-2026,Policy Cancellation,Call Centre,07-02-26,Resolved,11
4004397,1037165,2037165,01-04-25,Policy Cancellation,Call Centre,1-24-2025,Resolved,20
4004518,1038059,2038059,12-03-24,Policy Cancellation,Call Centre,12-05-24,Resolved,2
4004768,1039996,2039996,8-31-2026,Policy Cancellation,Call Centre,09-03-26,Resolved,3
4004789,1040173,2040173,07-05-24,Policy Cancellation,Call Centre,7-21-2024,Resolved,16
4004829,1040495,2040495,03-09-26,Policy Cancellation,Call Centre,3-27-2026,Resolved,18
4004915,1041234,2041234,09-09-25,Policy Cancellation,Call Centre,9-20-2025,Resolved,11
4004920,1041276,2041276,12-03-24,Policy Cancellation,Call Centre,12-12-24,Resolved,9
4005006,1042035,2042035,12-26-2025,Policy Cancellation,Call Centre,01-01-26,Resolved,6
4005062,1042563,2042563,3-24-2025,Policy Cancellation,Call Centre,4-15-2025,Resolved,22
4005145,1043248,2043248,11-26-2026,Policy Cancellation,Call Centre,12-15-2026,Resolved,19
4005158,1043362,2043362,05-07-24,Policy Cancellation,Call Centre,5-18-2024,Resolved,11
4005225,1043924,2043924,01-07-26,Policy Cancellation,Call Centre,02-06-26,Resolved,30
4005344,1044915,2044915,03-04-25,Policy Cancellation,Call Centre,3-20-2025,Resolved,16
4005424,1045652,2045652,03-01-25,Policy Cancellation,Call Centre,3-31-2025,Resolved,30
4005459,1045913,2045913,09-02-25,Policy Cancellation,Call Centre,9-21-2025,Resolved,19
4005572,1046910,2046910,11-29-2025,Policy Cancellation,Call Centre,12-09-25,Resolved,10
4005576,1046967,2046967,1-19-2025,Policy Cancellation,Call Centre,02-05-25,Resolved,17
4005591,1047091,2047091,03-01-25,Policy Cancellation,Call Centre,3-24-2025,Resolved,23
4005683,1047952,2047952,3-31-2026,Policy Cancellation,Call Centre,4-29-2026,Resolved,29
4005739,1048434,2048434,4-28-2025,Policy Cancellation,Call Centre,4-30-2025,Resolved,2
4005749,1048482,2048482,05-03-24,Policy Cancellation,Call Centre,05-09-24,Resolved,6
4005901,1049761,2049761,2-21-2025,Policy Cancellation,Call Centre,2-27-2025,Resolved,6
4005905,1049785,2049785,2-28-2025,Policy Cancellation,Call Centre,03-06-25,Resolved,6
4005934,1050077,2050077,4-30-2026,Policy Cancellation,Call Centre,05-03-26,Resolved,3
4005953,1050201,2050201,10-21-2025,Policy Cancellation,Call Centre,10-24-2025,Resolved,3
4005976,1050360,2050360,04-12-24,Policy Cancellation,Call Centre,4-20-2024,Resolved,8
4005980,1050403,2050403,5-15-2025,Policy Cancellation,Call Centre,5-27-2025,Resolved,12
4005992,1050490,2050490,8-28-2025,Policy Cancellation,Call Centre,09-04-25,Resolved,7
4006011,1050644,2050644,10-11-24,Policy Cancellation,Call Centre,10-26-2024,Resolved,15
4006012,1050661,2050661,08-04-25,Policy Cancellation,Call Centre,09-03-25,Resolved,30
4006072,1051373,2051373,1-28-2026,Policy Cancellation,Call Centre,2-13-2026,Resolved,16
4006133,1051946,2051946,1-30-2025,Policy Cancellation,Call Centre,2-28-2025,Resolved,29
4006281,1053218,2053218,11-07-25,Policy Cancellation,Call Centre,11-08-25,Resolved,1
4006292,1053263,2053263,11-26-2025,Policy Cancellation,Call Centre,12-26-2025,Resolved,30
4006316,1053474,2053474,8-25-2025,Policy Cancellation,Call Centre,9-18-2025,Resolved,24
4006321,1053581,2053581,1-23-2025,Policy Cancellation,Call Centre,2-15-2025,Resolved,23
4006333,1053657,2053657,08-10-25,Policy Cancellation,Call Centre,8-20-2025,Resolved,10
4006345,1053753,2053753,3-20-2025,Policy Cancellation,Call Centre,3-24-2025,Resolved,4
4006359,1053861,2053861,12-22-2025,Policy Cancellation,Call Centre,01-03-26,Resolved,12
4006385,1054040,2054040,12-13-2025,Policy Cancellation,Call Centre,12-17-2025,Resolved,4
4006387,1054057,2054057,07-02-25,Policy Cancellation,Call Centre,07-07-25,Resolved,5
4006403,1054182,2054182,1-13-2025,Policy Cancellation,Call Centre,1-14-2025,Resolved,1
4006434,1054425,2054425,11-05-24,Policy Cancellation,Call Centre,11-13-2024,Resolved,8
4006462,1054633,2054633,06-03-26,Policy Cancellation,Call Centre,06-08-26,Resolved,5
4006552,1055389,2055389,6-21-2025,Policy Cancellation,Call Centre,07-10-25,Resolved,19
4006727,1056780,2056780,08-01-25,Policy Cancellation,Call Centre,08-03-25,Resolved,2
4006761,1057003,2057003,05-12-25,Policy Cancellation,Call Centre,06-02-25,Resolved,21
4006779,1057160,2057160,10-30-2025,Policy Cancellation,Call Centre,11-22-2025,Resolved,23
4006834,1057549,2057549,06-07-26,Policy Cancellation,Call Centre,6-27-2026,Resolved,20
4006854,1057685,2057685,8-16-2024,Policy Cancellation,Call Centre,09-09-24,Resolved,24
4006876,1057863,2057863,04-07-25,Policy Cancellation,Call Centre,05-06-25,Resolved,29
4006990,1058743,2058743,04-11-25,Policy Cancellation,Call Centre,4-28-2025,Resolved,17
4006994,1058801,2058801,1-20-2026,Policy Cancellation,Call Centre,02-08-26,Resolved,19
4007006,1058930,2058930,11-01-25,Policy Cancellation,Call Centre,11-24-2025,Resolved,23
4007148,1059968,2059968,8-23-2024,Policy Cancellation,Call Centre,09-01-24,Resolved,9
4007165,1060113,2060113,11-20-2025,Policy Cancellation,Call Centre,12-03-25,Resolved,13
4007216,1060518,2060518,3-13-2026,Policy Cancellation,Call Centre,04-04-26,Resolved,22
4007240,1060678,2060678,5-21-2025,Policy Cancellation,Call Centre,5-26-2025,Resolved,5
4007381,1061842,2061842,7-18-2026,Policy Cancellation,Call Centre,08-01-26,Resolved,14
4007412,1062091,2062091,2-20-2025,Policy Cancellation,Call Centre,03-07-25,Resolved,15
4007459,1062408,2062408,10-16-2026,Policy Cancellation,Call Centre,11-08-26,Resolved,23
4007491,1062765,2062765,1-27-2026,Policy Cancellation,Call Centre,02-11-26,Resolved,15
4007573,1063544,2063544,5-14-2026,Policy Cancellation,Call Centre,06-12-26,Resolved,29
4007577,1063571,2063571,04-11-26,Policy Cancellation,Call Centre,4-29-2026,Resolved,18
4007692,1064468,2064468,12-20-2025,Policy Cancellation,Call Centre,01-07-26,Resolved,18
4007714,1064629,2064629,10-08-25,Policy Cancellation,Call Centre,11-01-25,Resolved,24
4007743,1064879,2064879,07-08-24,Policy Cancellation,Call Centre,7-18-2024,Resolved,10
4007806,1065387,2065387,1-19-2025,Policy Cancellation,Call Centre,1-23-2025,Resolved,4
4007824,1065531,2065531,2-20-2026,Policy Cancellation,Call Centre,2-27-2026,Resolved,7
4007828,1065558,2065558,09-08-24,Policy Cancellation,Call Centre,10-03-24,Resolved,25
4007998,1066940,2066940,6-27-2024,Policy Cancellation,Call Centre,7-14-2024,Resolved,17
4008015,1067056,2067056,1-19-2025,Policy Cancellation,Call Centre,1-27-2025,Resolved,8
4008019,1067113,2067113,7-25-2026,Policy Cancellation,Call Centre,08-04-26,Resolved,10
4008042,1067289,2067289,01-07-26,Policy Cancellation,Call Centre,02-01-26,Resolved,25
4008100,1067816,2067816,7-22-2025,Policy Cancellation,Call Centre,08-06-25,Resolved,15
4008104,1067843,2067843,11-16-2025,Policy Cancellation,Call Centre,12-01-25,Resolved,15
4008106,1067880,2067880,5-30-2026,Policy Cancellation,Call Centre,6-23-2026,Resolved,24
4008125,1068026,2068026,09-04-26,Policy Cancellation,Call Centre,09-09-26,Resolved,5
4008129,1068055,2068055,2-24-2025,Policy Cancellation,Call Centre,2-25-2025,Resolved,1
4008177,1068402,2068402,10-11-24,Policy Cancellation,Call Centre,10-12-24,Resolved,1
4008190,1068536,2068536,05-09-24,Policy Cancellation,Call Centre,06-01-24,Resolved,23
4008229,1068890,2068890,6-24-2024,Policy Cancellation,Call Centre,6-25-2024,Resolved,1
4008231,1068917,2068917,6-20-2024,Policy Cancellation,Call Centre,07-11-24,Resolved,21
4008282,1069316,2069316,8-15-2025,Policy Cancellation,Call Centre,8-24-2025,Resolved,9
4008296,1069390,2069390,10-24-2025,Policy Cancellation,Call Centre,11-02-25,Resolved,9
4008395,1070341,2070341,04-04-25,Policy Cancellation,Call Centre,04-05-25,Resolved,1
4008457,1070892,2070892,7-13-2024,Policy Cancellation,Call Centre,08-03-24,Resolved,21
4008527,1071530,2071530,9-16-2024,Policy Cancellation,Call Centre,10-10-24,Resolved,24
4008616,1072312,2072312,01-02-26,Policy Cancellation,Call Centre,01-12-26,Resolved,10
4008635,1072536,2072536,4-13-2026,Policy Cancellation,Call Centre,4-18-2026,Resolved,5
4008694,1073046,2073046,3-15-2025,Policy Cancellation,Call Centre,04-06-25,Resolved,22
4008813,1073972,2073972,01-09-25,Policy Cancellation,Call Centre,1-31-2025,Resolved,22
4008834,1074175,2074175,2-22-2026,Policy Cancellation,Call Centre,3-20-2026,Resolved,26
4008854,1074342,2074342,09-04-25,Policy Cancellation,Call Centre,9-24-2025,Resolved,20
4009241,1077435,2077435,12-12-24,Policy Cancellation,Call Centre,01-06-25,Resolved,25
4009261,1077619,2077619,12-04-25,Policy Cancellation,Call Centre,12-26-2025,Resolved,22
4009292,1077987,2077987,8-22-2025,Policy Cancellation,Call Centre,09-10-25,Resolved,19
4009346,1078419,2078419,06-01-25,Policy Cancellation,Call Centre,6-27-2025,Resolved,26
4009349,1078466,2078466,4-27-2026,Policy Cancellation,Call Centre,5-26-2026,Resolved,29
4009352,1078483,2078483,1-18-2025,Policy Cancellation,Call Centre,1-27-2025,Resolved,9
4009370,1078671,2078671,4-15-2024,Policy Cancellation,Call Centre,05-10-24,Resolved,25
4009403,1078955,2078955,02-04-25,Policy Cancellation,Call Centre,2-25-2025,Resolved,21
4009473,1079499,2079499,08-07-25,Policy Cancellation,Call Centre,8-17-2025,Resolved,10
4009492,1079656,2079656,12-05-24,Policy Cancellation,Call Centre,12-16-2024,Resolved,11
4009518,1079856,2079856,5-21-2025,Policy Cancellation,Call Centre,5-31-2025,Resolved,10
4009561,1080183,2080183,06-11-26,Policy Cancellation,Call Centre,07-02-26,Resolved,21
4009582,1080326,2080326,10-03-25,Policy Cancellation,Call Centre,10-21-2025,Resolved,18
4009743,1081534,2081534,8-16-2025,Policy Cancellation,Call Centre,09-08-25,Resolved,23
4009752,1081602,2081602,5-23-2025,Policy Cancellation,Call Centre,6-17-2025,Resolved,25
4009774,1081792,2081792,2-27-2026,Policy Cancellation,Call Centre,03-05-26,Resolved,6
4009798,1081986,2081986,7-30-2026,Policy Cancellation,Call Centre,8-27-2026,Resolved,28
4009806,1082053,2082053,1-26-2026,Policy Cancellation,Call Centre,2-16-2026,Resolved,21
4009822,1082153,2082153,02-03-26,Policy Cancellation,Call Centre,2-22-2026,Resolved,19
4009829,1082212,2082212,3-17-2026,Policy Cancellation,Call Centre,3-27-2026,Resolved,10
4009853,1082378,2082378,3-30-2026,Policy Cancellation,Call Centre,04-09-26,Resolved,10
4009920,1082935,2082935,9-23-2025,Policy Cancellation,Call Centre,10-10-25,Resolved,17
4009927,1083039,2083039,06-03-26,Policy Cancellation,Call Centre,6-19-2026,Resolved,16
4009937,1083095,2083095,10-15-2025,Policy Cancellation,Call Centre,10-28-2025,Resolved,13
4009942,1083164,2083164,04-12-24,Policy Cancellation,Call Centre,4-22-2024,Resolved,10
4009976,1083460,2083460,4-29-2025,Policy Cancellation,Call Centre,05-08-25,Resolved,9
4010063,1084193,2084193,10-28-2025,Policy Cancellation,Call Centre,11-06-25,Resolved,9
4010071,1084236,2084236,7-24-2024,Policy Cancellation,Call Centre,7-30-2024,Resolved,6
4010134,1084811,2084811,10-11-24,Policy Cancellation,Call Centre,10-20-2024,Resolved,9
4010143,1084878,2084878,12-09-24,Policy Cancellation,Call Centre,12-19-2024,Resolved,10
4010181,1085191,2085191,6-21-2026,Policy Cancellation,Call Centre,6-23-2026,Resolved,2
4010182,1085199,2085199,7-24-2024,Policy Cancellation,Call Centre,08-03-24,Resolved,10
4010203,1085382,2085382,09-07-25,Policy Cancellation,Call Centre,9-13-2025,Resolved,6
4010381,1087061,2087061,07-04-24,Policy Cancellation,Call Centre,7-24-2024,Resolved,20
4010555,1088387,2088387,01-11-26,Policy Cancellation,Call Centre,1-25-2026,Resolved,14
4010564,1088427,2088427,8-31-2024,Policy Cancellation,Call Centre,09-01-24,Resolved,1
4010592,1088647,2088647,03-03-25,Policy Cancellation,Call Centre,3-27-2025,Resolved,24
4010600,1088708,2088708,02-05-26,Policy Cancellation,Call Centre,2-19-2026,Resolved,14
4010656,1089076,2089076,7-29-2026,Policy Cancellation,Call Centre,7-31-2026,Resolved,2
4010665,1089167,2089167,9-13-2026,Policy Cancellation,Call Centre,9-21-2026,Resolved,8
4010720,1089699,2089699,2-21-2026,Policy Cancellation,Call Centre,03-12-26,Resolved,19
4010737,1089842,2089842,08-11-25,Policy Cancellation,Call Centre,09-10-25,Resolved,30
4010779,1090191,2090191,4-19-2025,Policy Cancellation,Call Centre,05-05-25,Resolved,16
4010793,1090298,2090298,09-07-25,Policy Cancellation,Call Centre,10-02-25,Resolved,25
4010870,1090893,2090893,10-21-2025,Policy Cancellation,Call Centre,11-14-2025,Resolved,24
4010941,1091539,2091539,04-01-24,Policy Cancellation,Call Centre,04-02-24,Resolved,1
4011069,1092498,2092498,6-15-2025,Policy Cancellation,Call Centre,6-25-2025,Resolved,10
4011095,1092726,2092726,11-01-25,Policy Cancellation,Call Centre,11-23-2025,Resolved,22
4011151,1093252,2093252,05-11-24,Policy Cancellation,Call Centre,06-05-24,Resolved,25
4011175,1093441,2093441,2-17-2024,Policy Cancellation,Call Centre,03-10-24,Resolved,22
4011178,1093471,2093471,02-08-26,Policy Cancellation,Call Centre,03-08-26,Resolved,28
4011191,1093555,2093555,02-01-25,Policy Cancellation,Call Centre,2-22-2025,Resolved,21
4011280,1094239,2094239,8-15-2025,Policy Cancellation,Call Centre,09-01-25,Resolved,17
4011282,1094247,2094247,9-27-2024,Policy Cancellation,Call Centre,10-16-2024,Resolved,19
4011369,1095052,2095052,7-17-2025,Policy Cancellation,Call Centre,08-04-25,Resolved,18
4011384,1095236,2095236,07-10-25,Policy Cancellation,Call Centre,7-25-2025,Resolved,15
4011404,1095452,2095452,6-13-2026,Policy Cancellation,Call Centre,6-17-2026,Resolved,4
4011458,1095916,2095916,11-25-2024,Policy Cancellation,Call Centre,12-02-24,Resolved,7
4011497,1096280,2096280,6-26-2025,Policy Cancellation,Call Centre,7-19-2025,Resolved,23
4011526,1096552,2096552,10-02-26,Policy Cancellation,Call Centre,10-14-2026,Resolved,12
4011624,1097469,2097469,03-09-25,Policy Cancellation,Call Centre,04-01-25,Resolved,23
4011669,1097857,2097857,09-06-25,Policy Cancellation,Call Centre,10-05-25,Resolved,29
4011677,1097912,2097912,02-01-26,Policy Cancellation,Call Centre,2-17-2026,Resolved,16
4011739,1098374,2098374,10-17-2025,Policy Cancellation,Call Centre,10-30-2025,Resolved,13
4011740,1098378,2098378,8-16-2025,Policy Cancellation,Call Centre,9-13-2025,Resolved,28
4011747,1098467,2098467,7-19-2025,Policy Cancellation,Call Centre,8-13-2025,Resolved,25
4011765,1098594,2098594,11-17-2025,Policy Cancellation,Call Centre,12-02-25,Resolved,15
4011885,1099455,2099455,11-08-24,Policy Cancellation,Call Centre,12-01-24,Resolved,23
4011951,1099981,2099981,02-09-26,Policy Cancellation,Call Centre,03-07-26,Resolved,26
4000013,1000132,2000132,10-10-25,Premium Issue,Call Centre,11-09-25,Resolved,30
4000058,1000513,2000513,08-02-24,Premium Issue,Call Centre,8-16-2024,Resolved,14
4000076,1000667,2000667,12-03-24,Premium Issue,Call Centre,12-08-24,Resolved,5
4000081,1000746,2000746,2-15-2025,Premium Issue,Call Centre,3-15-2025,Resolved,28
4000138,1001234,2001234,1-25-2025,Premium Issue,Call Centre,1-30-2025,Resolved,5
4000163,1001480,2001480,1-15-2026,Premium Issue,Call Centre,1-27-2026,Resolved,12
4000173,1001561,2001561,07-06-25,Premium Issue,Call Centre,08-05-25,Resolved,30
4000264,1002478,2002478,9-14-2025,Premium Issue,Call Centre,9-20-2025,Resolved,6
4000291,1002695,2002695,07-12-26,Premium Issue,Call Centre,7-28-2026,Resolved,16
4000416,1003728,2003728,10-29-2024,Premium Issue,Call Centre,11-28-2024,Resolved,30
4000467,1004154,2004154,3-19-2025,Premium Issue,Call Centre,4-13-2025,Resolved,25
4000474,1004196,2004196,8-30-2025,Premium Issue,Call Centre,9-22-2025,Resolved,23
4000593,1005222,2005222,7-26-2025,Premium Issue,Call Centre,08-03-25,Resolved,8
4000813,1007120,2007120,5-27-2025,Premium Issue,Call Centre,6-14-2025,Resolved,18
4000946,1008161,2008161,08-12-25,Premium Issue,Call Centre,8-29-2025,Resolved,17
4001051,1008984,2008984,07-06-26,Premium Issue,Call Centre,7-27-2026,Resolved,21
4001091,1009299,2009299,2-28-2025,Premium Issue,Call Centre,3-23-2025,Resolved,23
4001120,1009473,2009473,01-10-25,Premium Issue,Call Centre,02-06-25,Resolved,27
4001168,1009900,2009900,07-03-25,Premium Issue,Call Centre,7-16-2025,Resolved,13
4001219,1010441,2010441,01-04-25,Premium Issue,Call Centre,02-02-25,Resolved,29
4001233,1010531,2010531,6-13-2024,Premium Issue,Call Centre,7-13-2024,Resolved,30
4001256,1010789,2010789,11-11-25,Premium Issue,Call Centre,11-24-2025,Resolved,13
4001293,1011023,2011023,12-04-25,Premium Issue,Call Centre,12-15-2025,Resolved,11
4001433,1012258,2012258,7-31-2025,Premium Issue,Call Centre,8-17-2025,Resolved,17
4001526,1013003,2013003,10-10-25,Premium Issue,Call Centre,11-09-25,Resolved,30
4001531,1013048,2013048,06-12-26,Premium Issue,Call Centre,6-21-2026,Resolved,9
4001538,1013130,2013130,11-18-2026,Premium Issue,Call Centre,11-26-2026,Resolved,8
4001622,1013766,2013766,11-14-2025,Premium Issue,Call Centre,11-22-2025,Resolved,8
4001644,1013915,2013915,4-27-2026,Premium Issue,Call Centre,05-02-26,Resolved,5
4001706,1014440,2014440,07-12-26,Premium Issue,Call Centre,7-31-2026,Resolved,19
4001734,1014690,2014690,07-11-25,Premium Issue,Call Centre,08-04-25,Resolved,24
4001763,1014913,2014913,12-04-24,Premium Issue,Call Centre,12-13-2024,Resolved,9
4001793,1015197,2015197,9-22-2025,Premium Issue,Call Centre,9-26-2025,Resolved,4
4001872,1015950,2015950,2-28-2025,Premium Issue,Call Centre,03-12-25,Resolved,12
4001891,1016106,2016106,8-22-2025,Premium Issue,Call Centre,09-11-25,Resolved,20
4001928,1016346,2016346,03-01-25,Premium Issue,Call Centre,03-06-25,Resolved,5
4002151,1018195,2018195,5-19-2024,Premium Issue,Call Centre,06-06-24,Resolved,18
4002188,1018545,2018545,10-28-2025,Premium Issue,Call Centre,10-30-2025,Resolved,2
4002211,1018833,2018833,10-10-24,Premium Issue,Call Centre,10-28-2024,Resolved,18
4002224,1018921,2018921,1-30-2025,Premium Issue,Call Centre,2-17-2025,Resolved,18
4002258,1019235,2019235,12-27-2025,Premium Issue,Call Centre,1-26-2026,Resolved,30
4002259,1019242,2019242,7-17-2025,Premium Issue,Call Centre,7-30-2025,Resolved,13
4002293,1019565,2019565,09-11-25,Premium Issue,Call Centre,10-11-25,Resolved,30
4002345,1019983,2019983,3-25-2026,Premium Issue,Call Centre,4-23-2026,Resolved,29
4002376,1020167,2020167,7-30-2026,Premium Issue,Call Centre,08-03-26,Resolved,4
4002394,1020327,2020327,11-13-2024,Premium Issue,Call Centre,11-28-2024,Resolved,15
4002413,1020439,2020439,05-12-26,Premium Issue,Call Centre,5-16-2026,Resolved,4
4002457,1020785,2020785,07-06-25,Premium Issue,Call Centre,7-26-2025,Resolved,20
4002478,1020943,2020943,02-02-25,Premium Issue,Call Centre,2-14-2025,Resolved,12
4002506,1021201,2021201,11-08-25,Premium Issue,Call Centre,11-23-2025,Resolved,15
4002515,1021259,2021259,10-19-2025,Premium Issue,Call Centre,11-07-25,Resolved,19
4002522,1021348,2021348,01-06-25,Premium Issue,Call Centre,01-12-25,Resolved,6
4002536,1021480,2021480,3-26-2026,Premium Issue,Call Centre,04-08-26,Resolved,13
4002704,1022893,2022893,06-09-25,Premium Issue,Call Centre,6-29-2025,Resolved,20
4002705,1022899,2022899,12-08-25,Premium Issue,Call Centre,01-07-26,Resolved,30
4002727,1023086,2023086,2-24-2025,Premium Issue,Call Centre,03-12-25,Resolved,16
4002771,1023408,2023408,5-25-2026,Premium Issue,Call Centre,06-07-26,Resolved,13
4002823,1023787,2023787,12-27-2025,Premium Issue,Call Centre,01-07-26,Resolved,11
4002866,1024072,2024072,12-17-2024,Premium Issue,Call Centre,01-04-25,Resolved,18
4002930,1024736,2024736,6-28-2026,Premium Issue,Call Centre,7-23-2026,Resolved,25
4002955,1024918,2024918,10-16-2025,Premium Issue,Call Centre,10-22-2025,Resolved,6
4002994,1025214,2025214,12-08-25,Premium Issue,Call Centre,01-07-26,Resolved,30
4003050,1025607,2025607,04-10-26,Premium Issue,Call Centre,4-21-2026,Resolved,11
4003078,1025842,2025842,12-10-24,Premium Issue,Call Centre,12-23-2024,Resolved,13
4003087,1025905,2025905,02-06-26,Premium Issue,Call Centre,02-12-26,Resolved,6
4003114,1026095,2026095,06-03-26,Premium Issue,Call Centre,06-09-26,Resolved,6
4003124,1026181,2026181,08-02-25,Premium Issue,Call Centre,8-14-2025,Resolved,12
4003127,1026206,2026206,11-11-25,Premium Issue,Call Centre,12-06-25,Resolved,25
4003229,1027226,2027226,5-19-2025,Premium Issue,Call Centre,5-27-2025,Resolved,8
4003238,1027281,2027281,7-25-2025,Premium Issue,Call Centre,7-30-2025,Resolved,5
4003284,1027645,2027645,06-09-25,Premium Issue,Call Centre,07-04-25,Resolved,25
4003316,1027927,2027927,10-17-2025,Premium Issue,Call Centre,11-03-25,Resolved,17
4003320,1027948,2027948,09-09-25,Premium Issue,Call Centre,9-28-2025,Resolved,19
4003388,1028519,2028519,3-15-2025,Premium Issue,Call Centre,04-01-25,Resolved,17
4003392,1028572,2028572,5-19-2026,Premium Issue,Call Centre,5-20-2026,Resolved,1
4003491,1029460,2029460,10-18-2024,Premium Issue,Call Centre,11-12-24,Resolved,25
4003535,1029919,2029919,6-21-2025,Premium Issue,Call Centre,6-30-2025,Resolved,9
4003611,1030626,2030626,8-14-2024,Premium Issue,Call Centre,09-02-24,Resolved,19
4003624,1030755,2030755,05-08-24,Premium Issue,Call Centre,05-11-24,Resolved,3
4003692,1031354,2031354,9-15-2024,Premium Issue,Call Centre,9-24-2024,Resolved,9
4003720,1031576,2031576,8-17-2025,Premium Issue,Call Centre,9-16-2025,Resolved,30
4003863,1032840,2032840,11-01-25,Premium Issue,Call Centre,11-11-25,Resolved,10
4003868,1032886,2032886,11-20-2024,Premium Issue,Call Centre,12-06-24,Resolved,16
4003869,1032920,2032920,3-25-2025,Premium Issue,Call Centre,3-30-2025,Resolved,5
4003882,1033023,2033023,08-01-24,Premium Issue,Call Centre,08-03-24,Resolved,2
4003974,1033673,2033673,06-01-24,Premium Issue,Call Centre,07-01-24,Resolved,30
4003977,1033678,2033678,08-01-25,Premium Issue,Call Centre,8-21-2025,Resolved,20
4004102,1034687,2034687,05-12-25,Premium Issue,Call Centre,06-08-25,Resolved,27
4004119,1034843,2034843,10-23-2024,Premium Issue,Call Centre,10-25-2024,Resolved,2
4004124,1034882,2034882,2-17-2025,Premium Issue,Call Centre,03-08-25,Resolved,19
4004199,1035589,2035589,2-19-2025,Premium Issue,Call Centre,3-19-2025,Resolved,28
4004208,1035649,2035649,09-08-24,Premium Issue,Call Centre,9-18-2024,Resolved,10
4004287,1036276,2036276,12-01-24,Premium Issue,Call Centre,12-18-2024,Resolved,17
4004289,1036335,2036335,3-16-2025,Premium Issue,Call Centre,04-02-25,Resolved,17
4004431,1037419,2037419,5-19-2024,Premium Issue,Call Centre,6-18-2024,Resolved,30
4004464,1037650,2037650,1-29-2026,Premium Issue,Call Centre,02-07-26,Resolved,9
4004514,1038041,2038041,12-01-25,Premium Issue,Call Centre,12-29-2025,Resolved,28
4004550,1038255,2038255,2-22-2026,Premium Issue,Call Centre,3-15-2026,Resolved,21
4004604,1038649,2038649,07-06-24,Premium Issue,Call Centre,7-21-2024,Resolved,15
4004719,1039592,2039592,8-25-2024,Premium Issue,Call Centre,9-19-2024,Resolved,25
4004754,1039847,2039847,10-28-2025,Premium Issue,Call Centre,11-08-25,Resolved,11
4004778,1040046,2040046,12-02-25,Premium Issue,Call Centre,12-22-2025,Resolved,20
4004809,1040327,2040327,10-18-2025,Premium Issue,Call Centre,11-09-25,Resolved,22
4004846,1040683,2040683,9-29-2026,Premium Issue,Call Centre,10-04-26,Resolved,5
4004855,1040728,2040728,7-14-2026,Premium Issue,Call Centre,7-18-2026,Resolved,4
4004874,1040897,2040897,11-19-2025,Premium Issue,Call Centre,12-13-2025,Resolved,24
4004926,1041358,2041358,6-28-2025,Premium Issue,Call Centre,07-12-25,Resolved,14
4005058,1042527,2042527,8-28-2026,Premium Issue,Call Centre,9-13-2026,Resolved,16
4005063,1042574,2042574,4-14-2025,Premium Issue,Call Centre,4-29-2025,Resolved,15
4005160,1043368,2043368,1-20-2025,Premium Issue,Call Centre,1-24-2025,Resolved,4
4005174,1043493,2043493,8-18-2025,Premium Issue,Call Centre,8-31-2025,Resolved,13
4005182,1043588,2043588,8-22-2024,Premium Issue,Call Centre,9-16-2024,Resolved,25
4005220,1043883,2043883,09-12-24,Premium Issue,Call Centre,10-02-24,Resolved,20
4005235,1044052,2044052,7-18-2026,Premium Issue,Call Centre,8-17-2026,Resolved,30
4005278,1044424,2044424,12-20-2024,Premium Issue,Call Centre,01-10-25,Resolved,21
4005338,1044879,2044879,01-10-26,Premium Issue,Call Centre,01-12-26,Resolved,2
4005376,1045222,2045222,02-02-25,Premium Issue,Call Centre,02-09-25,Resolved,7
4005417,1045611,2045611,04-04-26,Premium Issue,Call Centre,4-26-2026,Resolved,22
4005434,1045705,2045705,5-20-2025,Premium Issue,Call Centre,06-03-25,Resolved,14
4005461,1045931,2045931,06-03-24,Premium Issue,Call Centre,6-24-2024,Resolved,21
4005678,1047920,2047920,02-08-26,Premium Issue,Call Centre,02-10-26,Resolved,2
4005701,1048153,2048153,10-03-25,Premium Issue,Call Centre,10-19-2025,Resolved,16
4005711,1048215,2048215,7-13-2024,Premium Issue,Call Centre,08-05-24,Resolved,23
4005799,1048995,2048995,7-31-2026,Premium Issue,Call Centre,8-20-2026,Resolved,20
4005803,1049046,2049046,8-19-2024,Premium Issue,Call Centre,09-11-24,Resolved,23
4005849,1049368,2049368,09-06-25,Premium Issue,Call Centre,10-04-25,Resolved,28
4005921,1049904,2049904,04-06-25,Premium Issue,Call Centre,4-26-2025,Resolved,20
4005937,1050084,2050084,10-14-2026,Premium Issue,Call Centre,11-09-26,Resolved,26
4005965,1050270,2050270,08-12-24,Premium Issue,Call Centre,8-22-2024,Resolved,10
4005977,1050374,2050374,01-09-26,Premium Issue,Call Centre,1-27-2026,Resolved,18
4006006,1050586,2050586,07-08-24,Premium Issue,Call Centre,7-27-2024,Resolved,19
4006182,1052355,2052355,3-21-2026,Premium Issue,Call Centre,3-30-2026,Resolved,9
4006230,1052840,2052840,03-12-26,Premium Issue,Call Centre,3-14-2026,Resolved,2
4006295,1053291,2053291,1-21-2026,Premium Issue,Call Centre,02-05-26,Resolved,15
4006400,1054171,2054171,10-04-25,Premium Issue,Call Centre,10-09-25,Resolved,5
4006503,1055005,2055005,2-20-2026,Premium Issue,Call Centre,3-16-2026,Resolved,24
4006625,1055948,2055948,3-13-2025,Premium Issue,Call Centre,04-06-25,Resolved,24
4006684,1056502,2056502,7-17-2025,Premium Issue,Call Centre,7-29-2025,Resolved,12
4006686,1056510,2056510,10-12-25,Premium Issue,Call Centre,10-19-2025,Resolved,7
4006714,1056687,2056687,12-05-24,Premium Issue,Call Centre,12-12-24,Resolved,7
4006721,1056749,2056749,01-02-25,Premium Issue,Call Centre,1-22-2025,Resolved,20
4006724,1056757,2056757,07-08-26,Premium Issue,Call Centre,7-13-2026,Resolved,5
4006785,1057193,2057193,04-09-25,Premium Issue,Call Centre,4-27-2025,Resolved,18
4006924,1058187,2058187,4-15-2025,Premium Issue,Call Centre,4-24-2025,Resolved,9
4006945,1058347,2058347,7-19-2026,Premium Issue,Call Centre,7-31-2026,Resolved,12
4007017,1059002,2059002,4-28-2025,Premium Issue,Call Centre,05-04-25,Resolved,6
4007018,1059016,2059016,05-12-24,Premium Issue,Call Centre,06-02-24,Resolved,21
4007036,1059192,2059192,12-26-2024,Premium Issue,Call Centre,01-09-25,Resolved,14
4007041,1059221,2059221,6-23-2026,Premium Issue,Call Centre,7-22-2026,Resolved,29
4007376,1061801,2061801,11-25-2025,Premium Issue,Call Centre,12-04-25,Resolved,9
4007389,1061880,2061880,12-30-2025,Premium Issue,Call Centre,1-29-2026,Resolved,30
4007430,1062246,2062246,11-15-2025,Premium Issue,Call Centre,11-22-2025,Resolved,7
4007481,1062677,2062677,6-15-2024,Premium Issue,Call Centre,6-23-2024,Resolved,8
4007557,1063425,2063425,10-15-2024,Premium Issue,Call Centre,10-30-2024,Resolved,15
4007570,1063528,2063528,10-17-2025,Premium Issue,Call Centre,10-27-2025,Resolved,10
4007668,1064275,2064275,09-12-25,Premium Issue,Call Centre,9-29-2025,Resolved,17
4007675,1064332,2064332,1-25-2026,Premium Issue,Call Centre,02-01-26,Resolved,7
4007684,1064412,2064412,3-22-2025,Premium Issue,Call Centre,3-26-2025,Resolved,4
4007723,1064715,2064715,10-12-26,Premium Issue,Call Centre,11-02-26,Resolved,21
4007861,1065875,2065875,11-10-25,Premium Issue,Call Centre,11-24-2025,Resolved,14
4007872,1065941,2065941,04-09-25,Premium Issue,Call Centre,05-03-25,Resolved,24
4007900,1066150,2066150,5-25-2024,Premium Issue,Call Centre,06-02-24,Resolved,8
4007918,1066283,2066283,3-29-2025,Premium Issue,Call Centre,04-11-25,Resolved,13
4007959,1066568,2066568,06-07-25,Premium Issue,Call Centre,06-09-25,Resolved,2
4008020,1067123,2067123,07-10-24,Premium Issue,Call Centre,7-26-2024,Resolved,16
4008071,1067471,2067471,6-27-2026,Premium Issue,Call Centre,7-17-2026,Resolved,20
4008089,1067682,2067682,12-08-24,Premium Issue,Call Centre,12-24-2024,Resolved,16
4008126,1068034,2068034,6-18-2026,Premium Issue,Call Centre,07-05-26,Resolved,17
4008137,1068135,2068135,9-27-2024,Premium Issue,Call Centre,10-14-2024,Resolved,17
4008138,1068143,2068143,6-24-2026,Premium Issue,Call Centre,07-02-26,Resolved,8
4008205,1068708,2068708,10-31-2025,Premium Issue,Call Centre,11-13-2025,Resolved,13
4008326,1069679,2069679,01-07-26,Premium Issue,Call Centre,1-16-2026,Resolved,9
4008372,1070080,2070080,12-24-2024,Premium Issue,Call Centre,01-08-25,Resolved,15
4008404,1070432,2070432,1-26-2026,Premium Issue,Call Centre,2-23-2026,Resolved,28
4008437,1070709,2070709,7-19-2025,Premium Issue,Call Centre,7-25-2025,Resolved,6
4008468,1070995,2070995,06-08-24,Premium Issue,Call Centre,06-12-24,Resolved,4
4008477,1071075,2071075,03-10-25,Premium Issue,Call Centre,3-29-2025,Resolved,19
4008498,1071229,2071229,8-21-2025,Premium Issue,Call Centre,9-19-2025,Resolved,29
4008505,1071292,2071292,01-10-25,Premium Issue,Call Centre,1-18-2025,Resolved,8
4008601,1072190,2072190,03-07-26,Premium Issue,Call Centre,3-31-2026,Resolved,24
4008657,1072722,2072722,05-05-24,Premium Issue,Call Centre,5-22-2024,Resolved,17
4008725,1073276,2073276,7-16-2024,Premium Issue,Call Centre,08-07-24,Resolved,22
4008740,1073407,2073407,8-14-2025,Premium Issue,Call Centre,09-09-25,Resolved,26
4008765,1073600,2073600,1-31-2026,Premium Issue,Call Centre,2-14-2026,Resolved,14
4008768,1073619,2073619,12-06-25,Premium Issue,Call Centre,12-26-2025,Resolved,20
4008809,1073948,2073948,11-22-2024,Premium Issue,Call Centre,12-19-2024,Resolved,27
4008845,1074302,2074302,11-25-2025,Premium Issue,Call Centre,12-12-25,Resolved,17
4008967,1075347,2075347,09-11-25,Premium Issue,Call Centre,9-25-2025,Resolved,14
4009020,1075738,2075738,8-13-2024,Premium Issue,Call Centre,8-20-2024,Resolved,7
4009133,1076539,2076539,3-23-2025,Premium Issue,Call Centre,4-16-2025,Resolved,24
4009145,1076630,2076630,06-03-25,Premium Issue,Call Centre,6-15-2025,Resolved,12
4009169,1076835,2076835,02-11-26,Premium Issue,Call Centre,03-09-26,Resolved,26
4009244,1077470,2077470,6-20-2025,Premium Issue,Call Centre,07-03-25,Resolved,13
4009250,1077511,2077511,3-24-2024,Premium Issue,Call Centre,4-15-2024,Resolved,22
4009345,1078417,2078417,12-02-24,Premium Issue,Call Centre,12-27-2024,Resolved,25
4009361,1078562,2078562,3-29-2026,Premium Issue,Call Centre,04-04-26,Resolved,6
4009469,1079473,2079473,08-08-25,Premium Issue,Call Centre,08-10-25,Resolved,2
4009507,1079755,2079755,01-05-25,Premium Issue,Call Centre,1-17-2025,Resolved,12
4009530,1079969,2079969,10-05-25,Premium Issue,Call Centre,10-11-25,Resolved,6
4009553,1080123,2080123,1-26-2026,Premium Issue,Call Centre,2-23-2026,Resolved,28
4009594,1080418,2080418,6-17-2025,Premium Issue,Call Centre,07-01-25,Resolved,14
4009630,1080709,2080709,11-05-24,Premium Issue,Call Centre,11-29-2024,Resolved,24
4009634,1080735,2080735,7-14-2025,Premium Issue,Call Centre,7-15-2025,Resolved,1
4009648,1080837,2080837,6-23-2024,Premium Issue,Call Centre,6-30-2024,Resolved,7
4009713,1081315,2081315,01-06-25,Premium Issue,Call Centre,1-28-2025,Resolved,22
4009716,1081327,2081327,06-11-24,Premium Issue,Call Centre,6-24-2024,Resolved,13
4009810,1082073,2082073,1-23-2026,Premium Issue,Call Centre,02-06-26,Resolved,14
4009848,1082350,2082350,6-27-2025,Premium Issue,Call Centre,07-07-25,Resolved,10
4009857,1082441,2082441,5-27-2025,Premium Issue,Call Centre,06-06-25,Resolved,10
4009904,1082765,2082765,12-19-2025,Premium Issue,Call Centre,12-20-2025,Resolved,1
4009965,1083352,2083352,8-29-2025,Premium Issue,Call Centre,9-18-2025,Resolved,20
4009966,1083392,2083392,6-16-2024,Premium Issue,Call Centre,7-15-2024,Resolved,29
4009971,1083419,2083419,10-11-25,Premium Issue,Call Centre,11-05-25,Resolved,25
4009975,1083458,2083458,1-28-2026,Premium Issue,Call Centre,2-23-2026,Resolved,26
4010001,1083688,2083688,1-22-2026,Premium Issue,Call Centre,1-31-2026,Resolved,9
4010109,1084569,2084569,5-14-2025,Premium Issue,Call Centre,5-27-2025,Resolved,13
4010216,1085503,2085503,6-16-2025,Premium Issue,Call Centre,6-28-2025,Resolved,12
4010242,1085796,2085796,08-02-24,Premium Issue,Call Centre,8-24-2024,Resolved,22
4010244,1085809,2085809,6-15-2024,Premium Issue,Call Centre,6-17-2024,Resolved,2
4010263,1085953,2085953,01-07-25,Premium Issue,Call Centre,02-06-25,Resolved,30
4010265,1086008,2086008,8-19-2024,Premium Issue,Call Centre,09-07-24,Resolved,19
4010281,1086113,2086113,2-27-2025,Premium Issue,Call Centre,3-22-2025,Resolved,23
4010382,1087074,2087074,3-31-2026,Premium Issue,Call Centre,04-06-26,Resolved,6
4010464,1087696,2087696,7-14-2026,Premium Issue,Call Centre,8-13-2026,Resolved,30
4010549,1088324,2088324,10-11-25,Premium Issue,Call Centre,10-21-2025,Resolved,10
4010580,1088554,2088554,08-03-25,Premium Issue,Call Centre,08-10-25,Resolved,7
4010618,1088779,2088779,11-05-25,Premium Issue,Call Centre,12-03-25,Resolved,28
4010622,1088798,2088798,11-04-25,Premium Issue,Call Centre,12-02-25,Resolved,28
4010810,1090429,2090429,12-26-2024,Premium Issue,Call Centre,1-14-2025,Resolved,19
4010826,1090580,2090580,4-13-2026,Premium Issue,Call Centre,4-26-2026,Resolved,13
4010854,1090795,2090795,11-04-25,Premium Issue,Call Centre,11-23-2025,Resolved,19
4010901,1091163,2091163,12-23-2024,Premium Issue,Call Centre,01-10-25,Resolved,18
4010987,1091938,2091938,4-15-2025,Premium Issue,Call Centre,4-17-2025,Resolved,2
4011004,1092078,2092078,7-23-2026,Premium Issue,Call Centre,8-19-2026,Resolved,27
4011031,1092268,2092268,12-06-25,Premium Issue,Call Centre,12-28-2025,Resolved,22
4011067,1092492,2092492,11-07-25,Premium Issue,Call Centre,12-06-25,Resolved,29
4011102,1092780,2092780,1-17-2026,Premium Issue,Call Centre,1-19-2026,Resolved,2
4011111,1092858,2092858,7-13-2026,Premium Issue,Call Centre,7-26-2026,Resolved,13
4011119,1092939,2092939,4-17-2026,Premium Issue,Call Centre,4-29-2026,Resolved,12
4011288,1094303,2094303,11-03-24,Premium Issue,Call Centre,11-21-2024,Resolved,18
4011322,1094696,2094696,03-02-26,Premium Issue,Call Centre,03-05-26,Resolved,3
4011358,1094968,2094968,07-07-24,Premium Issue,Call Centre,08-03-24,Resolved,27
4011398,1095383,2095383,8-14-2025,Premium Issue,Call Centre,8-25-2025,Resolved,11
4011400,1095410,2095410,4-19-2026,Premium Issue,Call Centre,4-25-2026,Resolved,6
4011474,1096106,2096106,7-18-2026,Premium Issue,Call Centre,7-27-2026,Resolved,9
4011565,1096877,2096877,1-23-2025,Premium Issue,Call Centre,1-24-2025,Resolved,1
4011633,1097518,2097518,8-28-2025,Premium Issue,Call Centre,09-06-25,Resolved,9
4011650,1097720,2097720,12-06-25,Premium Issue,Call Centre,12-12-25,Resolved,6
4011750,1098483,2098483,6-24-2024,Premium Issue,Call Centre,7-17-2024,Resolved,23
4011761,1098559,2098559,9-16-2024,Premium Issue,Call Centre,9-18-2024,Resolved,2
4011783,1098698,2098698,4-29-2024,Premium Issue,Call Centre,5-21-2024,Resolved,22
4011784,1098699,2098699,04-09-26,Premium Issue,Call Centre,05-09-26,Resolved,30
4011819,1098967,2098967,01-06-26,Premium Issue,Call Centre,1-15-2026,Resolved,9
4011830,1099050,2099050,03-03-26,Premium Issue,Call Centre,3-31-2026,Resolved,28
4011838,1099122,2099122,12-10-25,Premium Issue,Call Centre,01-06-26,Resolved,27
4011868,1099313,2099313,11-28-2024,Premium Issue,Call Centre,12-06-24,Resolved,8
4011911,1099678,2099678,6-22-2026,Premium Issue,Call Centre,07-12-26,Resolved,20
4000040,1000376,2000376,5-23-2026,Service Quality,Call Centre,06-02-26,Resolved,10
4000067,1000607,2000607,2-20-2025,Service Quality,Call Centre,2-26-2025,Resolved,6
4000170,1001536,2001536,1-19-2026,Service Quality,Call Centre,02-08-26,Resolved,20
4000205,1001854,2001854,09-08-25,Service Quality,Call Centre,9-14-2025,Resolved,6
4000236,1002220,2002220,12-12-25,Service Quality,Call Centre,12-30-2025,Resolved,18
4000261,1002420,2002420,7-30-2024,Service Quality,Call Centre,08-03-24,Resolved,4
4000262,1002444,2002444,11-13-2024,Service Quality,Call Centre,11-30-2024,Resolved,17
4000397,1003549,2003549,07-03-26,Service Quality,Call Centre,7-29-2026,Resolved,26
4000498,1004360,2004360,8-16-2025,Service Quality,Call Centre,8-25-2025,Resolved,9
4000550,1004825,2004825,12-10-24,Service Quality,Call Centre,12-21-2024,Resolved,11
4000633,1005575,2005575,3-20-2025,Service Quality,Call Centre,3-24-2025,Resolved,4
4000656,1005725,2005725,08-05-25,Service Quality,Call Centre,8-25-2025,Resolved,20
4000708,1006151,2006151,9-22-2026,Service Quality,Call Centre,9-24-2026,Resolved,2
4000726,1006287,2006287,9-28-2026,Service Quality,Call Centre,10-13-2026,Resolved,15
4000738,1006454,2006454,5-26-2025,Service Quality,Call Centre,06-11-25,Resolved,16
4000828,1007291,2007291,11-07-25,Service Quality,Call Centre,11-25-2025,Resolved,18
4000868,1007584,2007584,11-24-2024,Service Quality,Call Centre,12-18-2024,Resolved,24
4000870,1007615,2007615,05-05-26,Service Quality,Call Centre,5-24-2026,Resolved,19
4000879,1007699,2007699,10-14-2024,Service Quality,Call Centre,10-25-2024,Resolved,11
4000898,1007816,2007816,3-14-2026,Service Quality,Call Centre,04-12-26,Resolved,29
4001006,1008633,2008633,1-16-2025,Service Quality,Call Centre,1-20-2025,Resolved,4
4001060,1009033,2009033,09-07-24,Service Quality,Call Centre,10-03-24,Resolved,26
4001088,1009284,2009284,6-28-2025,Service Quality,Call Centre,07-05-25,Resolved,7
4001143,1009709,2009709,02-12-26,Service Quality,Call Centre,2-17-2026,Resolved,5
4001154,1009773,2009773,8-14-2025,Service Quality,Call Centre,09-06-25,Resolved,23
4001163,1009849,2009849,02-08-25,Service Quality,Call Centre,03-05-25,Resolved,25
4001183,1010093,2010093,5-14-2026,Service Quality,Call Centre,5-16-2026,Resolved,2
4001303,1011107,2011107,05-06-25,Service Quality,Call Centre,05-11-25,Resolved,5
4001340,1011362,2011362,7-29-2025,Service Quality,Call Centre,08-12-25,Resolved,14
4001435,1012280,2012280,01-10-25,Service Quality,Call Centre,01-11-25,Resolved,1
4001482,1012616,2012616,11-13-2024,Service Quality,Call Centre,11-22-2024,Resolved,9
4001488,1012678,2012678,12-06-25,Service Quality,Call Centre,01-03-26,Resolved,28
4001495,1012692,2012692,04-10-25,Service Quality,Call Centre,4-24-2025,Resolved,14
4001559,1013301,2013301,02-12-26,Service Quality,Call Centre,03-12-26,Resolved,28
4001646,1013922,2013922,08-09-25,Service Quality,Call Centre,8-29-2025,Resolved,20
4001648,1013929,2013929,5-18-2025,Service Quality,Call Centre,6-17-2025,Resolved,30
4001652,1013966,2013966,03-06-24,Service Quality,Call Centre,3-29-2024,Resolved,23
4001697,1014365,2014365,12-02-25,Service Quality,Call Centre,12-03-25,Resolved,1
4001802,1015286,2015286,3-23-2025,Service Quality,Call Centre,04-02-25,Resolved,10
4001813,1015368,2015368,04-03-24,Service Quality,Call Centre,04-12-24,Resolved,9
4001865,1015878,2015878,2-18-2026,Service Quality,Call Centre,03-04-26,Resolved,14
4001866,1015893,2015893,10-07-25,Service Quality,Call Centre,10-18-2025,Resolved,11
4001896,1016147,2016147,10-31-2024,Service Quality,Call Centre,11-03-24,Resolved,3
4001907,1016223,2016223,1-20-2026,Service Quality,Call Centre,2-18-2026,Resolved,29
4001942,1016465,2016465,12-13-2024,Service Quality,Call Centre,12-19-2024,Resolved,6
4001969,1016622,2016622,03-10-24,Service Quality,Call Centre,3-31-2024,Resolved,21
4001989,1016781,2016781,9-15-2025,Service Quality,Call Centre,10-05-25,Resolved,20
4001993,1016820,2016820,11-03-24,Service Quality,Call Centre,11-27-2024,Resolved,24
4002040,1017241,2017241,9-19-2024,Service Quality,Call Centre,10-04-24,Resolved,15
4002304,1019682,2019682,1-17-2026,Service Quality,Call Centre,1-20-2026,Resolved,3
4002326,1019860,2019860,10-02-25,Service Quality,Call Centre,10-17-2025,Resolved,15
4002337,1019937,2019937,12-25-2024,Service Quality,Call Centre,1-13-2025,Resolved,19
4002391,1020309,2020309,1-28-2025,Service Quality,Call Centre,2-17-2025,Resolved,20
4002448,1020728,2020728,4-27-2026,Service Quality,Call Centre,05-01-26,Resolved,4
4002462,1020818,2020818,9-16-2024,Service Quality,Call Centre,10-09-24,Resolved,23
4002476,1020921,2020921,09-08-24,Service Quality,Call Centre,9-26-2024,Resolved,18
4002477,1020937,2020937,12-03-24,Service Quality,Call Centre,12-17-2024,Resolved,14
4002519,1021290,2021290,11-22-2025,Service Quality,Call Centre,12-16-2025,Resolved,24
4002667,1022645,2022645,9-27-2024,Service Quality,Call Centre,10-15-2024,Resolved,18
4002701,1022885,2022885,11-19-2024,Service Quality,Call Centre,12-17-2024,Resolved,28
4002709,1022919,2022919,07-01-25,Service Quality,Call Centre,07-08-25,Resolved,7
4002722,1023024,2023024,9-19-2025,Service Quality,Call Centre,10-09-25,Resolved,20
4002768,1023383,2023383,10-09-24,Service Quality,Call Centre,10-24-2024,Resolved,15
4002985,1025179,2025179,11-01-24,Service Quality,Call Centre,11-07-24,Resolved,6
4002986,1025182,2025182,7-21-2024,Service Quality,Call Centre,7-25-2024,Resolved,4
4003055,1025649,2025649,9-17-2024,Service Quality,Call Centre,9-29-2024,Resolved,12
4003118,1026133,2026133,07-04-26,Service Quality,Call Centre,7-31-2026,Resolved,27
4003249,1027395,2027395,9-22-2025,Service Quality,Call Centre,9-28-2025,Resolved,6
4003260,1027448,2027448,01-11-25,Service Quality,Call Centre,1-15-2025,Resolved,4
4003402,1028635,2028635,8-30-2025,Service Quality,Call Centre,9-19-2025,Resolved,20
4003417,1028779,2028779,8-31-2025,Service Quality,Call Centre,09-08-25,Resolved,8
4003439,1028957,2028957,05-05-25,Service Quality,Call Centre,5-31-2025,Resolved,26
4003550,1030074,2030074,10-14-2025,Service Quality,Call Centre,10-26-2025,Resolved,12
4003586,1030393,2030393,4-19-2026,Service Quality,Call Centre,05-10-26,Resolved,21
4003626,1030784,2030784,04-07-25,Service Quality,Call Centre,4-19-2025,Resolved,12
4003760,1031901,2031901,5-19-2024,Service Quality,Call Centre,06-09-24,Resolved,21
4003783,1032134,2032134,12-20-2024,Service Quality,Call Centre,12-30-2024,Resolved,10
4003838,1032597,2032597,10-06-24,Service Quality,Call Centre,10-20-2024,Resolved,14
4003969,1033628,2033628,6-22-2024,Service Quality,Call Centre,7-17-2024,Resolved,25
4004063,1034353,2034353,01-01-25,Service Quality,Call Centre,01-02-25,Resolved,1
4004064,1034368,2034368,1-24-2026,Service Quality,Call Centre,2-16-2026,Resolved,23
4004153,1035156,2035156,9-15-2025,Service Quality,Call Centre,9-19-2025,Resolved,4
4004161,1035236,2035236,9-20-2025,Service Quality,Call Centre,9-21-2025,Resolved,1
4004234,1035832,2035832,7-31-2026,Service Quality,Call Centre,8-24-2026,Resolved,24
4004243,1035919,2035919,2-16-2026,Service Quality,Call Centre,2-27-2026,Resolved,11
4004309,1036493,2036493,1-19-2026,Service Quality,Call Centre,2-17-2026,Resolved,29
4004390,1037077,2037077,6-20-2025,Service Quality,Call Centre,07-11-25,Resolved,21
4004433,1037432,2037432,11-07-24,Service Quality,Call Centre,11-11-24,Resolved,4
4004533,1038161,2038161,11-07-24,Service Quality,Call Centre,11-20-2024,Resolved,13
4004541,1038196,2038196,05-05-25,Service Quality,Call Centre,05-12-25,Resolved,7
4004543,1038216,2038216,10-31-2024,Service Quality,Call Centre,11-18-2024,Resolved,18
4004544,1038234,2038234,9-16-2024,Service Quality,Call Centre,10-07-24,Resolved,21
4004566,1038339,2038339,2-24-2026,Service Quality,Call Centre,3-26-2026,Resolved,30
4004571,1038374,2038374,8-19-2024,Service Quality,Call Centre,8-31-2024,Resolved,12
4004678,1039229,2039229,02-03-25,Service Quality,Call Centre,02-05-25,Resolved,2
4004764,1039945,2039945,2-17-2024,Service Quality,Call Centre,2-24-2024,Resolved,7
4004851,1040702,2040702,09-01-25,Service Quality,Call Centre,9-25-2025,Resolved,24
4004949,1041578,2041578,6-25-2024,Service Quality,Call Centre,07-11-24,Resolved,16
4005026,1042281,2042281,9-20-2025,Service Quality,Call Centre,10-20-2025,Resolved,30
4005102,1042946,2042946,5-27-2025,Service Quality,Call Centre,06-09-25,Resolved,13
4005139,1043179,2043179,08-07-25,Service Quality,Call Centre,8-29-2025,Resolved,22
4005163,1043385,2043385,01-07-26,Service Quality,Call Centre,1-21-2026,Resolved,14
4005185,1043616,2043616,01-09-25,Service Quality,Call Centre,1-23-2025,Resolved,14
4005229,1044025,2044025,01-02-25,Service Quality,Call Centre,02-01-25,Resolved,30
4005411,1045576,2045576,02-11-26,Service Quality,Call Centre,03-11-26,Resolved,28
4005428,1045667,2045667,11-22-2025,Service Quality,Call Centre,12-01-25,Resolved,9
4005464,1045943,2045943,10-23-2025,Service Quality,Call Centre,10-30-2025,Resolved,7
4005517,1046411,2046411,11-19-2024,Service Quality,Call Centre,12-02-24,Resolved,13
4005540,1046583,2046583,3-28-2026,Service Quality,Call Centre,4-26-2026,Resolved,29
4005550,1046724,2046724,11-27-2025,Service Quality,Call Centre,12-01-25,Resolved,4
4005580,1047001,2047001,5-23-2024,Service Quality,Call Centre,5-31-2024,Resolved,8
4005657,1047734,2047734,11-08-24,Service Quality,Call Centre,11-21-2024,Resolved,13
4005664,1047814,2047814,04-07-25,Service Quality,Call Centre,04-08-25,Resolved,1
4005721,1048298,2048298,10-21-2025,Service Quality,Call Centre,11-13-2025,Resolved,23
4005754,1048517,2048517,3-29-2025,Service Quality,Call Centre,4-22-2025,Resolved,24
4005783,1048803,2048803,03-10-26,Service Quality,Call Centre,3-31-2026,Resolved,21
4005794,1048936,2048936,3-24-2025,Service Quality,Call Centre,04-09-25,Resolved,16
4005826,1049199,2049199,5-28-2025,Service Quality,Call Centre,06-02-25,Resolved,5
4005831,1049226,2049226,03-07-26,Service Quality,Call Centre,3-24-2026,Resolved,17
4005870,1049539,2049539,5-19-2025,Service Quality,Call Centre,5-30-2025,Resolved,11
4005958,1050227,2050227,06-09-24,Service Quality,Call Centre,6-14-2024,Resolved,5
4005961,1050236,2050236,05-02-24,Service Quality,Call Centre,5-24-2024,Resolved,22
4005962,1050240,2050240,12-13-2025,Service Quality,Call Centre,12-16-2025,Resolved,3
4005999,1050540,2050540,12-13-2025,Service Quality,Call Centre,01-06-26,Resolved,24
4006000,1050550,2050550,12-20-2025,Service Quality,Call Centre,12-22-2025,Resolved,2
4006087,1051484,2051484,06-05-25,Service Quality,Call Centre,6-15-2025,Resolved,10
4006096,1051540,2051540,7-16-2025,Service Quality,Call Centre,08-10-25,Resolved,25
4006189,1052427,2052427,02-06-26,Service Quality,Call Centre,2-28-2026,Resolved,22
4006216,1052662,2052662,7-16-2025,Service Quality,Call Centre,7-22-2025,Resolved,6
4006226,1052794,2052794,5-19-2025,Service Quality,Call Centre,06-07-25,Resolved,19
4006227,1052817,2052817,09-09-24,Service Quality,Call Centre,9-23-2024,Resolved,14
4006240,1052906,2052906,3-18-2025,Service Quality,Call Centre,04-01-25,Resolved,14
4006324,1053596,2053596,07-07-26,Service Quality,Call Centre,7-19-2026,Resolved,12
4006349,1053788,2053788,9-13-2025,Service Quality,Call Centre,9-25-2025,Resolved,12
4006357,1053854,2053854,10-01-25,Service Quality,Call Centre,10-15-2025,Resolved,14
4006381,1054010,2054010,05-07-24,Service Quality,Call Centre,5-17-2024,Resolved,10
4006402,1054176,2054176,6-28-2026,Service Quality,Call Centre,7-19-2026,Resolved,21
4006440,1054474,2054474,3-14-2026,Service Quality,Call Centre,3-28-2026,Resolved,14
4006450,1054533,2054533,1-14-2025,Service Quality,Call Centre,1-27-2025,Resolved,13
4006492,1054912,2054912,02-05-26,Service Quality,Call Centre,02-10-26,Resolved,5
4006517,1055135,2055135,6-21-2026,Service Quality,Call Centre,6-28-2026,Resolved,7
4006528,1055197,2055197,12-22-2024,Service Quality,Call Centre,01-08-25,Resolved,17
4006579,1055616,2055616,2-14-2026,Service Quality,Call Centre,3-13-2026,Resolved,27
4006628,1055972,2055972,5-25-2025,Service Quality,Call Centre,5-30-2025,Resolved,5
4006650,1056189,2056189,08-03-25,Service Quality,Call Centre,08-05-25,Resolved,2
4006659,1056285,2056285,11-10-25,Service Quality,Call Centre,11-25-2025,Resolved,15
4006718,1056730,2056730,10-07-25,Service Quality,Call Centre,10-25-2025,Resolved,18
4006771,1057117,2057117,08-11-26,Service Quality,Call Centre,8-29-2026,Resolved,18
4006792,1057237,2057237,12-05-24,Service Quality,Call Centre,01-03-25,Resolved,29
4006799,1057303,2057303,11-27-2024,Service Quality,Call Centre,12-21-2024,Resolved,24
4006979,1058658,2058658,11-24-2025,Service Quality,Call Centre,12-14-2025,Resolved,20
4006986,1058721,2058721,10-16-2025,Service Quality,Call Centre,11-14-2025,Resolved,29
4007009,1058953,2058953,3-30-2025,Service Quality,Call Centre,04-01-25,Resolved,2
4007056,1059310,2059310,06-11-25,Service Quality,Call Centre,6-19-2025,Resolved,8
4007100,1059695,2059695,7-28-2025,Service Quality,Call Centre,08-03-25,Resolved,6
4007118,1059789,2059789,3-14-2026,Service Quality,Call Centre,3-26-2026,Resolved,12
4007284,1061070,2061070,2-26-2025,Service Quality,Call Centre,3-16-2025,Resolved,18
4007358,1061661,2061661,11-23-2024,Service Quality,Call Centre,12-02-24,Resolved,9
4007457,1062390,2062390,5-19-2025,Service Quality,Call Centre,5-24-2025,Resolved,5
4007539,1063261,2063261,2-15-2025,Service Quality,Call Centre,03-06-25,Resolved,19
4007572,1063536,2063536,3-30-2025,Service Quality,Call Centre,04-02-25,Resolved,3
4007574,1063553,2063553,07-08-25,Service Quality,Call Centre,7-18-2025,Resolved,10
4007598,1063716,2063716,3-24-2026,Service Quality,Call Centre,04-07-26,Resolved,14
4007644,1064059,2064059,5-31-2025,Service Quality,Call Centre,06-04-25,Resolved,4
4007784,1065172,2065172,3-24-2025,Service Quality,Call Centre,4-13-2025,Resolved,20
4007799,1065317,2065317,5-29-2025,Service Quality,Call Centre,6-28-2025,Resolved,30
4007876,1065959,2065959,9-22-2025,Service Quality,Call Centre,9-29-2025,Resolved,7
4007983,1066813,2066813,06-10-25,Service Quality,Call Centre,07-02-25,Resolved,22
4008111,1067933,2067933,04-08-26,Service Quality,Call Centre,4-21-2026,Resolved,13
4008123,1068012,2068012,5-13-2025,Service Quality,Call Centre,06-12-25,Resolved,30
4008140,1068150,2068150,5-15-2026,Service Quality,Call Centre,06-07-26,Resolved,23
4008168,1068366,2068366,11-08-26,Service Quality,Call Centre,11-14-2026,Resolved,6
4008185,1068497,2068497,5-28-2024,Service Quality,Call Centre,06-02-24,Resolved,5
4008187,1068508,2068508,4-16-2025,Service Quality,Call Centre,4-17-2025,Resolved,1
4008385,1070227,2070227,4-13-2025,Service Quality,Call Centre,05-03-25,Resolved,20
4008451,1070848,2070848,1-28-2025,Service Quality,Call Centre,02-08-25,Resolved,11
4008458,1070897,2070897,11-12-25,Service Quality,Call Centre,12-10-25,Resolved,28
4008537,1071596,2071596,12-11-24,Service Quality,Call Centre,12-20-2024,Resolved,9
4008666,1072786,2072786,10-31-2024,Service Quality,Call Centre,11-13-2024,Resolved,13
4008875,1074544,2074544,3-21-2024,Service Quality,Call Centre,3-25-2024,Resolved,4
4008876,1074546,2074546,10-13-2024,Service Quality,Call Centre,10-30-2024,Resolved,17
4008888,1074671,2074671,9-13-2025,Service Quality,Call Centre,9-21-2025,Resolved,8
4008985,1075503,2075503,07-12-24,Service Quality,Call Centre,7-17-2024,Resolved,5
4009050,1075975,2075975,4-23-2025,Service Quality,Call Centre,5-20-2025,Resolved,27
4009082,1076165,2076165,05-03-24,Service Quality,Call Centre,5-26-2024,Resolved,23
4009089,1076229,2076229,04-12-25,Service Quality,Call Centre,4-20-2025,Resolved,8
4009101,1076297,2076297,1-15-2025,Service Quality,Call Centre,1-16-2025,Resolved,1
4009218,1077205,2077205,04-01-26,Service Quality,Call Centre,4-19-2026,Resolved,18
4009262,1077635,2077635,5-14-2025,Service Quality,Call Centre,06-05-25,Resolved,22
4009264,1077645,2077645,7-16-2026,Service Quality,Call Centre,7-25-2026,Resolved,9
4009274,1077772,2077772,2-27-2026,Service Quality,Call Centre,3-20-2026,Resolved,21
4009300,1078052,2078052,12-11-24,Service Quality,Call Centre,01-04-25,Resolved,24
4009351,1078479,2078479,2-24-2026,Service Quality,Call Centre,3-25-2026,Resolved,29
4009407,1078996,2078996,7-16-2025,Service Quality,Call Centre,7-28-2025,Resolved,12
4009411,1079020,2079020,1-30-2026,Service Quality,Call Centre,02-04-26,Resolved,5
4009509,1079794,2079794,12-12-24,Service Quality,Call Centre,12-17-2024,Resolved,5
4009657,1080922,2080922,03-04-26,Service Quality,Call Centre,3-22-2026,Resolved,18
4009722,1081371,2081371,11-19-2025,Service Quality,Call Centre,12-13-2025,Resolved,24
4009737,1081476,2081476,3-22-2026,Service Quality,Call Centre,04-10-26,Resolved,19
4009744,1081538,2081538,08-02-25,Service Quality,Call Centre,8-29-2025,Resolved,27
4009753,1081605,2081605,05-07-24,Service Quality,Call Centre,5-22-2024,Resolved,15
4009800,1081988,2081988,02-12-25,Service Quality,Call Centre,03-05-25,Resolved,21
4009814,1082094,2082094,2-19-2026,Service Quality,Call Centre,3-21-2026,Resolved,30
4009893,1082646,2082646,01-02-26,Service Quality,Call Centre,1-26-2026,Resolved,24
4009995,1083626,2083626,4-16-2025,Service Quality,Call Centre,4-22-2025,Resolved,6
4010018,1083798,2083798,8-27-2024,Service Quality,Call Centre,09-06-24,Resolved,10
4010068,1084222,2084222,04-06-26,Service Quality,Call Centre,05-02-26,Resolved,26
4010082,1084315,2084315,12-07-24,Service Quality,Call Centre,12-31-2024,Resolved,24
4010132,1084784,2084784,2-13-2025,Service Quality,Call Centre,03-12-25,Resolved,27
4010327,1086583,2086583,07-10-25,Service Quality,Call Centre,07-11-25,Resolved,1
4010396,1087194,2087194,01-04-25,Service Quality,Call Centre,02-01-25,Resolved,28
4010420,1087377,2087377,11-06-24,Service Quality,Call Centre,11-26-2024,Resolved,20
4010486,1087862,2087862,11-06-25,Service Quality,Call Centre,11-14-2025,Resolved,8
4010507,1088000,2088000,09-11-24,Service Quality,Call Centre,9-15-2024,Resolved,4
4010546,1088311,2088311,4-30-2026,Service Quality,Call Centre,5-23-2026,Resolved,23
4010553,1088367,2088367,2-22-2026,Service Quality,Call Centre,3-24-2026,Resolved,30
4010556,1088391,2088391,10-20-2025,Service Quality,Call Centre,10-24-2025,Resolved,4
4010603,1088723,2088723,11-28-2024,Service Quality,Call Centre,12-18-2024,Resolved,20
4010627,1088829,2088829,1-29-2026,Service Quality,Call Centre,2-21-2026,Resolved,23
4010705,1089561,2089561,9-19-2025,Service Quality,Call Centre,10-05-25,Resolved,16
4010734,1089812,2089812,6-24-2024,Service Quality,Call Centre,07-04-24,Resolved,10
4010833,1090625,2090625,02-08-26,Service Quality,Call Centre,2-25-2026,Resolved,17
4010847,1090745,2090745,10-15-2025,Service Quality,Call Centre,10-29-2025,Resolved,14
4010894,1091058,2091058,06-08-26,Service Quality,Call Centre,07-01-26,Resolved,23
4010899,1091114,2091114,12-06-24,Service Quality,Call Centre,01-02-25,Resolved,27
4010967,1091803,2091803,07-09-24,Service Quality,Call Centre,08-07-24,Resolved,29
4010988,1091941,2091941,3-31-2026,Service Quality,Call Centre,04-08-26,Resolved,8
4011048,1092364,2092364,02-11-25,Service Quality,Call Centre,03-07-25,Resolved,24
4011052,1092388,2092388,07-07-25,Service Quality,Call Centre,08-03-25,Resolved,27
4011211,1093727,2093727,4-20-2025,Service Quality,Call Centre,4-23-2025,Resolved,3
4011226,1093823,2093823,2-17-2025,Service Quality,Call Centre,2-27-2025,Resolved,10
4011274,1094183,2094183,01-05-25,Service Quality,Call Centre,01-12-25,Resolved,7
4011303,1094452,2094452,1-16-2026,Service Quality,Call Centre,1-18-2026,Resolved,2
4011347,1094841,2094841,5-28-2025,Service Quality,Call Centre,06-08-25,Resolved,11
4011354,1094903,2094903,3-15-2026,Service Quality,Call Centre,3-24-2026,Resolved,9
4011414,1095523,2095523,10-01-24,Service Quality,Call Centre,10-24-2024,Resolved,23
4011477,1096116,2096116,11-19-2025,Service Quality,Call Centre,12-17-2025,Resolved,28
4011516,1096453,2096453,7-17-2026,Service Quality,Call Centre,08-12-26,Resolved,26
4011534,1096651,2096651,12-13-2025,Service Quality,Call Centre,12-29-2025,Resolved,16
4011548,1096775,2096775,07-02-26,Service Quality,Call Centre,07-08-26,Resolved,6
4011560,1096859,2096859,09-05-24,Service Quality,Call Centre,9-13-2024,Resolved,8
4011591,1097162,2097162,1-26-2025,Service Quality,Call Centre,02-02-25,Resolved,7
4011598,1097219,2097219,1-25-2025,Service Quality,Call Centre,2-19-2025,Resolved,25
4011649,1097705,2097705,07-05-25,Service Quality,Call Centre,7-17-2025,Resolved,12
4011668,1097852,2097852,05-04-26,Service Quality,Call Centre,5-24-2026,Resolved,20
4011689,1098019,2098019,02-03-26,Service Quality,Call Centre,02-06-26,Resolved,3
4011724,1098252,2098252,05-04-25,Service Quality,Call Centre,5-30-2025,Resolved,26
4011755,1098517,2098517,12-05-24,Service Quality,Call Centre,12-06-24,Resolved,1
4011768,1098607,2098607,10-13-2025,Service Quality,Call Centre,11-10-25,Resolved,28
4011776,1098644,2098644,3-18-2025,Service Quality,Call Centre,3-24-2025,Resolved,6
4011824,1099012,2099012,3-20-2025,Service Quality,Call Centre,04-04-25,Resolved,15
4011898,1099526,2099526,10-06-25,Service Quality,Call Centre,11-02-25,Resolved,27
4011953,1100000,2100000,4-28-2025,Service Quality,Call Centre,5-28-2025,Resolved,30
4000072,1000638,2000638,5-16-2026,App/Website,Call Centre,06-03-26,Resolved,18
4000098,1000882,2000882,8-25-2024,App/Website,Call Centre,9-16-2024,Resolved,22
4000172,1001558,2001558,5-30-2024,App/Website,Call Centre,6-18-2024,Resolved,19
4000174,1001572,2001572,06-06-26,App/Website,Call Centre,6-27-2026,Resolved,21
4000208,1001892,2001892,07-11-25,App/Website,Call Centre,7-31-2025,Resolved,20
4000209,1001899,2001899,02-12-25,App/Website,Call Centre,2-19-2025,Resolved,7
4000216,1001997,2001997,11-08-24,App/Website,Call Centre,11-10-24,Resolved,2
4000275,1002528,2002528,02-07-25,App/Website,Call Centre,02-09-25,Resolved,2
4000426,1003804,2003804,12-03-25,App/Website,Call Centre,12-27-2025,Resolved,24
4000471,1004184,2004184,08-10-24,App/Website,Call Centre,08-12-24,Resolved,2
4000512,1004491,2004491,10-27-2024,App/Website,Call Centre,11-22-2024,Resolved,26
4000565,1004969,2004969,02-02-25,App/Website,Call Centre,02-04-25,Resolved,2
4000611,1005355,2005355,01-10-25,App/Website,Call Centre,1-13-2025,Resolved,3
4000644,1005648,2005648,10-27-2025,App/Website,Call Centre,11-24-2025,Resolved,28
4000645,1005653,2005653,2-27-2026,App/Website,Call Centre,3-18-2026,Resolved,19
4000653,1005715,2005715,10-18-2026,App/Website,Call Centre,11-04-26,Resolved,17
4000669,1005870,2005870,04-09-26,App/Website,Call Centre,4-21-2026,Resolved,12
4000682,1005944,2005944,10-22-2025,App/Website,Call Centre,11-19-2025,Resolved,28
4000693,1006028,2006028,6-15-2025,App/Website,Call Centre,7-13-2025,Resolved,28
4000740,1006458,2006458,10-26-2025,App/Website,Call Centre,11-21-2025,Resolved,26
4000760,1006638,2006638,4-16-2025,App/Website,Call Centre,4-29-2025,Resolved,13
4000778,1006798,2006798,5-13-2025,App/Website,Call Centre,5-22-2025,Resolved,9
4000782,1006860,2006860,03-06-24,App/Website,Call Centre,3-16-2024,Resolved,10
4000865,1007542,2007542,1-26-2025,App/Website,Call Centre,02-06-25,Resolved,11
4000872,1007629,2007629,12-14-2025,App/Website,Call Centre,12-20-2025,Resolved,6
4000914,1007965,2007965,03-12-25,App/Website,Call Centre,3-30-2025,Resolved,18
4001003,1008617,2008617,8-25-2025,App/Website,Call Centre,9-15-2025,Resolved,21
4001046,1008905,2008905,07-11-25,App/Website,Call Centre,07-12-25,Resolved,1
4001081,1009228,2009228,10-08-24,App/Website,Call Centre,11-02-24,Resolved,25
4001103,1009374,2009374,02-07-25,App/Website,Call Centre,2-24-2025,Resolved,17
4001192,1010200,2010200,02-01-26,App/Website,Call Centre,03-03-26,Resolved,30
4001269,1010869,2010869,2-21-2025,App/Website,Call Centre,3-19-2025,Resolved,26
4001291,1011010,2011010,09-09-25,App/Website,Call Centre,9-19-2025,Resolved,10
4001328,1011299,2011299,4-22-2024,App/Website,Call Centre,4-24-2024,Resolved,2
4001505,1012788,2012788,07-09-25,App/Website,Call Centre,7-21-2025,Resolved,12
4001570,1013383,2013383,9-24-2025,App/Website,Call Centre,10-22-2025,Resolved,28
4001654,1013983,2013983,5-15-2026,App/Website,Call Centre,06-04-26,Resolved,20
4001668,1014085,2014085,07-12-26,App/Website,Call Centre,7-30-2026,Resolved,18
4001771,1014987,2014987,11-15-2025,App/Website,Call Centre,12-03-25,Resolved,18
4002004,1016887,2016887,8-13-2025,App/Website,Call Centre,09-06-25,Resolved,24
4002005,1016888,2016888,1-22-2025,App/Website,Call Centre,2-17-2025,Resolved,26
4002026,1017151,2017151,4-13-2025,App/Website,Call Centre,4-14-2025,Resolved,1
4002030,1017182,2017182,4-15-2026,App/Website,Call Centre,05-12-26,Resolved,27
4002039,1017240,2017240,10-26-2025,App/Website,Call Centre,11-05-25,Resolved,10
4002174,1018427,2018427,03-03-26,App/Website,Call Centre,3-19-2026,Resolved,16
4002262,1019270,2019270,02-12-25,App/Website,Call Centre,2-28-2025,Resolved,16
4002324,1019831,2019831,07-01-26,App/Website,Call Centre,7-14-2026,Resolved,13
4002344,1019967,2019967,03-09-26,App/Website,Call Centre,3-18-2026,Resolved,9
4002370,1020113,2020113,11-29-2024,App/Website,Call Centre,12-05-24,Resolved,6
4002474,1020903,2020903,03-03-25,App/Website,Call Centre,3-25-2025,Resolved,22
4002557,1021686,2021686,04-10-26,App/Website,Call Centre,4-22-2026,Resolved,12
4002586,1021932,2021932,6-15-2024,App/Website,Call Centre,07-11-24,Resolved,26
4002617,1022248,2022248,6-16-2025,App/Website,Call Centre,07-06-25,Resolved,20
4002661,1022600,2022600,9-20-2024,App/Website,Call Centre,10-16-2024,Resolved,26
4002769,1023392,2023392,9-24-2025,App/Website,Call Centre,10-22-2025,Resolved,28
4002843,1023925,2023925,10-28-2024,App/Website,Call Centre,10-31-2024,Resolved,3
4002922,1024622,2024622,6-20-2025,App/Website,Call Centre,7-15-2025,Resolved,25
4002973,1025073,2025073,2-24-2026,App/Website,Call Centre,03-07-26,Resolved,11
4002999,1025257,2025257,01-10-25,App/Website,Call Centre,02-08-25,Resolved,29
4003094,1026001,2026001,06-01-26,App/Website,Call Centre,6-16-2026,Resolved,15
4003223,1027172,2027172,5-16-2025,App/Website,Call Centre,5-29-2025,Resolved,13
4003237,1027257,2027257,04-01-25,App/Website,Call Centre,4-16-2025,Resolved,15
4003256,1027441,2027441,3-18-2026,App/Website,Call Centre,3-26-2026,Resolved,8
4003323,1027961,2027961,6-28-2024,App/Website,Call Centre,7-14-2024,Resolved,16
4003423,1028829,2028829,2-19-2024,App/Website,Call Centre,03-05-24,Resolved,15
4003461,1029150,2029150,9-13-2025,App/Website,Call Centre,10-01-25,Resolved,18
4003479,1029310,2029310,10-09-25,App/Website,Call Centre,11-08-25,Resolved,30
4003489,1029450,2029450,10-16-2024,App/Website,Call Centre,10-27-2024,Resolved,11
4003517,1029744,2029744,04-05-25,App/Website,Call Centre,4-26-2025,Resolved,21
4003525,1029840,2029840,02-09-26,App/Website,Call Centre,02-10-26,Resolved,1
4003540,1029943,2029943,11-30-2024,App/Website,Call Centre,12-14-2024,Resolved,14
4003573,1030305,2030305,11-30-2024,App/Website,Call Centre,12-30-2024,Resolved,30
4003670,1031179,2031179,5-14-2024,App/Website,Call Centre,06-08-24,Resolved,25
4003673,1031197,2031197,04-08-25,App/Website,Call Centre,4-19-2025,Resolved,11
4003756,1031886,2031886,12-09-25,App/Website,Call Centre,12-20-2025,Resolved,11
4003890,1033099,2033099,10-15-2024,App/Website,Call Centre,10-29-2024,Resolved,14
4003904,1033212,2033212,08-02-25,App/Website,Call Centre,8-23-2025,Resolved,21
4004065,1034371,2034371,1-28-2025,App/Website,Call Centre,02-12-25,Resolved,15
4004111,1034776,2034776,01-02-25,App/Website,Call Centre,1-28-2025,Resolved,26
4004162,1035248,2035248,2-20-2026,App/Website,Call Centre,03-05-26,Resolved,13
4004219,1035700,2035700,12-11-24,App/Website,Call Centre,12-13-2024,Resolved,2
4004264,1036077,2036077,4-24-2025,App/Website,Call Centre,4-27-2025,Resolved,3
4004334,1036639,2036639,1-15-2026,App/Website,Call Centre,1-27-2026,Resolved,12
4004346,1036747,2036747,3-20-2026,App/Website,Call Centre,04-10-26,Resolved,21
4004367,1036896,2036896,4-28-2025,App/Website,Call Centre,5-15-2025,Resolved,17
4004405,1037255,2037255,9-30-2025,App/Website,Call Centre,10-20-2025,Resolved,20
4004483,1037775,2037775,8-27-2026,App/Website,Call Centre,8-30-2026,Resolved,3
4004561,1038316,2038316,8-15-2024,App/Website,Call Centre,09-05-24,Resolved,21
4004569,1038358,2038358,07-09-25,App/Website,Call Centre,08-04-25,Resolved,26
4004703,1039465,2039465,7-14-2024,App/Website,Call Centre,08-05-24,Resolved,22
4004769,1040000,2040000,5-27-2024,App/Website,Call Centre,6-18-2024,Resolved,22
4004837,1040597,2040597,01-04-25,App/Website,Call Centre,01-10-25,Resolved,6
4004935,1041444,2041444,03-10-26,App/Website,Call Centre,04-09-26,Resolved,30
4004940,1041497,2041497,09-08-25,App/Website,Call Centre,9-18-2025,Resolved,10
4004963,1041716,2041716,02-01-26,App/Website,Call Centre,03-02-26,Resolved,29
4004976,1041813,2041813,10-24-2024,App/Website,Call Centre,10-29-2024,Resolved,5
4005003,1042012,2042012,10-22-2024,App/Website,Call Centre,10-31-2024,Resolved,9
4005010,1042103,2042103,03-02-26,App/Website,Call Centre,3-21-2026,Resolved,19
4005047,1042425,2042425,12-20-2025,App/Website,Call Centre,1-17-2026,Resolved,28
4005116,1043016,2043016,01-11-26,App/Website,Call Centre,1-23-2026,Resolved,12
4005125,1043095,2043095,9-22-2025,App/Website,Call Centre,9-23-2025,Resolved,1
4005193,1043667,2043667,4-24-2025,App/Website,Call Centre,5-13-2025,Resolved,19
4005290,1044530,2044530,08-09-25,App/Website,Call Centre,09-01-25,Resolved,23
4005297,1044592,2044592,8-24-2024,App/Website,Call Centre,9-14-2024,Resolved,21
4005304,1044648,2044648,3-30-2025,App/Website,Call Centre,4-14-2025,Resolved,15
4005324,1044780,2044780,10-31-2025,App/Website,Call Centre,11-11-25,Resolved,11
4005327,1044816,2044816,10-11-24,App/Website,Call Centre,10-23-2024,Resolved,12
4005335,1044872,2044872,06-03-24,App/Website,Call Centre,06-05-24,Resolved,2
4005373,1045165,2045165,10-13-2024,App/Website,Call Centre,10-17-2024,Resolved,4
4005409,1045544,2045544,04-02-25,App/Website,Call Centre,4-20-2025,Resolved,18
4005491,1046217,2046217,1-29-2025,App/Website,Call Centre,2-20-2025,Resolved,22
4005609,1047250,2047250,01-05-26,App/Website,Call Centre,1-20-2026,Resolved,15
4005796,1048952,2048952,1-15-2025,App/Website,Call Centre,02-07-25,Resolved,23
4005943,1050126,2050126,10-29-2025,App/Website,Call Centre,11-07-25,Resolved,9
4005946,1050154,2050154,3-29-2026,App/Website,Call Centre,4-15-2026,Resolved,17
4006057,1051147,2051147,5-23-2025,App/Website,Call Centre,6-17-2025,Resolved,25
4006248,1052998,2052998,1-13-2026,App/Website,Call Centre,1-25-2026,Resolved,12
4006314,1053468,2053468,10-17-2024,App/Website,Call Centre,11-14-2024,Resolved,28
4006322,1053586,2053586,10-09-25,App/Website,Call Centre,10-10-25,Resolved,1
4006339,1053682,2053682,4-17-2025,App/Website,Call Centre,4-30-2025,Resolved,13
4006366,1053915,2053915,1-25-2025,App/Website,Call Centre,02-09-25,Resolved,15
4006454,1054558,2054558,4-19-2026,App/Website,Call Centre,4-30-2026,Resolved,11
4006464,1054636,2054636,7-30-2024,App/Website,Call Centre,8-20-2024,Resolved,21
4006479,1054796,2054796,4-19-2026,App/Website,Call Centre,05-08-26,Resolved,19
4006507,1055045,2055045,5-28-2025,App/Website,Call Centre,6-19-2025,Resolved,22
4006525,1055183,2055183,11-10-25,App/Website,Call Centre,12-06-25,Resolved,26
4006543,1055303,2055303,1-17-2025,App/Website,Call Centre,02-08-25,Resolved,22
4006556,1055408,2055408,3-20-2026,App/Website,Call Centre,4-16-2026,Resolved,27
4006587,1055693,2055693,8-30-2026,App/Website,Call Centre,09-12-26,Resolved,13
4006602,1055818,2055818,06-11-25,App/Website,Call Centre,06-12-25,Resolved,1
4006614,1055884,2055884,7-28-2026,App/Website,Call Centre,08-09-26,Resolved,12
4006615,1055887,2055887,2-19-2025,App/Website,Call Centre,2-20-2025,Resolved,1
4006756,1056974,2056974,05-08-25,App/Website,Call Centre,06-04-25,Resolved,27
4006880,1057877,2057877,02-06-24,App/Website,Call Centre,02-07-24,Resolved,1
4006884,1057916,2057916,8-29-2024,App/Website,Call Centre,9-26-2024,Resolved,28
4006959,1058459,2058459,09-08-26,App/Website,Call Centre,9-27-2026,Resolved,19
4006992,1058788,2058788,02-06-25,App/Website,Call Centre,2-16-2025,Resolved,10
4007050,1059281,2059281,3-20-2026,App/Website,Call Centre,3-24-2026,Resolved,4
4007142,1059939,2059939,5-24-2026,App/Website,Call Centre,6-20-2026,Resolved,27
4007160,1060086,2060086,01-06-25,App/Website,Call Centre,02-01-25,Resolved,26
4007183,1060321,2060321,02-11-26,App/Website,Call Centre,2-13-2026,Resolved,2
4007198,1060405,2060405,8-15-2025,App/Website,Call Centre,8-16-2025,Resolved,1
4007199,1060409,2060409,10-28-2024,App/Website,Call Centre,11-10-24,Resolved,13
4007390,1061945,2061945,2-20-2026,App/Website,Call Centre,03-09-26,Resolved,17
4007402,1061995,2061995,05-02-25,App/Website,Call Centre,5-21-2025,Resolved,19
4007503,1062883,2062883,06-09-25,App/Website,Call Centre,6-28-2025,Resolved,19
4007519,1063036,2063036,7-25-2026,App/Website,Call Centre,8-15-2026,Resolved,21
4007562,1063499,2063499,6-28-2026,App/Website,Call Centre,7-27-2026,Resolved,29
4007607,1063784,2063784,5-28-2026,App/Website,Call Centre,6-13-2026,Resolved,16
4007616,1063827,2063827,9-14-2024,App/Website,Call Centre,9-29-2024,Resolved,15
4007648,1064071,2064071,01-04-25,App/Website,Call Centre,1-31-2025,Resolved,27
4007755,1064950,2064950,12-22-2025,App/Website,Call Centre,01-10-26,Resolved,19
4007798,1065314,2065314,11-25-2024,App/Website,Call Centre,12-13-2024,Resolved,18
4007830,1065563,2065563,9-19-2025,App/Website,Call Centre,9-20-2025,Resolved,1
4007835,1065588,2065588,04-07-25,App/Website,Call Centre,05-01-25,Resolved,24
4007863,1065885,2065885,10-20-2025,App/Website,Call Centre,11-17-2025,Resolved,28
4007910,1066245,2066245,6-19-2024,App/Website,Call Centre,6-27-2024,Resolved,8
4008023,1067166,2067166,09-03-25,App/Website,Call Centre,10-01-25,Resolved,28
4008072,1067491,2067491,09-12-24,App/Website,Call Centre,9-23-2024,Resolved,11
4008087,1067671,2067671,4-20-2026,App/Website,Call Centre,4-25-2026,Resolved,5
4008143,1068160,2068160,05-06-26,App/Website,Call Centre,06-02-26,Resolved,27
4008195,1068575,2068575,08-04-26,App/Website,Call Centre,8-23-2026,Resolved,19
4008199,1068615,2068615,08-11-25,App/Website,Call Centre,8-23-2025,Resolved,12
4008207,1068718,2068718,09-06-25,App/Website,Call Centre,9-20-2025,Resolved,14
4008221,1068815,2068815,11-22-2025,App/Website,Call Centre,12-14-2025,Resolved,22
4008235,1068956,2068956,8-31-2026,App/Website,Call Centre,9-20-2026,Resolved,20
4008344,1069857,2069857,6-24-2025,App/Website,Call Centre,6-30-2025,Resolved,6
4008426,1070622,2070622,9-30-2025,App/Website,Call Centre,10-30-2025,Resolved,30
4008463,1070922,2070922,9-23-2024,App/Website,Call Centre,9-24-2024,Resolved,1
4008473,1071030,2071030,3-22-2025,App/Website,Call Centre,4-21-2025,Resolved,30
4008486,1071131,2071131,09-12-26,App/Website,Call Centre,9-29-2026,Resolved,17
4008518,1071436,2071436,9-22-2025,App/Website,Call Centre,10-11-25,Resolved,19
4008524,1071494,2071494,12-22-2024,App/Website,Call Centre,12-28-2024,Resolved,6
4008562,1071939,2071939,12-15-2024,App/Website,Call Centre,12-18-2024,Resolved,3
4008629,1072487,2072487,12-05-24,App/Website,Call Centre,12-06-24,Resolved,1
4008675,1072851,2072851,6-21-2024,App/Website,Call Centre,07-02-24,Resolved,11
4008691,1073020,2073020,12-06-25,App/Website,Call Centre,01-05-26,Resolved,30
4008826,1074144,2074144,03-11-26,App/Website,Call Centre,3-26-2026,Resolved,15
4008828,1074149,2074149,7-30-2025,App/Website,Call Centre,8-15-2025,Resolved,16
4008855,1074347,2074347,1-30-2025,App/Website,Call Centre,02-01-25,Resolved,2
4008886,1074648,2074648,11-21-2024,App/Website,Call Centre,12-05-24,Resolved,14
4008935,1075089,2075089,09-04-24,App/Website,Call Centre,9-13-2024,Resolved,9
4009066,1076080,2076080,03-01-25,App/Website,Call Centre,03-03-25,Resolved,2
4009130,1076515,2076515,05-09-25,App/Website,Call Centre,5-28-2025,Resolved,19
4009142,1076602,2076602,10-22-2024,App/Website,Call Centre,10-29-2024,Resolved,7
4009154,1076755,2076755,08-06-24,App/Website,Call Centre,08-11-24,Resolved,5
4009194,1077028,2077028,5-29-2026,App/Website,Call Centre,6-22-2026,Resolved,24
4009227,1077323,2077323,03-07-25,App/Website,Call Centre,03-12-25,Resolved,5
4009305,1078095,2078095,8-15-2025,App/Website,Call Centre,8-27-2025,Resolved,12
4009459,1079355,2079355,5-27-2025,App/Website,Call Centre,06-08-25,Resolved,12
4009468,1079468,2079468,1-14-2025,App/Website,Call Centre,1-21-2025,Resolved,7
4009502,1079705,2079705,5-19-2025,App/Website,Call Centre,06-11-25,Resolved,23
4009596,1080428,2080428,12-05-25,App/Website,Call Centre,01-04-26,Resolved,30
4009669,1080989,2080989,2-16-2025,App/Website,Call Centre,2-26-2025,Resolved,10
4009673,1081006,2081006,12-30-2024,App/Website,Call Centre,01-02-25,Resolved,3
4009686,1081115,2081115,4-14-2026,App/Website,Call Centre,5-14-2026,Resolved,30
4009688,1081119,2081119,12-02-24,App/Website,Call Centre,12-19-2024,Resolved,17
4009824,1082165,2082165,10-18-2024,App/Website,Call Centre,11-05-24,Resolved,18
4009867,1082501,2082501,12-13-2024,App/Website,Call Centre,12-29-2024,Resolved,16
4009884,1082591,2082591,09-05-25,App/Website,Call Centre,09-06-25,Resolved,1
4009925,1083001,2083001,5-13-2026,App/Website,Call Centre,06-02-26,Resolved,20
4009946,1083209,2083209,12-16-2024,App/Website,Call Centre,12-23-2024,Resolved,7
4010016,1083785,2083785,12-31-2024,App/Website,Call Centre,1-16-2025,Resolved,16
4010169,1085118,2085118,4-16-2026,App/Website,Call Centre,05-10-26,Resolved,24
4010219,1085551,2085551,04-09-25,App/Website,Call Centre,05-06-25,Resolved,27
4010225,1085571,2085571,12-10-24,App/Website,Call Centre,12-19-2024,Resolved,9
4010311,1086380,2086380,11-21-2025,App/Website,Call Centre,12-10-25,Resolved,19
4010328,1086594,2086594,6-13-2025,App/Website,Call Centre,07-04-25,Resolved,21
4010350,1086788,2086788,6-24-2025,App/Website,Call Centre,6-28-2025,Resolved,4
4010425,1087420,2087420,09-06-25,App/Website,Call Centre,09-08-25,Resolved,2
4010460,1087661,2087661,9-17-2025,App/Website,Call Centre,10-09-25,Resolved,22
4010512,1088063,2088063,3-21-2025,App/Website,Call Centre,3-29-2025,Resolved,8
4010597,1088696,2088696,4-26-2026,App/Website,Call Centre,5-22-2026,Resolved,26
4010623,1088800,2088800,06-11-25,App/Website,Call Centre,07-02-25,Resolved,21
4010785,1090230,2090230,9-15-2024,App/Website,Call Centre,10-07-24,Resolved,22
4010834,1090626,2090626,12-27-2024,App/Website,Call Centre,1-18-2025,Resolved,22
4010918,1091356,2091356,7-29-2025,App/Website,Call Centre,8-16-2025,Resolved,18
4011055,1092410,2092410,08-05-24,App/Website,Call Centre,8-14-2024,Resolved,9
4011072,1092516,2092516,03-07-26,App/Website,Call Centre,3-28-2026,Resolved,21
4011081,1092596,2092596,11-09-24,App/Website,Call Centre,12-06-24,Resolved,27
4011093,1092700,2092700,12-12-25,App/Website,Call Centre,12-29-2025,Resolved,17
4011189,1093540,2093540,7-14-2025,App/Website,Call Centre,7-26-2025,Resolved,12
4011220,1093773,2093773,07-09-24,App/Website,Call Centre,7-20-2024,Resolved,11
4011224,1093807,2093807,12-30-2024,App/Website,Call Centre,01-04-25,Resolved,5
4011234,1093894,2093894,4-16-2025,App/Website,Call Centre,5-15-2025,Resolved,29
4011293,1094376,2094376,12-11-24,App/Website,Call Centre,12-30-2024,Resolved,19
4011402,1095434,2095434,10-14-2025,App/Website,Call Centre,10-16-2025,Resolved,2
4011422,1095598,2095598,04-02-26,App/Website,Call Centre,4-17-2026,Resolved,15
4011431,1095696,2095696,03-08-26,App/Website,Call Centre,04-05-26,Resolved,28
4011440,1095747,2095747,4-23-2026,App/Website,Call Centre,4-26-2026,Resolved,3
4011453,1095860,2095860,12-28-2025,App/Website,Call Centre,01-12-26,Resolved,15
4011498,1096283,2096283,4-22-2026,App/Website,Call Centre,05-10-26,Resolved,18
4011559,1096849,2096849,04-08-24,App/Website,Call Centre,4-29-2024,Resolved,21
4011752,1098497,2098497,9-18-2024,App/Website,Call Centre,9-27-2024,Resolved,9
4011770,1098615,2098615,9-15-2026,App/Website,Call Centre,10-05-26,Resolved,20
4011809,1098863,2098863,2-20-2025,App/Website,Call Centre,2-27-2025,Resolved,7
4011823,1098990,2098990,7-22-2026,App/Website,Call Centre,7-28-2026,Resolved,6
4011879,1099415,2099415,8-15-2026,App/Website,Call Centre,09-10-26,Resolved,26
4011884,1099452,2099452,04-01-26,App/Website,Call Centre,04-10-26,Resolved,9
4000001,1000020,2000020,11-19-2025,Service Quality,Agent,12-07-25,Resolved,18
4000121,1001117,2001117,5-19-2024,Service Quality,Agent,5-21-2024,Resolved,2
4000132,1001186,2001186,12-04-25,Service Quality,Agent,12-24-2025,Resolved,20
4000156,1001408,2001408,08-03-24,Service Quality,Agent,08-05-24,Resolved,2
4000281,1002573,2002573,05-10-25,Service Quality,Agent,06-07-25,Resolved,28
4000312,1002849,2002849,11-27-2025,Service Quality,Agent,12-15-2025,Resolved,18
4000340,1003061,2003061,10-29-2025,Service Quality,Agent,11-12-25,Resolved,14
4000341,1003062,2003062,5-23-2024,Service Quality,Agent,6-15-2024,Resolved,23
4000433,1003837,2003837,7-13-2025,Service Quality,Agent,08-12-25,Resolved,30
4000476,1004205,2004205,12-25-2024,Service Quality,Agent,12-26-2024,Resolved,1
4000485,1004261,2004261,6-26-2026,Service Quality,Agent,07-02-26,Resolved,6
4000489,1004303,2004303,3-15-2026,Service Quality,Agent,3-27-2026,Resolved,12
4000585,1005152,2005152,10-26-2026,Service Quality,Agent,11-16-2026,Resolved,21
4000675,1005912,2005912,04-08-24,Service Quality,Agent,4-27-2024,Resolved,19
4000700,1006068,2006068,2-28-2026,Service Quality,Agent,3-21-2026,Resolved,21
4000705,1006115,2006115,10-20-2024,Service Quality,Agent,10-26-2024,Resolved,6
4000755,1006602,2006602,09-06-24,Service Quality,Agent,09-08-24,Resolved,2
4000770,1006713,2006713,12-10-25,Service Quality,Agent,12-12-25,Resolved,2
4000896,1007801,2007801,8-15-2026,Service Quality,Agent,8-29-2026,Resolved,14
4000905,1007868,2007868,6-28-2024,Service Quality,Agent,7-14-2024,Resolved,16
4000918,1007989,2007989,4-27-2026,Service Quality,Agent,5-24-2026,Resolved,27
4000919,1007996,2007996,04-09-25,Service Quality,Agent,4-27-2025,Resolved,18
4000960,1008248,2008248,12-11-25,Service Quality,Agent,12-25-2025,Resolved,14
4000963,1008256,2008256,3-19-2025,Service Quality,Agent,4-14-2025,Resolved,26
4001018,1008731,2008731,11-04-24,Service Quality,Agent,11-08-24,Resolved,4
4001019,1008734,2008734,9-27-2025,Service Quality,Agent,10-21-2025,Resolved,24
4001050,1008940,2008940,8-20-2024,Service Quality,Agent,8-27-2024,Resolved,7
4001067,1009117,2009117,10-07-26,Service Quality,Agent,11-01-26,Resolved,25
4001136,1009669,2009669,07-12-25,Service Quality,Agent,08-10-25,Resolved,29
4001182,1010080,2010080,7-14-2025,Service Quality,Agent,08-04-25,Resolved,21
4001229,1010500,2010500,3-22-2025,Service Quality,Agent,4-17-2025,Resolved,26
4001239,1010587,2010587,4-22-2025,Service Quality,Agent,5-15-2025,Resolved,23
4001261,1010819,2010819,07-10-25,Service Quality,Agent,7-15-2025,Resolved,5
4001264,1010841,2010841,6-23-2025,Service Quality,Agent,6-30-2025,Resolved,7
4001274,1010915,2010915,05-03-25,Service Quality,Agent,05-11-25,Resolved,8
4001278,1010948,2010948,7-19-2025,Service Quality,Agent,8-18-2025,Resolved,30
4001286,1010994,2010994,11-08-25,Service Quality,Agent,11-28-2025,Resolved,20
4001333,1011318,2011318,7-31-2024,Service Quality,Agent,08-02-24,Resolved,2
4001351,1011503,2011503,04-05-25,Service Quality,Agent,04-10-25,Resolved,5
4001434,1012270,2012270,8-18-2025,Service Quality,Agent,09-11-25,Resolved,24
4001446,1012347,2012347,6-23-2025,Service Quality,Agent,6-25-2025,Resolved,2
4001499,1012727,2012727,8-20-2025,Service Quality,Agent,9-18-2025,Resolved,29
4001534,1013074,2013074,11-02-25,Service Quality,Agent,11-08-25,Resolved,6
4001540,1013153,2013153,6-26-2024,Service Quality,Agent,07-09-24,Resolved,13
4001624,1013785,2013785,2-23-2025,Service Quality,Agent,3-16-2025,Resolved,21
4001658,1014030,2014030,4-20-2025,Service Quality,Agent,05-06-25,Resolved,16
4001750,1014846,2014846,08-12-26,Service Quality,Agent,8-17-2026,Resolved,5
4001765,1014930,2014930,7-14-2025,Service Quality,Agent,08-03-25,Resolved,20
4001841,1015590,2015590,12-05-25,Service Quality,Agent,12-17-2025,Resolved,12
4001923,1016294,2016294,07-12-25,Service Quality,Agent,7-18-2025,Resolved,6
4001926,1016323,2016323,7-25-2024,Service Quality,Agent,8-17-2024,Resolved,23
4001973,1016670,2016670,5-19-2026,Service Quality,Agent,06-06-26,Resolved,18
4001975,1016684,2016684,3-29-2026,Service Quality,Agent,4-23-2026,Resolved,25
4001983,1016734,2016734,11-26-2024,Service Quality,Agent,12-01-24,Resolved,5
4001988,1016776,2016776,08-08-24,Service Quality,Agent,8-27-2024,Resolved,19
4002238,1019078,2019078,02-09-25,Service Quality,Agent,03-08-25,Resolved,27
4002379,1020198,2020198,12-02-25,Service Quality,Agent,12-04-25,Resolved,2
4002382,1020213,2020213,5-26-2024,Service Quality,Agent,06-07-24,Resolved,12
4002385,1020258,2020258,10-05-25,Service Quality,Agent,10-20-2025,Resolved,15
4002552,1021666,2021666,7-14-2024,Service Quality,Agent,08-01-24,Resolved,18
4002569,1021778,2021778,08-08-24,Service Quality,Agent,8-28-2024,Resolved,20
4002691,1022814,2022814,5-27-2025,Service Quality,Agent,06-10-25,Resolved,14
4002730,1023106,2023106,5-15-2024,Service Quality,Agent,6-13-2024,Resolved,29
4002753,1023286,2023286,5-15-2025,Service Quality,Agent,5-30-2025,Resolved,15
4002805,1023669,2023669,07-06-24,Service Quality,Agent,07-07-24,Resolved,1
4002894,1024318,2024318,7-23-2024,Service Quality,Agent,7-28-2024,Resolved,5
4002902,1024429,2024429,8-31-2024,Service Quality,Agent,9-21-2024,Resolved,21
4002944,1024849,2024849,07-03-24,Service Quality,Agent,7-19-2024,Resolved,16
4003046,1025565,2025565,3-20-2025,Service Quality,Agent,04-02-25,Resolved,13
4003088,1025925,2025925,4-16-2026,Service Quality,Agent,5-15-2026,Resolved,29
4003105,1026048,2026048,01-10-26,Service Quality,Agent,1-29-2026,Resolved,19
4003244,1027334,2027334,12-11-25,Service Quality,Agent,12-25-2025,Resolved,14
4003247,1027371,2027371,6-29-2025,Service Quality,Agent,07-06-25,Resolved,7
4003293,1027696,2027696,2-18-2025,Service Quality,Agent,3-20-2025,Resolved,30
4003296,1027713,2027713,12-03-24,Service Quality,Agent,12-16-2024,Resolved,13
4003350,1028155,2028155,11-27-2024,Service Quality,Agent,12-06-24,Resolved,9
4003376,1028427,2028427,06-04-25,Service Quality,Agent,6-15-2025,Resolved,11
4003504,1029639,2029639,12-15-2024,Service Quality,Agent,12-17-2024,Resolved,2
4003512,1029708,2029708,9-19-2024,Service Quality,Agent,9-30-2024,Resolved,11
4003536,1029921,2029921,3-18-2025,Service Quality,Agent,04-07-25,Resolved,20
4003704,1031435,2031435,08-10-25,Service Quality,Agent,8-22-2025,Resolved,12
4003786,1032152,2032152,03-06-25,Service Quality,Agent,3-14-2025,Resolved,8
4003794,1032232,2032232,6-14-2024,Service Quality,Agent,07-05-24,Resolved,21
4003828,1032484,2032484,07-10-25,Service Quality,Agent,7-19-2025,Resolved,9
4003850,1032716,2032716,1-19-2025,Service Quality,Agent,02-12-25,Resolved,24
4003963,1033579,2033579,8-24-2025,Service Quality,Agent,9-13-2025,Resolved,20
4003980,1033739,2033739,5-18-2025,Service Quality,Agent,06-07-25,Resolved,20
4004090,1034557,2034557,6-16-2025,Service Quality,Agent,6-18-2025,Resolved,2
4004132,1034957,2034957,08-09-24,Service Quality,Agent,8-19-2024,Resolved,10
4004393,1037104,2037104,4-29-2024,Service Quality,Agent,05-01-24,Resolved,2
4004404,1037248,2037248,09-07-25,Service Quality,Agent,09-12-25,Resolved,5
4004456,1037599,2037599,12-08-24,Service Quality,Agent,12-17-2024,Resolved,9
4004527,1038118,2038118,10-27-2024,Service Quality,Agent,11-18-2024,Resolved,22
4004568,1038345,2038345,5-29-2024,Service Quality,Agent,06-11-24,Resolved,13
4004626,1038803,2038803,07-12-25,Service Quality,Agent,7-27-2025,Resolved,15
4004641,1038935,2038935,7-22-2025,Service Quality,Agent,08-12-25,Resolved,21
4004713,1039535,2039535,01-03-25,Service Quality,Agent,1-13-2025,Resolved,10
4004773,1040026,2040026,8-30-2024,Service Quality,Agent,09-09-24,Resolved,10
4004787,1040149,2040149,09-12-24,Service Quality,Agent,10-05-24,Resolved,23
4004815,1040392,2040392,3-16-2025,Service Quality,Agent,3-28-2025,Resolved,12
4004951,1041583,2041583,12-29-2024,Service Quality,Agent,01-05-25,Resolved,7
4005001,1041991,2041991,03-12-25,Service Quality,Agent,3-16-2025,Resolved,4
4005070,1042631,2042631,10-31-2024,Service Quality,Agent,11-02-24,Resolved,2
4005236,1044073,2044073,03-11-25,Service Quality,Agent,04-10-25,Resolved,30
4005237,1044078,2044078,10-30-2024,Service Quality,Agent,11-29-2024,Resolved,30
4005283,1044474,2044474,3-25-2025,Service Quality,Agent,4-14-2025,Resolved,20
4005353,1044993,2044993,10-04-24,Service Quality,Agent,10-27-2024,Resolved,23
4005393,1045395,2045395,03-07-25,Service Quality,Agent,04-02-25,Resolved,26
4005512,1046365,2046365,6-26-2025,Service Quality,Agent,07-12-25,Resolved,16
4005513,1046369,2046369,02-10-26,Service Quality,Agent,2-21-2026,Resolved,11
4005515,1046384,2046384,2-20-2025,Service Quality,Agent,03-07-25,Resolved,15
4005516,1046408,2046408,8-31-2025,Service Quality,Agent,09-09-25,Resolved,9
4005556,1046779,2046779,1-14-2025,Service Quality,Agent,1-17-2025,Resolved,3
4005610,1047252,2047252,10-21-2025,Service Quality,Agent,11-13-2025,Resolved,23
4005612,1047267,2047267,6-26-2025,Service Quality,Agent,7-20-2025,Resolved,24
4005839,1049263,2049263,7-20-2025,Service Quality,Agent,08-09-25,Resolved,20
4005843,1049332,2049332,4-13-2025,Service Quality,Agent,4-23-2025,Resolved,10
4005899,1049756,2049756,08-01-25,Service Quality,Agent,08-12-25,Resolved,11
4005910,1049816,2049816,12-23-2024,Service Quality,Agent,12-31-2024,Resolved,8
4005919,1049898,2049898,02-01-25,Service Quality,Agent,02-08-25,Resolved,7
4005932,1050070,2050070,3-16-2026,Service Quality,Agent,3-18-2026,Resolved,2
4005984,1050420,2050420,11-03-25,Service Quality,Agent,11-16-2025,Resolved,13
4005990,1050472,2050472,05-11-24,Service Quality,Agent,5-28-2024,Resolved,17
4006049,1051066,2051066,8-15-2024,Service Quality,Agent,8-26-2024,Resolved,11
4006268,1053122,2053122,11-23-2024,Service Quality,Agent,11-29-2024,Resolved,6
4006276,1053169,2053169,06-04-26,Service Quality,Agent,6-20-2026,Resolved,16
4006296,1053298,2053298,7-22-2024,Service Quality,Agent,08-06-24,Resolved,15
4006303,1053363,2053363,5-23-2026,Service Quality,Agent,5-25-2026,Resolved,2
4006379,1053997,2053997,3-31-2026,Service Quality,Agent,4-30-2026,Resolved,30
4006484,1054839,2054839,11-07-25,Service Quality,Agent,12-03-25,Resolved,26
4006576,1055606,2055606,09-08-25,Service Quality,Agent,9-19-2025,Resolved,11
4006666,1056315,2056315,2-17-2026,Service Quality,Agent,03-11-26,Resolved,22
4006716,1056715,2056715,06-01-24,Service Quality,Agent,06-02-24,Resolved,1
4006777,1057151,2057151,8-23-2024,Service Quality,Agent,8-28-2024,Resolved,5
4006827,1057518,2057518,3-28-2026,Service Quality,Agent,4-13-2026,Resolved,16
4006899,1058021,2058021,11-03-25,Service Quality,Agent,11-16-2025,Resolved,13
4006991,1058770,2058770,1-26-2025,Service Quality,Agent,02-09-25,Resolved,14
4007105,1059726,2059726,8-25-2024,Service Quality,Agent,9-24-2024,Resolved,30
4007145,1059952,2059952,9-17-2024,Service Quality,Agent,10-14-2024,Resolved,27
4007151,1059986,2059986,9-24-2026,Service Quality,Agent,10-15-2026,Resolved,21
4007157,1060058,2060058,2-23-2025,Service Quality,Agent,3-21-2025,Resolved,26
4007167,1060164,2060164,11-04-25,Service Quality,Agent,11-12-25,Resolved,8
4007193,1060372,2060372,05-06-25,Service Quality,Agent,5-29-2025,Resolved,23
4007194,1060385,2060385,6-14-2024,Service Quality,Agent,6-19-2024,Resolved,5
4007219,1060536,2060536,11-19-2025,Service Quality,Agent,12-06-25,Resolved,17
4007246,1060721,2060721,1-14-2025,Service Quality,Agent,1-16-2025,Resolved,2
4007263,1060869,2060869,8-19-2025,Service Quality,Agent,09-06-25,Resolved,18
4007285,1061073,2061073,2-13-2025,Service Quality,Agent,03-04-25,Resolved,19
4007345,1061575,2061575,08-05-26,Service Quality,Agent,8-15-2026,Resolved,10
4007367,1061735,2061735,12-17-2024,Service Quality,Agent,12-23-2024,Resolved,6
4007398,1061973,2061973,3-23-2026,Service Quality,Agent,04-08-26,Resolved,16
4007512,1062984,2062984,2-16-2026,Service Quality,Agent,2-17-2026,Resolved,1
4007685,1064413,2064413,8-27-2024,Service Quality,Agent,8-31-2024,Resolved,4
4007721,1064707,2064707,09-04-25,Service Quality,Agent,9-22-2025,Resolved,18
4007756,1064960,2064960,10-28-2024,Service Quality,Agent,11-15-2024,Resolved,18
4007797,1065303,2065303,11-14-2025,Service Quality,Agent,12-02-25,Resolved,18
4007816,1065479,2065479,04-10-26,Service Quality,Agent,04-12-26,Resolved,2
4007819,1065498,2065498,4-17-2026,Service Quality,Agent,4-20-2026,Resolved,3
4007898,1066136,2066136,1-20-2025,Service Quality,Agent,1-27-2025,Resolved,7
4007899,1066149,2066149,12-01-24,Service Quality,Agent,12-25-2024,Resolved,24
4007943,1066481,2066481,06-11-25,Service Quality,Agent,07-07-25,Resolved,26
4007975,1066758,2066758,4-17-2025,Service Quality,Agent,05-12-25,Resolved,25
4007977,1066763,2066763,11-10-25,Service Quality,Agent,11-28-2025,Resolved,18
4008107,1067888,2067888,2-21-2025,Service Quality,Agent,03-10-25,Resolved,17
4008109,1067908,2067908,10-08-25,Service Quality,Agent,11-01-25,Resolved,24
4008145,1068174,2068174,3-21-2025,Service Quality,Agent,3-31-2025,Resolved,10
4008223,1068830,2068830,07-04-25,Service Quality,Agent,07-09-25,Resolved,5
4008310,1069558,2069558,3-17-2024,Service Quality,Agent,04-11-24,Resolved,25
4008337,1069797,2069797,8-20-2025,Service Quality,Agent,8-29-2025,Resolved,9
4008371,1070064,2070064,2-20-2024,Service Quality,Agent,03-11-24,Resolved,20
4008398,1070363,2070363,6-24-2024,Service Quality,Agent,07-06-24,Resolved,12
4008402,1070397,2070397,03-05-25,Service Quality,Agent,3-20-2025,Resolved,15
4008469,1070998,2070998,11-16-2024,Service Quality,Agent,12-03-24,Resolved,17
4008571,1071984,2071984,8-30-2025,Service Quality,Agent,9-15-2025,Resolved,16
4008750,1073464,2073464,3-28-2026,Service Quality,Agent,4-27-2026,Resolved,30
4008842,1074268,2074268,10-28-2025,Service Quality,Agent,10-29-2025,Resolved,1
4008869,1074464,2074464,12-23-2024,Service Quality,Agent,1-14-2025,Resolved,22
4008874,1074526,2074526,01-07-25,Service Quality,Agent,01-10-25,Resolved,3
4008928,1075052,2075052,5-18-2026,Service Quality,Agent,06-02-26,Resolved,15
4008952,1075244,2075244,9-13-2025,Service Quality,Agent,9-29-2025,Resolved,16
4009010,1075658,2075658,2-22-2025,Service Quality,Agent,3-15-2025,Resolved,21
4009083,1076166,2076166,02-09-25,Service Quality,Agent,2-24-2025,Resolved,15
4009162,1076797,2076797,1-22-2025,Service Quality,Agent,2-19-2025,Resolved,28
4009166,1076812,2076812,10-10-25,Service Quality,Agent,10-16-2025,Resolved,6
4009173,1076868,2076868,6-20-2024,Service Quality,Agent,07-03-24,Resolved,13
4009220,1077222,2077222,9-16-2024,Service Quality,Agent,10-06-24,Resolved,20
4009246,1077479,2077479,5-14-2025,Service Quality,Agent,06-06-25,Resolved,23
4009322,1078253,2078253,4-13-2024,Service Quality,Agent,5-13-2024,Resolved,30
4009369,1078661,2078661,12-29-2024,Service Quality,Agent,1-17-2025,Resolved,19
4009399,1078920,2078920,1-15-2026,Service Quality,Agent,1-30-2026,Resolved,15
4009464,1079403,2079403,9-24-2025,Service Quality,Agent,10-19-2025,Resolved,25
4009485,1079577,2079577,07-10-24,Service Quality,Agent,08-01-24,Resolved,22
4009615,1080574,2080574,04-05-25,Service Quality,Agent,4-14-2025,Resolved,9
4009635,1080740,2080740,11-14-2024,Service Quality,Agent,11-15-2024,Resolved,1
4009646,1080826,2080826,11-26-2025,Service Quality,Agent,12-03-25,Resolved,7
4009725,1081407,2081407,4-30-2024,Service Quality,Agent,5-22-2024,Resolved,22
4009730,1081429,2081429,5-13-2025,Service Quality,Agent,06-06-25,Resolved,24
4009765,1081708,2081708,03-06-25,Service Quality,Agent,3-30-2025,Resolved,24
4009768,1081739,2081739,06-02-26,Service Quality,Agent,6-19-2026,Resolved,17
4009837,1082273,2082273,08-10-25,Service Quality,Agent,08-11-25,Resolved,1
4009847,1082347,2082347,11-15-2024,Service Quality,Agent,11-18-2024,Resolved,3
4009894,1082651,2082651,5-14-2024,Service Quality,Agent,06-11-24,Resolved,28
4009979,1083511,2083511,05-04-25,Service Quality,Agent,5-13-2025,Resolved,9
4009988,1083564,2083564,01-09-26,Service Quality,Agent,1-23-2026,Resolved,14
4010074,1084266,2084266,6-29-2025,Service Quality,Agent,7-23-2025,Resolved,24
4010111,1084586,2084586,4-24-2024,Service Quality,Agent,4-30-2024,Resolved,6
4010114,1084617,2084617,6-19-2025,Service Quality,Agent,7-17-2025,Resolved,28
4010165,1085096,2085096,6-21-2025,Service Quality,Agent,7-14-2025,Resolved,23
4010173,1085134,2085134,05-07-26,Service Quality,Agent,5-30-2026,Resolved,23
4010195,1085289,2085289,1-16-2025,Service Quality,Agent,1-18-2025,Resolved,2
4010204,1085385,2085385,12-30-2024,Service Quality,Agent,1-29-2025,Resolved,30
4010206,1085408,2085408,9-28-2025,Service Quality,Agent,10-11-25,Resolved,13
4010261,1085931,2085931,10-23-2025,Service Quality,Agent,10-29-2025,Resolved,6
4010332,1086631,2086631,06-02-24,Service Quality,Agent,6-22-2024,Resolved,20
4010343,1086750,2086750,12-29-2025,Service Quality,Agent,01-02-26,Resolved,4
4010431,1087471,2087471,03-05-25,Service Quality,Agent,03-12-25,Resolved,7
4010482,1087822,2087822,6-17-2024,Service Quality,Agent,7-16-2024,Resolved,29
4010500,1087970,2087970,7-25-2024,Service Quality,Agent,8-16-2024,Resolved,22
4010513,1088070,2088070,11-21-2024,Service Quality,Agent,12-11-24,Resolved,20
4010558,1088396,2088396,4-13-2026,Service Quality,Agent,4-19-2026,Resolved,6
4010579,1088538,2088538,1-29-2025,Service Quality,Agent,02-08-25,Resolved,10
4010613,1088765,2088765,2-20-2025,Service Quality,Agent,03-10-25,Resolved,18
4010673,1089289,2089289,5-26-2026,Service Quality,Agent,6-25-2026,Resolved,30
4010806,1090389,2090389,3-20-2025,Service Quality,Agent,3-28-2025,Resolved,8
4010839,1090703,2090703,3-26-2025,Service Quality,Agent,04-05-25,Resolved,10
4010858,1090815,2090815,02-01-25,Service Quality,Agent,03-02-25,Resolved,29
4010993,1091983,2091983,8-25-2026,Service Quality,Agent,8-31-2026,Resolved,6
4011000,1092023,2092023,7-14-2026,Service Quality,Agent,7-21-2026,Resolved,7
4011105,1092817,2092817,4-29-2026,Service Quality,Agent,5-29-2026,Resolved,30
4011106,1092819,2092819,09-07-26,Service Quality,Agent,9-18-2026,Resolved,11
4011124,1092966,2092966,01-03-25,Service Quality,Agent,1-31-2025,Resolved,28
4011197,1093586,2093586,1-27-2025,Service Quality,Agent,2-20-2025,Resolved,24
4011306,1094482,2094482,4-27-2026,Service Quality,Agent,05-08-26,Resolved,11
4011336,1094776,2094776,8-27-2024,Service Quality,Agent,9-20-2024,Resolved,24
4011473,1096092,2096092,07-06-25,Service Quality,Agent,07-11-25,Resolved,5
4011475,1096107,2096107,12-08-25,Service Quality,Agent,12-10-25,Resolved,2
4011488,1096207,2096207,10-12-24,Service Quality,Agent,11-03-24,Resolved,22
4011523,1096516,2096516,6-15-2026,Service Quality,Agent,07-07-26,Resolved,22
4011535,1096661,2096661,11-15-2024,Service Quality,Agent,12-12-24,Resolved,27
4011558,1096845,2096845,7-18-2025,Service Quality,Agent,08-12-25,Resolved,25
4011563,1096869,2096869,10-22-2024,Service Quality,Agent,11-14-2024,Resolved,23
4011638,1097570,2097570,06-07-26,Service Quality,Agent,06-08-26,Resolved,1
4011704,1098111,2098111,11-29-2024,Service Quality,Agent,12-06-24,Resolved,7
4011727,1098273,2098273,9-27-2024,Service Quality,Agent,10-11-24,Resolved,14
4011807,1098855,2098855,11-10-25,Service Quality,Agent,11-20-2025,Resolved,10
4011876,1099379,2099379,5-15-2024,Service Quality,Agent,06-08-24,Resolved,24
4000031,1000248,2000248,5-16-2024,Premium Issue,Agent,5-29-2024,Resolved,13
4000071,1000630,2000630,10-13-2024,Premium Issue,Agent,10-23-2024,Resolved,10
4000090,1000821,2000821,3-29-2026,Premium Issue,Agent,4-22-2026,Resolved,24
4000116,1001067,2001067,3-19-2025,Premium Issue,Agent,3-30-2025,Resolved,11
4000134,1001197,2001197,9-18-2024,Premium Issue,Agent,9-27-2024,Resolved,9
4000197,1001806,2001806,5-28-2024,Premium Issue,Agent,06-08-24,Resolved,11
4000200,1001815,2001815,08-03-25,Premium Issue,Agent,08-08-25,Resolved,5
4000211,1001940,2001940,11-03-24,Premium Issue,Agent,11-06-24,Resolved,3
4000279,1002567,2002567,2-13-2026,Premium Issue,Agent,2-17-2026,Resolved,4
4000344,1003111,2003111,06-12-26,Premium Issue,Agent,07-02-26,Resolved,20
4000386,1003438,2003438,10-05-25,Premium Issue,Agent,10-11-25,Resolved,6
4000406,1003592,2003592,7-30-2025,Premium Issue,Agent,08-11-25,Resolved,12
4000568,1005004,2005004,08-08-25,Premium Issue,Agent,8-13-2025,Resolved,5
4000576,1005082,2005082,10-27-2025,Premium Issue,Agent,11-06-25,Resolved,10
4000581,1005120,2005120,01-02-26,Premium Issue,Agent,1-19-2026,Resolved,17
4000666,1005829,2005829,5-31-2024,Premium Issue,Agent,6-21-2024,Resolved,21
4000677,1005917,2005917,12-04-25,Premium Issue,Agent,12-22-2025,Resolved,18
4000761,1006649,2006649,04-08-24,Premium Issue,Agent,04-12-24,Resolved,4
4000781,1006843,2006843,07-12-25,Premium Issue,Agent,08-02-25,Resolved,21
4000812,1007119,2007119,11-29-2025,Premium Issue,Agent,12-27-2025,Resolved,28
4000874,1007665,2007665,05-11-25,Premium Issue,Agent,06-03-25,Resolved,23
4000888,1007740,2007740,7-14-2025,Premium Issue,Agent,7-28-2025,Resolved,14
4001164,1009851,2009851,8-28-2024,Premium Issue,Agent,9-15-2024,Resolved,18
4001221,1010450,2010450,10-03-25,Premium Issue,Agent,10-22-2025,Resolved,19
4001232,1010527,2010527,12-17-2024,Premium Issue,Agent,01-10-25,Resolved,24
4001242,1010617,2010617,04-09-26,Premium Issue,Agent,4-15-2026,Resolved,6
4001310,1011183,2011183,04-10-25,Premium Issue,Agent,05-10-25,Resolved,30
4001378,1011768,2011768,11-01-25,Premium Issue,Agent,11-08-25,Resolved,7
4001464,1012487,2012487,12-22-2024,Premium Issue,Agent,12-28-2024,Resolved,6
4001580,1013477,2013477,11-11-25,Premium Issue,Agent,11-23-2025,Resolved,12
4001595,1013594,2013594,10-21-2026,Premium Issue,Agent,10-31-2026,Resolved,10
4001699,1014372,2014372,02-07-26,Premium Issue,Agent,02-09-26,Resolved,2
4001703,1014409,2014409,11-03-24,Premium Issue,Agent,12-03-24,Resolved,30
4001714,1014520,2014520,2-24-2026,Premium Issue,Agent,3-24-2026,Resolved,28
4001760,1014903,2014903,1-31-2025,Premium Issue,Agent,2-19-2025,Resolved,19
4001766,1014940,2014940,12-28-2024,Premium Issue,Agent,01-12-25,Resolved,15
4001857,1015780,2015780,12-02-26,Premium Issue,Agent,12-19-2026,Resolved,17
4001880,1016032,2016032,4-21-2026,Premium Issue,Agent,05-03-26,Resolved,12
4001994,1016836,2016836,9-27-2025,Premium Issue,Agent,10-15-2025,Resolved,18
4002091,1017677,2017677,12-02-25,Premium Issue,Agent,12-07-25,Resolved,5
4002092,1017680,2017680,06-10-24,Premium Issue,Agent,07-07-24,Resolved,27
4002109,1017848,2017848,3-30-2025,Premium Issue,Agent,4-16-2025,Resolved,17
4002111,1017855,2017855,6-13-2024,Premium Issue,Agent,6-19-2024,Resolved,6
4002137,1018078,2018078,7-22-2024,Premium Issue,Agent,7-29-2024,Resolved,7
4002149,1018184,2018184,11-30-2026,Premium Issue,Agent,12-05-26,Resolved,5
4002173,1018403,2018403,6-16-2024,Premium Issue,Agent,6-20-2024,Resolved,4
4002176,1018442,2018442,5-15-2024,Premium Issue,Agent,5-29-2024,Resolved,14
4002205,1018701,2018701,01-06-26,Premium Issue,Agent,1-24-2026,Resolved,18
4002217,1018864,2018864,03-03-25,Premium Issue,Agent,3-17-2025,Resolved,14
4002273,1019379,2019379,6-19-2024,Premium Issue,Agent,07-09-24,Resolved,20
4002325,1019853,2019853,7-18-2024,Premium Issue,Agent,7-23-2024,Resolved,5
4002353,1020009,2020009,10-09-25,Premium Issue,Agent,10-25-2025,Resolved,16
4002384,1020254,2020254,07-11-24,Premium Issue,Agent,08-10-24,Resolved,30
4002402,1020379,2020379,1-16-2025,Premium Issue,Agent,02-07-25,Resolved,22
4002414,1020446,2020446,9-18-2025,Premium Issue,Agent,10-04-25,Resolved,16
4002424,1020508,2020508,10-02-25,Premium Issue,Agent,10-24-2025,Resolved,22
4002449,1020734,2020734,4-30-2025,Premium Issue,Agent,05-01-25,Resolved,1
4002489,1021020,2021020,5-31-2025,Premium Issue,Agent,06-06-25,Resolved,6
4002504,1021178,2021178,9-26-2025,Premium Issue,Agent,10-08-25,Resolved,12
4002583,1021903,2021903,05-06-26,Premium Issue,Agent,5-26-2026,Resolved,20
4002602,1022074,2022074,7-30-2026,Premium Issue,Agent,08-03-26,Resolved,4
4002675,1022713,2022713,12-16-2025,Premium Issue,Agent,12-27-2025,Resolved,11
4002729,1023099,2023099,10-28-2025,Premium Issue,Agent,11-26-2025,Resolved,29
4002777,1023519,2023519,10-05-25,Premium Issue,Agent,10-20-2025,Resolved,15
4002834,1023865,2023865,9-16-2026,Premium Issue,Agent,9-23-2026,Resolved,7
4002859,1024007,2024007,6-16-2025,Premium Issue,Agent,6-18-2025,Resolved,2
4002941,1024840,2024840,2-21-2025,Premium Issue,Agent,3-18-2025,Resolved,25
4002964,1025000,2025000,09-12-25,Premium Issue,Agent,9-14-2025,Resolved,2
4002982,1025149,2025149,08-06-25,Premium Issue,Agent,8-31-2025,Resolved,25
4003000,1025267,2025267,10-25-2024,Premium Issue,Agent,11-05-24,Resolved,11
4003016,1025362,2025362,6-29-2025,Premium Issue,Agent,7-13-2025,Resolved,14
4003049,1025575,2025575,11-11-24,Premium Issue,Agent,11-28-2024,Resolved,17
4003089,1025926,2025926,4-27-2025,Premium Issue,Agent,4-30-2025,Resolved,3
4003106,1026056,2026056,7-27-2025,Premium Issue,Agent,7-31-2025,Resolved,4
4003212,1027087,2027087,11-13-2024,Premium Issue,Agent,11-30-2024,Resolved,17
4003321,1027951,2027951,12-31-2024,Premium Issue,Agent,1-27-2025,Resolved,27
4003345,1028110,2028110,4-27-2026,Premium Issue,Agent,05-07-26,Resolved,10
4003440,1028965,2028965,01-08-25,Premium Issue,Agent,02-07-25,Resolved,30
4003453,1029069,2029069,5-23-2026,Premium Issue,Agent,6-15-2026,Resolved,23
4003494,1029507,2029507,10-30-2025,Premium Issue,Agent,11-02-25,Resolved,3
4003499,1029577,2029577,7-30-2024,Premium Issue,Agent,8-20-2024,Resolved,21
4003521,1029775,2029775,5-19-2026,Premium Issue,Agent,5-24-2026,Resolved,5
4003529,1029893,2029893,11-12-25,Premium Issue,Agent,12-11-25,Resolved,29
4003547,1030040,2030040,10-06-25,Premium Issue,Agent,11-02-25,Resolved,27
4003555,1030105,2030105,3-16-2026,Premium Issue,Agent,3-23-2026,Resolved,7
4003831,1032510,2032510,9-27-2025,Premium Issue,Agent,10-23-2025,Resolved,26
4003833,1032526,2032526,4-17-2026,Premium Issue,Agent,4-25-2026,Resolved,8
4003894,1033111,2033111,3-26-2026,Premium Issue,Agent,04-11-26,Resolved,16
4003909,1033240,2033240,5-24-2025,Premium Issue,Agent,06-06-25,Resolved,13
4003983,1033749,2033749,08-10-25,Premium Issue,Agent,8-26-2025,Resolved,16
4004089,1034546,2034546,11-23-2025,Premium Issue,Agent,12-03-25,Resolved,10
4004112,1034809,2034809,8-26-2025,Premium Issue,Agent,9-21-2025,Resolved,26
4004221,1035716,2035716,06-10-26,Premium Issue,Agent,07-02-26,Resolved,22
4004240,1035874,2035874,5-21-2026,Premium Issue,Agent,6-16-2026,Resolved,26
4004247,1035936,2035936,11-05-25,Premium Issue,Agent,11-08-25,Resolved,3
4004256,1036010,2036010,05-05-26,Premium Issue,Agent,05-11-26,Resolved,6
4004288,1036304,2036304,10-26-2024,Premium Issue,Agent,11-12-24,Resolved,17
4004311,1036496,2036496,8-18-2025,Premium Issue,Agent,09-11-25,Resolved,24
4004333,1036638,2036638,09-05-25,Premium Issue,Agent,10-02-25,Resolved,27
4004446,1037532,2037532,5-22-2024,Premium Issue,Agent,6-15-2024,Resolved,24
4004452,1037575,2037575,1-17-2026,Premium Issue,Agent,1-21-2026,Resolved,4
4004546,1038238,2038238,6-14-2025,Premium Issue,Agent,6-28-2025,Resolved,14
4004556,1038304,2038304,06-11-25,Premium Issue,Agent,6-30-2025,Resolved,19
4004572,1038379,2038379,11-29-2024,Premium Issue,Agent,12-18-2024,Resolved,19
4004580,1038450,2038450,6-27-2025,Premium Issue,Agent,7-16-2025,Resolved,19
4004589,1038525,2038525,11-20-2025,Premium Issue,Agent,11-22-2025,Resolved,2
4004643,1038940,2038940,7-21-2025,Premium Issue,Agent,7-24-2025,Resolved,3
4004798,1040225,2040225,12-01-25,Premium Issue,Agent,12-24-2025,Resolved,23
4004812,1040373,2040373,12-26-2024,Premium Issue,Agent,1-20-2025,Resolved,25
4004822,1040420,2040420,12-26-2024,Premium Issue,Agent,01-04-25,Resolved,9
4004838,1040599,2040599,3-19-2025,Premium Issue,Agent,4-13-2025,Resolved,25
4004988,1041867,2041867,11-14-2024,Premium Issue,Agent,11-22-2024,Resolved,8
4004991,1041888,2041888,02-08-25,Premium Issue,Agent,2-28-2025,Resolved,20
4005017,1042185,2042185,1-30-2026,Premium Issue,Agent,2-26-2026,Resolved,27
4005050,1042469,2042469,2-21-2024,Premium Issue,Agent,3-13-2024,Resolved,21
4005065,1042583,2042583,12-27-2025,Premium Issue,Agent,1-21-2026,Resolved,25
4005114,1043007,2043007,07-03-26,Premium Issue,Agent,7-25-2026,Resolved,22
4005140,1043191,2043191,7-23-2026,Premium Issue,Agent,08-04-26,Resolved,12
4005197,1043693,2043693,8-17-2024,Premium Issue,Agent,8-19-2024,Resolved,2
4005209,1043786,2043786,02-04-26,Premium Issue,Agent,2-20-2026,Resolved,16
4005210,1043787,2043787,6-24-2024,Premium Issue,Agent,07-01-24,Resolved,7
4005318,1044744,2044744,10-13-2026,Premium Issue,Agent,10-15-2026,Resolved,2
4005354,1045000,2045000,12-27-2025,Premium Issue,Agent,1-26-2026,Resolved,30
4005433,1045704,2045704,4-17-2026,Premium Issue,Agent,05-03-26,Resolved,16
4005544,1046649,2046649,1-25-2026,Premium Issue,Agent,02-12-26,Resolved,18
4005565,1046883,2046883,01-03-26,Premium Issue,Agent,1-30-2026,Resolved,27
4005707,1048187,2048187,03-11-26,Premium Issue,Agent,3-26-2026,Resolved,15
4005725,1048305,2048305,11-19-2025,Premium Issue,Agent,12-07-25,Resolved,18
4005775,1048728,2048728,12-19-2025,Premium Issue,Agent,1-16-2026,Resolved,28
4005786,1048828,2048828,01-05-26,Premium Issue,Agent,1-21-2026,Resolved,16
4006074,1051390,2051390,11-30-2024,Premium Issue,Agent,12-26-2024,Resolved,26
4006115,1051736,2051736,3-18-2026,Premium Issue,Agent,3-30-2026,Resolved,12
4006129,1051902,2051902,08-03-25,Premium Issue,Agent,8-30-2025,Resolved,27
4006179,1052338,2052338,8-25-2025,Premium Issue,Agent,9-16-2025,Resolved,22
4006180,1052344,2052344,3-30-2026,Premium Issue,Agent,04-03-26,Resolved,4
4006208,1052621,2052621,01-12-25,Premium Issue,Agent,1-29-2025,Resolved,17
4006228,1052826,2052826,01-11-25,Premium Issue,Agent,02-05-25,Resolved,25
4006254,1053051,2053051,09-04-26,Premium Issue,Agent,09-12-26,Resolved,8
4006362,1053896,2053896,12-13-2025,Premium Issue,Agent,12-20-2025,Resolved,7
4006416,1054314,2054314,07-02-24,Premium Issue,Agent,7-23-2024,Resolved,21
4006418,1054326,2054326,09-08-24,Premium Issue,Agent,10-01-24,Resolved,23
4006424,1054352,2054352,1-19-2025,Premium Issue,Agent,1-26-2025,Resolved,7
4006482,1054830,2054830,5-28-2026,Premium Issue,Agent,6-22-2026,Resolved,25
4006491,1054897,2054897,12-12-24,Premium Issue,Agent,12-18-2024,Resolved,6
4006504,1055007,2055007,12-26-2024,Premium Issue,Agent,12-27-2024,Resolved,1
4006573,1055572,2055572,12-18-2024,Premium Issue,Agent,1-17-2025,Resolved,30
4006604,1055820,2055820,1-20-2025,Premium Issue,Agent,1-25-2025,Resolved,5
4006734,1056838,2056838,06-01-25,Premium Issue,Agent,6-24-2025,Resolved,23
4006773,1057129,2057129,11-20-2025,Premium Issue,Agent,12-12-25,Resolved,22
4006860,1057735,2057735,01-10-25,Premium Issue,Agent,1-19-2025,Resolved,9
4006886,1057932,2057932,04-02-25,Premium Issue,Agent,4-28-2025,Resolved,26
4006892,1057973,2057973,02-06-25,Premium Issue,Agent,02-09-25,Resolved,3
4006908,1058083,2058083,10-29-2024,Premium Issue,Agent,11-02-24,Resolved,4
4006911,1058104,2058104,1-22-2026,Premium Issue,Agent,1-30-2026,Resolved,8
4006949,1058375,2058375,2-19-2025,Premium Issue,Agent,3-20-2025,Resolved,29
4006993,1058798,2058798,6-26-2025,Premium Issue,Agent,7-25-2025,Resolved,29
4007076,1059475,2059475,7-19-2024,Premium Issue,Agent,7-25-2024,Resolved,6
4007124,1059825,2059825,12-21-2024,Premium Issue,Agent,12-24-2024,Resolved,3
4007163,1060111,2060111,05-11-26,Premium Issue,Agent,5-20-2026,Resolved,9
4007179,1060273,2060273,11-24-2025,Premium Issue,Agent,12-16-2025,Resolved,22
4007181,1060282,2060282,7-24-2025,Premium Issue,Agent,7-25-2025,Resolved,1
4007450,1062360,2062360,7-13-2025,Premium Issue,Agent,7-30-2025,Resolved,17
4007706,1064575,2064575,09-02-26,Premium Issue,Agent,9-15-2026,Resolved,13
4007722,1064713,2064713,12-22-2025,Premium Issue,Agent,01-09-26,Resolved,18
4007800,1065335,2065335,12-08-24,Premium Issue,Agent,12-10-24,Resolved,2
4007831,1065566,2065566,04-05-25,Premium Issue,Agent,05-05-25,Resolved,30
4007892,1066090,2066090,02-07-26,Premium Issue,Agent,2-17-2026,Resolved,10
4007905,1066202,2066202,1-13-2025,Premium Issue,Agent,1-14-2025,Resolved,1
4007906,1066205,2066205,02-02-25,Premium Issue,Agent,2-22-2025,Resolved,20
4007989,1066902,2066902,01-07-26,Premium Issue,Agent,01-10-26,Resolved,3
4008043,1067297,2067297,8-26-2025,Premium Issue,Agent,9-23-2025,Resolved,28
4008051,1067343,2067343,12-27-2025,Premium Issue,Agent,1-17-2026,Resolved,21
4008096,1067785,2067785,01-07-26,Premium Issue,Agent,02-05-26,Resolved,29
4008101,1067827,2067827,11-20-2025,Premium Issue,Agent,12-20-2025,Resolved,30
4008211,1068759,2068759,8-31-2025,Premium Issue,Agent,9-14-2025,Resolved,14
4008303,1069507,2069507,09-11-25,Premium Issue,Agent,10-03-25,Resolved,22
4008315,1069618,2069618,07-11-26,Premium Issue,Agent,08-02-26,Resolved,22
4008327,1069691,2069691,10-25-2025,Premium Issue,Agent,10-28-2025,Resolved,3
4008329,1069695,2069695,9-29-2026,Premium Issue,Agent,10-09-26,Resolved,10
4008406,1070442,2070442,09-02-26,Premium Issue,Agent,09-10-26,Resolved,8
4008407,1070443,2070443,3-14-2025,Premium Issue,Agent,3-23-2025,Resolved,9
4008412,1070479,2070479,04-04-25,Premium Issue,Agent,4-19-2025,Resolved,15
4008531,1071568,2071568,4-14-2024,Premium Issue,Agent,4-24-2024,Resolved,10
4008564,1071947,2071947,10-12-24,Premium Issue,Agent,11-04-24,Resolved,23
4008603,1072209,2072209,2-23-2026,Premium Issue,Agent,03-10-26,Resolved,15
4008619,1072347,2072347,08-06-25,Premium Issue,Agent,08-10-25,Resolved,4
4008674,1072844,2072844,12-04-24,Premium Issue,Agent,12-20-2024,Resolved,16
4008677,1072854,2072854,02-11-25,Premium Issue,Agent,3-13-2025,Resolved,30
4008681,1072916,2072916,3-31-2025,Premium Issue,Agent,04-01-25,Resolved,1
4008690,1073014,2073014,7-13-2026,Premium Issue,Agent,7-15-2026,Resolved,2
4008697,1073067,2073067,10-03-24,Premium Issue,Agent,10-22-2024,Resolved,19
4008758,1073533,2073533,1-28-2025,Premium Issue,Agent,02-04-25,Resolved,7
4008782,1073739,2073739,7-13-2024,Premium Issue,Agent,7-16-2024,Resolved,3
4008847,1074318,2074318,11-09-25,Premium Issue,Agent,11-24-2025,Resolved,15
4008863,1074406,2074406,08-03-25,Premium Issue,Agent,8-25-2025,Resolved,22
4008896,1074774,2074774,4-25-2024,Premium Issue,Agent,5-25-2024,Resolved,30
4008924,1074994,2074994,12-12-24,Premium Issue,Agent,12-22-2024,Resolved,10
4009038,1075852,2075852,10-15-2024,Premium Issue,Agent,10-29-2024,Resolved,14
4009201,1077086,2077086,05-08-26,Premium Issue,Agent,5-21-2026,Resolved,13
4009216,1077203,2077203,9-25-2025,Premium Issue,Agent,10-14-2025,Resolved,19
4009239,1077426,2077426,10-29-2024,Premium Issue,Agent,11-25-2024,Resolved,27
4009254,1077540,2077540,8-14-2026,Premium Issue,Agent,8-16-2026,Resolved,2
4009258,1077575,2077575,5-23-2025,Premium Issue,Agent,5-28-2025,Resolved,5
4009263,1077638,2077638,10-07-25,Premium Issue,Agent,10-26-2025,Resolved,19
4009362,1078587,2078587,6-20-2025,Premium Issue,Agent,7-18-2025,Resolved,28
4009475,1079510,2079510,06-03-24,Premium Issue,Agent,6-17-2024,Resolved,14
4009484,1079576,2079576,02-01-25,Premium Issue,Agent,2-21-2025,Resolved,20
4009585,1080353,2080353,9-16-2024,Premium Issue,Agent,9-20-2024,Resolved,4
4009600,1080444,2080444,6-27-2026,Premium Issue,Agent,07-08-26,Resolved,11
4009782,1081836,2081836,02-10-26,Premium Issue,Agent,2-21-2026,Resolved,11
4009838,1082277,2082277,5-17-2026,Premium Issue,Agent,5-30-2026,Resolved,13
4009902,1082759,2082759,6-18-2025,Premium Issue,Agent,07-06-25,Resolved,18
4009910,1082803,2082803,12-17-2024,Premium Issue,Agent,01-03-25,Resolved,17
4010021,1083811,2083811,08-04-25,Premium Issue,Agent,08-12-25,Resolved,8
4010035,1083949,2083949,01-02-26,Premium Issue,Agent,1-30-2026,Resolved,28
4010042,1083991,2083991,9-20-2026,Premium Issue,Agent,10-06-26,Resolved,16
4010056,1084150,2084150,08-02-25,Premium Issue,Agent,08-11-25,Resolved,9
4010091,1084449,2084449,12-08-25,Premium Issue,Agent,01-03-26,Resolved,26
4010145,1084890,2084890,04-04-24,Premium Issue,Agent,4-29-2024,Resolved,25
4010248,1085838,2085838,8-28-2025,Premium Issue,Agent,8-31-2025,Resolved,3
4010299,1086270,2086270,3-16-2026,Premium Issue,Agent,3-23-2026,Resolved,7
4010317,1086420,2086420,12-20-2025,Premium Issue,Agent,12-21-2025,Resolved,1
4010334,1086656,2086656,1-23-2026,Premium Issue,Agent,2-14-2026,Resolved,22
4010346,1086770,2086770,4-22-2025,Premium Issue,Agent,05-11-25,Resolved,19
4010385,1087121,2087121,10-12-26,Premium Issue,Agent,10-28-2026,Resolved,16
4010418,1087364,2087364,11-27-2025,Premium Issue,Agent,12-15-2025,Resolved,18
4010441,1087510,2087510,1-26-2026,Premium Issue,Agent,1-29-2026,Resolved,3
4010488,1087864,2087864,2-18-2026,Premium Issue,Agent,03-12-26,Resolved,22
4010545,1088306,2088306,8-23-2026,Premium Issue,Agent,09-12-26,Resolved,20
4010551,1088353,2088353,1-28-2025,Premium Issue,Agent,02-06-25,Resolved,9
4010586,1088602,2088602,07-05-24,Premium Issue,Agent,07-07-24,Resolved,2
4010645,1088964,2088964,6-16-2025,Premium Issue,Agent,7-13-2025,Resolved,27
4010724,1089735,2089735,09-06-24,Premium Issue,Agent,09-08-24,Resolved,2
4010796,1090315,2090315,5-24-2025,Premium Issue,Agent,06-10-25,Resolved,17
4010859,1090816,2090816,5-30-2026,Premium Issue,Agent,6-25-2026,Resolved,26
4010873,1090924,2090924,08-07-25,Premium Issue,Agent,09-01-25,Resolved,25
4010912,1091307,2091307,05-03-26,Premium Issue,Agent,05-08-26,Resolved,5
4010932,1091482,2091482,3-30-2025,Premium Issue,Agent,4-22-2025,Resolved,23
4010943,1091554,2091554,05-04-25,Premium Issue,Agent,05-11-25,Resolved,7
4011097,1092737,2092737,3-14-2025,Premium Issue,Agent,04-05-25,Resolved,22
4011169,1093403,2093403,07-12-25,Premium Issue,Agent,08-05-25,Resolved,24
4011254,1094037,2094037,02-11-25,Premium Issue,Agent,2-22-2025,Resolved,11
4011314,1094582,2094582,6-20-2025,Premium Issue,Agent,7-17-2025,Resolved,27
4011352,1094886,2094886,2-20-2025,Premium Issue,Agent,03-05-25,Resolved,13
4011456,1095904,2095904,9-21-2025,Premium Issue,Agent,9-23-2025,Resolved,2
4011572,1096985,2096985,12-08-25,Premium Issue,Agent,12-18-2025,Resolved,10
4011592,1097170,2097170,2-20-2025,Premium Issue,Agent,3-17-2025,Resolved,25
4011605,1097283,2097283,9-17-2024,Premium Issue,Agent,9-20-2024,Resolved,3
4011629,1097485,2097485,10-26-2025,Premium Issue,Agent,11-15-2025,Resolved,20
4011646,1097689,2097689,05-08-24,Premium Issue,Agent,5-22-2024,Resolved,14
4011678,1097917,2097917,09-12-25,Premium Issue,Agent,9-15-2025,Resolved,3
4011705,1098115,2098115,01-05-26,Premium Issue,Agent,01-09-26,Resolved,4
4011712,1098155,2098155,01-05-26,Premium Issue,Agent,02-04-26,Resolved,30
4011718,1098204,2098204,4-14-2026,Premium Issue,Agent,05-04-26,Resolved,20
4011735,1098319,2098319,01-04-26,Premium Issue,Agent,01-05-26,Resolved,1
4011764,1098580,2098580,6-17-2025,Premium Issue,Agent,6-27-2025,Resolved,10
4011882,1099448,2099448,04-02-25,Premium Issue,Agent,04-10-25,Resolved,8
4000005,1000066,2000066,05-12-25,Documentation,Agent,5-23-2025,Resolved,11
4000088,1000793,2000793,3-18-2026,Documentation,Agent,3-28-2026,Resolved,10
4000107,1000968,2000968,07-07-24,Documentation,Agent,08-06-24,Resolved,30
4000129,1001166,2001166,10-16-2024,Documentation,Agent,10-25-2024,Resolved,9
4000142,1001268,2001268,6-25-2024,Documentation,Agent,7-18-2024,Resolved,23
4000146,1001333,2001333,9-28-2024,Documentation,Agent,10-04-24,Resolved,6
4000295,1002733,2002733,8-20-2025,Documentation,Agent,09-07-25,Resolved,18
4000298,1002762,2002762,1-31-2025,Documentation,Agent,2-18-2025,Resolved,18
4000310,1002840,2002840,7-18-2025,Documentation,Agent,7-20-2025,Resolved,2
4000384,1003431,2003431,6-24-2024,Documentation,Agent,07-09-24,Resolved,15
4000412,1003677,2003677,01-03-26,Documentation,Agent,1-28-2026,Resolved,25
4000490,1004313,2004313,06-12-24,Documentation,Agent,07-05-24,Resolved,23
4000559,1004899,2004899,10-06-25,Documentation,Agent,10-08-25,Resolved,2
4000627,1005528,2005528,8-20-2025,Documentation,Agent,8-30-2025,Resolved,10
4000657,1005740,2005740,8-15-2025,Documentation,Agent,09-06-25,Resolved,22
4000729,1006304,2006304,09-05-25,Documentation,Agent,10-02-25,Resolved,27
4000745,1006501,2006501,02-11-25,Documentation,Agent,03-05-25,Resolved,22
4000752,1006592,2006592,6-16-2024,Documentation,Agent,7-14-2024,Resolved,28
4000783,1006864,2006864,11-03-24,Documentation,Agent,11-08-24,Resolved,5
4000789,1006903,2006903,05-07-25,Documentation,Agent,5-30-2025,Resolved,23
4000833,1007320,2007320,09-06-25,Documentation,Agent,9-15-2025,Resolved,9
4000840,1007368,2007368,7-31-2024,Documentation,Agent,8-29-2024,Resolved,29
4000853,1007483,2007483,04-12-26,Documentation,Agent,4-28-2026,Resolved,16
4000884,1007717,2007717,3-25-2025,Documentation,Agent,4-22-2025,Resolved,28
4000885,1007726,2007726,07-08-26,Documentation,Agent,7-26-2026,Resolved,18
4000909,1007903,2007903,1-25-2026,Documentation,Agent,02-05-26,Resolved,11
4000911,1007928,2007928,5-27-2026,Documentation,Agent,6-22-2026,Resolved,26
4000931,1008064,2008064,8-30-2025,Documentation,Agent,9-16-2025,Resolved,17
4000959,1008240,2008240,05-09-25,Documentation,Agent,5-29-2025,Resolved,20
4000978,1008378,2008378,12-13-2025,Documentation,Agent,12-29-2025,Resolved,16
4000991,1008469,2008469,12-09-25,Documentation,Agent,01-08-26,Resolved,30
4001075,1009201,2009201,11-25-2025,Documentation,Agent,11-28-2025,Resolved,3
4001100,1009352,2009352,3-24-2026,Documentation,Agent,04-04-26,Resolved,11
4001119,1009471,2009471,12-06-24,Documentation,Agent,12-22-2024,Resolved,16
4001175,1009967,2009967,06-08-24,Documentation,Agent,6-24-2024,Resolved,16
4001222,1010451,2010451,03-12-26,Documentation,Agent,3-26-2026,Resolved,14
4001253,1010756,2010756,11-29-2024,Documentation,Agent,12-10-24,Resolved,11
4001254,1010771,2010771,8-26-2025,Documentation,Agent,09-11-25,Resolved,16
4001325,1011286,2011286,8-15-2025,Documentation,Agent,09-11-25,Resolved,27
4001336,1011331,2011331,7-14-2025,Documentation,Agent,7-27-2025,Resolved,13
4001389,1011848,2011848,01-06-26,Documentation,Agent,02-02-26,Resolved,27
4001423,1012161,2012161,2-24-2025,Documentation,Agent,3-17-2025,Resolved,21
4001448,1012364,2012364,3-18-2026,Documentation,Agent,04-04-26,Resolved,17
4001463,1012486,2012486,6-23-2025,Documentation,Agent,07-09-25,Resolved,16
4001467,1012493,2012493,7-23-2025,Documentation,Agent,8-19-2025,Resolved,27
4001487,1012675,2012675,6-26-2025,Documentation,Agent,07-06-25,Resolved,10
4001512,1012901,2012901,11-23-2025,Documentation,Agent,11-27-2025,Resolved,4
4001548,1013224,2013224,09-09-25,Documentation,Agent,10-04-25,Resolved,25
4001562,1013313,2013313,12-06-25,Documentation,Agent,12-14-2025,Resolved,8
4001587,1013522,2013522,01-03-25,Documentation,Agent,01-05-25,Resolved,2
4001651,1013947,2013947,7-21-2026,Documentation,Agent,8-15-2026,Resolved,25
4001665,1014067,2014067,03-03-26,Documentation,Agent,04-02-26,Resolved,30
4001674,1014129,2014129,06-10-25,Documentation,Agent,6-13-2025,Resolved,3
4001711,1014506,2014506,9-27-2026,Documentation,Agent,9-28-2026,Resolved,1
4001755,1014871,2014871,12-21-2025,Documentation,Agent,1-17-2026,Resolved,27
4001881,1016037,2016037,05-10-25,Documentation,Agent,5-30-2025,Resolved,20
4001921,1016290,2016290,07-08-24,Documentation,Agent,7-24-2024,Resolved,16
4001947,1016483,2016483,11-11-25,Documentation,Agent,11-29-2025,Resolved,18
4001999,1016855,2016855,08-10-25,Documentation,Agent,8-23-2025,Resolved,13
4002016,1017099,2017099,6-23-2025,Documentation,Agent,6-26-2025,Resolved,3
4002198,1018644,2018644,9-26-2024,Documentation,Agent,10-10-24,Resolved,14
4002216,1018855,2018855,10-13-2024,Documentation,Agent,10-27-2024,Resolved,14
4002272,1019376,2019376,3-13-2025,Documentation,Agent,3-16-2025,Resolved,3
4002389,1020298,2020298,09-04-24,Documentation,Agent,9-26-2024,Resolved,22
4002451,1020738,2020738,11-18-2025,Documentation,Agent,11-27-2025,Resolved,9
4002608,1022145,2022145,12-13-2025,Documentation,Agent,12-22-2025,Resolved,9
4002669,1022664,2022664,4-18-2024,Documentation,Agent,05-08-24,Resolved,20
4002700,1022882,2022882,4-30-2025,Documentation,Agent,05-06-25,Resolved,6
4003006,1025319,2025319,05-08-25,Documentation,Agent,06-01-25,Resolved,24
4003038,1025527,2025527,12-27-2024,Documentation,Agent,1-20-2025,Resolved,24
4003137,1026336,2026336,9-17-2025,Documentation,Agent,9-29-2025,Resolved,12
4003150,1026500,2026500,4-30-2025,Documentation,Agent,5-22-2025,Resolved,22
4003166,1026666,2026666,2-15-2026,Documentation,Agent,3-15-2026,Resolved,28
4003250,1027404,2027404,3-31-2025,Documentation,Agent,4-19-2025,Resolved,19
4003295,1027702,2027702,04-09-25,Documentation,Agent,04-12-25,Resolved,3
4003314,1027911,2027911,02-01-25,Documentation,Agent,2-25-2025,Resolved,24
4003641,1030973,2030973,6-21-2026,Documentation,Agent,07-02-26,Resolved,11
4003645,1031001,2031001,12-16-2025,Documentation,Agent,12-22-2025,Resolved,6
4003712,1031499,2031499,10-22-2026,Documentation,Agent,11-20-2026,Resolved,29
4003948,1033483,2033483,02-04-25,Documentation,Agent,2-18-2025,Resolved,14
4003962,1033577,2033577,11-23-2024,Documentation,Agent,11-25-2024,Resolved,2
4003995,1033876,2033876,9-13-2025,Documentation,Agent,9-28-2025,Resolved,15
4003996,1033910,2033910,07-06-26,Documentation,Agent,7-21-2026,Resolved,15
4004008,1033982,2033982,8-15-2025,Documentation,Agent,09-05-25,Resolved,21
4004074,1034424,2034424,2-23-2026,Documentation,Agent,03-06-26,Resolved,11
4004174,1035371,2035371,4-17-2025,Documentation,Agent,05-04-25,Resolved,17
4004228,1035789,2035789,08-05-24,Documentation,Agent,09-02-24,Resolved,28
4004262,1036046,2036046,01-01-26,Documentation,Agent,01-09-26,Resolved,8
4004296,1036413,2036413,12-05-25,Documentation,Agent,12-17-2025,Resolved,12
4004347,1036748,2036748,8-30-2025,Documentation,Agent,9-23-2025,Resolved,24
4004357,1036811,2036811,1-20-2025,Documentation,Agent,1-22-2025,Resolved,2
4004387,1037050,2037050,10-27-2024,Documentation,Agent,11-17-2024,Resolved,21
4004461,1037628,2037628,3-13-2025,Documentation,Agent,3-17-2025,Resolved,4
4004467,1037672,2037672,8-28-2026,Documentation,Agent,9-26-2026,Resolved,29
4004493,1037852,2037852,11-06-24,Documentation,Agent,11-20-2024,Resolved,14
4004532,1038159,2038159,05-06-25,Documentation,Agent,5-26-2025,Resolved,20
4004575,1038400,2038400,9-23-2025,Documentation,Agent,9-26-2025,Resolved,3
4004588,1038517,2038517,01-06-25,Documentation,Agent,1-28-2025,Resolved,22
4004615,1038726,2038726,1-29-2025,Documentation,Agent,2-19-2025,Resolved,21
4004616,1038733,2038733,11-18-2025,Documentation,Agent,11-25-2025,Resolved,7
4004642,1038937,2038937,1-17-2026,Documentation,Agent,02-07-26,Resolved,21
4004669,1039193,2039193,1-17-2025,Documentation,Agent,1-30-2025,Resolved,13
4004676,1039225,2039225,03-01-26,Documentation,Agent,3-25-2026,Resolved,24
4004782,1040067,2040067,8-22-2026,Documentation,Agent,9-16-2026,Resolved,25
4004784,1040079,2040079,9-13-2024,Documentation,Agent,9-18-2024,Resolved,5
4004805,1040282,2040282,12-16-2024,Documentation,Agent,12-22-2024,Resolved,6
4004859,1040772,2040772,10-09-25,Documentation,Agent,10-10-25,Resolved,1
4004887,1041022,2041022,10-02-25,Documentation,Agent,10-31-2025,Resolved,29
4004925,1041350,2041350,1-18-2026,Documentation,Agent,02-12-26,Resolved,25
4004928,1041378,2041378,6-14-2024,Documentation,Agent,07-09-24,Resolved,25
4004989,1041877,2041877,8-16-2026,Documentation,Agent,09-12-26,Resolved,27
4005141,1043218,2043218,06-04-25,Documentation,Agent,06-07-25,Resolved,3
4005153,1043322,2043322,06-12-24,Documentation,Agent,6-16-2024,Resolved,4
4005156,1043348,2043348,4-26-2025,Documentation,Agent,5-24-2025,Resolved,28
4005167,1043431,2043431,03-09-25,Documentation,Agent,3-19-2025,Resolved,10
4005179,1043571,2043571,06-03-25,Documentation,Agent,6-30-2025,Resolved,27
4005213,1043802,2043802,02-05-25,Documentation,Agent,02-09-25,Resolved,4
4005240,1044115,2044115,6-17-2024,Documentation,Agent,7-15-2024,Resolved,28
4005448,1045843,2045843,06-10-25,Documentation,Agent,06-12-25,Resolved,2
4005514,1046380,2046380,09-03-24,Documentation,Agent,9-30-2024,Resolved,27
4005521,1046435,2046435,10-20-2024,Documentation,Agent,11-08-24,Resolved,19
4005528,1046496,2046496,10-16-2025,Documentation,Agent,10-21-2025,Resolved,5
4005536,1046553,2046553,08-02-26,Documentation,Agent,08-04-26,Resolved,2
4005546,1046665,2046665,03-09-26,Documentation,Agent,04-05-26,Resolved,27
4005549,1046708,2046708,4-22-2024,Documentation,Agent,05-01-24,Resolved,9
4005589,1047083,2047083,10-26-2024,Documentation,Agent,11-23-2024,Resolved,28
4005593,1047101,2047101,4-14-2024,Documentation,Agent,05-03-24,Resolved,19
4005602,1047182,2047182,02-06-25,Documentation,Agent,03-05-25,Resolved,27
4005632,1047509,2047509,7-28-2026,Documentation,Agent,08-12-26,Resolved,15
4005666,1047846,2047846,04-12-26,Documentation,Agent,4-15-2026,Resolved,3
4005806,1049082,2049082,1-16-2025,Documentation,Agent,02-08-25,Resolved,23
4005874,1049573,2049573,04-11-25,Documentation,Agent,05-01-25,Resolved,20
4005935,1050079,2050079,4-22-2026,Documentation,Agent,5-13-2026,Resolved,21
4005964,1050267,2050267,4-15-2026,Documentation,Agent,4-22-2026,Resolved,7
4005998,1050534,2050534,11-25-2024,Documentation,Agent,12-15-2024,Resolved,20
4006015,1050693,2050693,5-28-2026,Documentation,Agent,6-27-2026,Resolved,30
4006023,1050786,2050786,2-14-2026,Documentation,Agent,03-10-26,Resolved,24
4006081,1051447,2051447,4-30-2025,Documentation,Agent,05-03-25,Resolved,3
4006165,1052202,2052202,05-03-25,Documentation,Agent,5-27-2025,Resolved,24
4006192,1052449,2052449,7-21-2024,Documentation,Agent,8-16-2024,Resolved,26
4006271,1053149,2053149,08-12-26,Documentation,Agent,09-06-26,Resolved,25
4006332,1053655,2053655,07-06-26,Documentation,Agent,7-24-2026,Resolved,18
4006412,1054282,2054282,10-02-25,Documentation,Agent,10-31-2025,Resolved,29
4006474,1054731,2054731,05-04-26,Documentation,Agent,5-31-2026,Resolved,27
4006476,1054766,2054766,11-21-2024,Documentation,Agent,12-09-24,Resolved,18
4006500,1054986,2054986,9-25-2025,Documentation,Agent,9-26-2025,Resolved,1
4006529,1055199,2055199,09-01-25,Documentation,Agent,09-11-25,Resolved,10
4006545,1055322,2055322,04-11-24,Documentation,Agent,4-26-2024,Resolved,15
4006629,1055993,2055993,10-27-2025,Documentation,Agent,11-02-25,Resolved,6
4006644,1056116,2056116,08-09-25,Documentation,Agent,8-21-2025,Resolved,12
4006674,1056389,2056389,07-06-25,Documentation,Agent,7-19-2025,Resolved,13
4006697,1056556,2056556,09-02-25,Documentation,Agent,09-12-25,Resolved,10
4006729,1056803,2056803,7-30-2024,Documentation,Agent,8-26-2024,Resolved,27
4006791,1057234,2057234,2-13-2025,Documentation,Agent,03-11-25,Resolved,26
4006801,1057314,2057314,7-14-2025,Documentation,Agent,08-03-25,Resolved,20
4006823,1057508,2057508,1-24-2026,Documentation,Agent,02-07-26,Resolved,14
4006865,1057794,2057794,05-02-25,Documentation,Agent,05-09-25,Resolved,7
4006867,1057814,2057814,06-01-25,Documentation,Agent,6-19-2025,Resolved,18
4006907,1058080,2058080,11-22-2025,Documentation,Agent,12-12-25,Resolved,20
4006914,1058114,2058114,02-09-26,Documentation,Agent,2-17-2026,Resolved,8
4007045,1059242,2059242,8-27-2024,Documentation,Agent,09-10-24,Resolved,14
4007057,1059311,2059311,04-03-25,Documentation,Agent,4-13-2025,Resolved,10
4007074,1059430,2059430,9-13-2025,Documentation,Agent,10-02-25,Resolved,19
4007075,1059457,2059457,2-22-2025,Documentation,Agent,2-28-2025,Resolved,6
4007137,1059909,2059909,06-01-25,Documentation,Agent,06-07-25,Resolved,6
4007191,1060369,2060369,10-21-2025,Documentation,Agent,11-03-25,Resolved,13
4007192,1060370,2060370,06-12-24,Documentation,Agent,07-05-24,Resolved,23
4007195,1060388,2060388,5-22-2026,Documentation,Agent,5-26-2026,Resolved,4
4007202,1060419,2060419,03-11-25,Documentation,Agent,04-05-25,Resolved,25
4007232,1060631,2060631,05-01-26,Documentation,Agent,5-29-2026,Resolved,28
4007266,1060887,2060887,11-21-2024,Documentation,Agent,11-30-2024,Resolved,9
4007364,1061703,2061703,09-07-24,Documentation,Agent,9-19-2024,Resolved,12
4007444,1062327,2062327,10-25-2024,Documentation,Agent,11-19-2024,Resolved,25
4007455,1062377,2062377,6-20-2026,Documentation,Agent,6-27-2026,Resolved,7
4007517,1063020,2063020,7-27-2024,Documentation,Agent,7-28-2024,Resolved,1
4007545,1063331,2063331,10-25-2025,Documentation,Agent,11-11-25,Resolved,17
4007597,1063709,2063709,12-19-2025,Documentation,Agent,1-13-2026,Resolved,25
4007636,1064002,2064002,10-10-25,Documentation,Agent,10-26-2025,Resolved,16
4007677,1064349,2064349,3-24-2025,Documentation,Agent,3-28-2025,Resolved,4
4007873,1065945,2065945,9-14-2025,Documentation,Agent,9-16-2025,Resolved,2
4007893,1066104,2066104,2-19-2025,Documentation,Agent,03-04-25,Resolved,13
4008079,1067566,2067566,3-21-2025,Documentation,Agent,04-08-25,Resolved,18
4008113,1067956,2067956,5-20-2024,Documentation,Agent,6-14-2024,Resolved,25
4008163,1068299,2068299,06-03-25,Documentation,Agent,07-01-25,Resolved,28
4008228,1068874,2068874,4-28-2025,Documentation,Agent,5-19-2025,Resolved,21
4008332,1069734,2069734,3-20-2025,Documentation,Agent,04-02-25,Resolved,13
4008380,1070172,2070172,10-27-2024,Documentation,Agent,11-19-2024,Resolved,23
4008436,1070696,2070696,4-26-2025,Documentation,Agent,05-04-25,Resolved,8
4008445,1070762,2070762,10-29-2025,Documentation,Agent,11-23-2025,Resolved,25
4008493,1071202,2071202,03-06-25,Documentation,Agent,03-09-25,Resolved,3
4008501,1071255,2071255,5-25-2026,Documentation,Agent,06-09-26,Resolved,15
4008535,1071587,2071587,7-22-2025,Documentation,Agent,8-21-2025,Resolved,30
4008568,1071976,2071976,1-29-2026,Documentation,Agent,02-05-26,Resolved,7
4008587,1072090,2072090,1-21-2025,Documentation,Agent,2-13-2025,Resolved,23
4008785,1073774,2073774,2-25-2026,Documentation,Agent,03-11-26,Resolved,14
4008798,1073863,2073863,6-21-2025,Documentation,Agent,6-24-2025,Resolved,3
4008853,1074340,2074340,6-15-2025,Documentation,Agent,7-15-2025,Resolved,30
4008885,1074644,2074644,10-12-24,Documentation,Agent,10-31-2024,Resolved,19
4009022,1075751,2075751,11-24-2024,Documentation,Agent,11-30-2024,Resolved,6
4009036,1075828,2075828,10-05-25,Documentation,Agent,10-15-2025,Resolved,10
4009039,1075863,2075863,10-18-2025,Documentation,Agent,10-19-2025,Resolved,1
4009055,1076001,2076001,5-17-2026,Documentation,Agent,06-04-26,Resolved,18
4009104,1076343,2076343,01-05-26,Documentation,Agent,01-07-26,Resolved,2
4009224,1077289,2077289,12-26-2024,Documentation,Agent,01-03-25,Resolved,8
4009230,1077348,2077348,12-02-24,Documentation,Agent,12-24-2024,Resolved,22
4009243,1077456,2077456,06-07-25,Documentation,Agent,6-22-2025,Resolved,15
4009270,1077685,2077685,03-06-26,Documentation,Agent,3-29-2026,Resolved,23
4009311,1078139,2078139,6-17-2024,Documentation,Agent,6-27-2024,Resolved,10
4009313,1078164,2078164,3-22-2025,Documentation,Agent,4-18-2025,Resolved,27
4009398,1078919,2078919,4-13-2026,Documentation,Agent,05-08-26,Resolved,25
4009491,1079637,2079637,02-08-25,Documentation,Agent,2-27-2025,Resolved,19
4009523,1079924,2079924,01-10-26,Documentation,Agent,1-21-2026,Resolved,11
4009546,1080063,2080063,9-17-2024,Documentation,Agent,9-24-2024,Resolved,7
4009627,1080678,2080678,04-11-26,Documentation,Agent,04-12-26,Resolved,1
4009675,1081008,2081008,09-10-25,Documentation,Agent,10-08-25,Resolved,28
4009758,1081643,2081643,2-19-2025,Documentation,Agent,2-21-2025,Resolved,2
4009790,1081877,2081877,10-06-25,Documentation,Agent,11-02-25,Resolved,27
4009812,1082087,2082087,5-17-2025,Documentation,Agent,5-26-2025,Resolved,9
4009887,1082601,2082601,4-13-2026,Documentation,Agent,4-22-2026,Resolved,9
4009900,1082721,2082721,8-25-2024,Documentation,Agent,09-05-24,Resolved,11
4009934,1083088,2083088,6-24-2025,Documentation,Agent,7-20-2025,Resolved,26
4009938,1083127,2083127,2-27-2026,Documentation,Agent,3-24-2026,Resolved,25
4009941,1083153,2083153,3-15-2025,Documentation,Agent,3-24-2025,Resolved,9
4010000,1083685,2083685,5-14-2024,Documentation,Agent,06-02-24,Resolved,19
4010100,1084501,2084501,11-05-25,Documentation,Agent,11-27-2025,Resolved,22
4010174,1085138,2085138,10-10-24,Documentation,Agent,10-13-2024,Resolved,3
4010246,1085822,2085822,4-21-2026,Documentation,Agent,5-16-2026,Resolved,25
4010268,1086011,2086011,4-16-2026,Documentation,Agent,4-30-2026,Resolved,14
4010300,1086273,2086273,5-29-2025,Documentation,Agent,6-27-2025,Resolved,29
4010362,1086863,2086863,11-03-25,Documentation,Agent,11-27-2025,Resolved,24
4010409,1087275,2087275,04-07-25,Documentation,Agent,4-28-2025,Resolved,21
4010442,1087519,2087519,10-30-2026,Documentation,Agent,11-08-26,Resolved,9
4010456,1087608,2087608,9-29-2025,Documentation,Agent,10-10-25,Resolved,11
4010498,1087943,2087943,05-10-25,Documentation,Agent,5-24-2025,Resolved,14
4010531,1088179,2088179,1-23-2026,Documentation,Agent,1-28-2026,Resolved,5
4010538,1088239,2088239,03-12-26,Documentation,Agent,04-11-26,Resolved,30
4010606,1088729,2088729,12-07-25,Documentation,Agent,12-25-2025,Resolved,18
4010608,1088738,2088738,5-28-2025,Documentation,Agent,6-25-2025,Resolved,28
4010654,1089047,2089047,6-16-2024,Documentation,Agent,6-19-2024,Resolved,3
4010696,1089480,2089480,5-25-2025,Documentation,Agent,6-18-2025,Resolved,24
4010700,1089494,2089494,12-02-25,Documentation,Agent,12-12-25,Resolved,10
4010747,1089908,2089908,5-14-2025,Documentation,Agent,5-15-2025,Resolved,1
4010808,1090391,2090391,2-25-2026,Documentation,Agent,3-22-2026,Resolved,25
4010823,1090571,2090571,04-12-25,Documentation,Agent,4-21-2025,Resolved,9
4010867,1090863,2090863,3-29-2024,Documentation,Agent,04-04-24,Resolved,6
4010938,1091531,2091531,10-03-26,Documentation,Agent,10-05-26,Resolved,2
4011053,1092390,2092390,4-28-2024,Documentation,Agent,05-07-24,Resolved,9
4011086,1092638,2092638,4-13-2026,Documentation,Agent,4-26-2026,Resolved,13
4011098,1092740,2092740,03-10-26,Documentation,Agent,3-14-2026,Resolved,4
4011129,1093009,2093009,5-19-2026,Documentation,Agent,5-22-2026,Resolved,3
4011141,1093130,2093130,08-06-25,Documentation,Agent,8-21-2025,Resolved,15
4011167,1093392,2093392,03-11-26,Documentation,Agent,3-24-2026,Resolved,13
4011441,1095762,2095762,04-06-25,Documentation,Agent,4-27-2025,Resolved,21
4011448,1095827,2095827,2-13-2025,Documentation,Agent,03-11-25,Resolved,26
4011651,1097721,2097721,02-10-26,Documentation,Agent,2-19-2026,Resolved,9
4011744,1098409,2098409,3-28-2026,Documentation,Agent,4-14-2026,Resolved,17
4011794,1098771,2098771,05-09-25,Documentation,Agent,06-08-25,Resolved,30
4011799,1098791,2098791,06-11-24,Documentation,Agent,07-01-24,Resolved,20
4011892,1099477,2099477,01-11-26,Documentation,Agent,1-13-2026,Resolved,2
4011896,1099499,2099499,02-04-25,Documentation,Agent,03-03-25,Resolved,27
4011936,1099849,2099849,02-11-25,Documentation,Agent,03-05-25,Resolved,22
4000064,1000589,2000589,02-06-26,Agent Behaviour,Agent,2-13-2026,Resolved,7
4000184,1001653,2001653,4-19-2026,Agent Behaviour,Agent,4-25-2026,Resolved,6
4000272,1002514,2002514,11-20-2024,Agent Behaviour,Agent,12-06-24,Resolved,16
4000330,1002954,2002954,5-22-2026,Agent Behaviour,Agent,5-28-2026,Resolved,6
4000353,1003156,2003156,8-20-2025,Agent Behaviour,Agent,09-11-25,Resolved,22
4000376,1003353,2003353,01-09-25,Agent Behaviour,Agent,01-12-25,Resolved,3
4000389,1003483,2003483,3-15-2025,Agent Behaviour,Agent,04-06-25,Resolved,22
4000465,1004151,2004151,10-05-25,Agent Behaviour,Agent,10-27-2025,Resolved,22
4000500,1004372,2004372,07-01-24,Agent Behaviour,Agent,7-23-2024,Resolved,22
4000623,1005473,2005473,8-17-2024,Agent Behaviour,Agent,8-22-2024,Resolved,5
4000766,1006678,2006678,1-26-2026,Agent Behaviour,Agent,2-18-2026,Resolved,23
4000793,1006971,2006971,03-01-26,Agent Behaviour,Agent,03-05-26,Resolved,4
4000819,1007167,2007167,12-19-2025,Agent Behaviour,Agent,12-21-2025,Resolved,2
4000835,1007334,2007334,8-28-2025,Agent Behaviour,Agent,9-24-2025,Resolved,27
4000876,1007677,2007677,8-16-2024,Agent Behaviour,Agent,9-14-2024,Resolved,29
4000883,1007712,2007712,04-09-24,Agent Behaviour,Agent,04-11-24,Resolved,2
4000886,1007730,2007730,10-21-2024,Agent Behaviour,Agent,11-11-24,Resolved,21
4000903,1007857,2007857,6-25-2025,Agent Behaviour,Agent,6-27-2025,Resolved,2
4001024,1008786,2008786,12-11-24,Agent Behaviour,Agent,12-25-2024,Resolved,14
4001038,1008849,2008849,12-16-2024,Agent Behaviour,Agent,12-30-2024,Resolved,14
4001041,1008879,2008879,10-29-2024,Agent Behaviour,Agent,11-15-2024,Resolved,17
4001057,1009017,2009017,12-17-2024,Agent Behaviour,Agent,01-05-25,Resolved,19
4001080,1009226,2009226,08-03-25,Agent Behaviour,Agent,8-20-2025,Resolved,17
4001150,1009750,2009750,3-31-2026,Agent Behaviour,Agent,4-28-2026,Resolved,28
4001218,1010437,2010437,02-06-25,Agent Behaviour,Agent,2-26-2025,Resolved,20
4001230,1010502,2010502,9-29-2025,Agent Behaviour,Agent,10-15-2025,Resolved,16
4001337,1011346,2011346,02-04-25,Agent Behaviour,Agent,2-26-2025,Resolved,22
4001347,1011470,2011470,5-20-2025,Agent Behaviour,Agent,06-08-25,Resolved,19
4001404,1011939,2011939,7-21-2024,Agent Behaviour,Agent,7-23-2024,Resolved,2
4001414,1012062,2012062,9-29-2025,Agent Behaviour,Agent,9-30-2025,Resolved,1
4001420,1012102,2012102,2-20-2025,Agent Behaviour,Agent,03-03-25,Resolved,11
4001429,1012217,2012217,7-13-2025,Agent Behaviour,Agent,7-21-2025,Resolved,8
4001436,1012290,2012290,12-19-2025,Agent Behaviour,Agent,01-12-26,Resolved,24
4001451,1012398,2012398,10-13-2025,Agent Behaviour,Agent,11-06-25,Resolved,24
4001506,1012803,2012803,12-06-24,Agent Behaviour,Agent,12-15-2024,Resolved,9
4001543,1013182,2013182,07-02-25,Agent Behaviour,Agent,7-20-2025,Resolved,18
4001558,1013286,2013286,3-18-2026,Agent Behaviour,Agent,4-15-2026,Resolved,28
4001567,1013339,2013339,08-01-25,Agent Behaviour,Agent,8-19-2025,Resolved,18
4001634,1013860,2013860,8-16-2024,Agent Behaviour,Agent,9-13-2024,Resolved,28
4001723,1014614,2014614,12-24-2025,Agent Behaviour,Agent,12-30-2025,Resolved,6
4001777,1015035,2015035,6-15-2026,Agent Behaviour,Agent,07-12-26,Resolved,27
4001822,1015476,2015476,02-11-25,Agent Behaviour,Agent,2-22-2025,Resolved,11
4001825,1015497,2015497,08-07-26,Agent Behaviour,Agent,09-05-26,Resolved,29
4001853,1015741,2015741,12-28-2024,Agent Behaviour,Agent,12-29-2024,Resolved,1
4001874,1015963,2015963,2-15-2025,Agent Behaviour,Agent,2-19-2025,Resolved,4
4002095,1017712,2017712,12-19-2025,Agent Behaviour,Agent,12-24-2025,Resolved,5
4002117,1017899,2017899,10-24-2024,Agent Behaviour,Agent,11-09-24,Resolved,16
4002208,1018808,2018808,7-23-2025,Agent Behaviour,Agent,08-05-25,Resolved,13
4002271,1019344,2019344,3-15-2025,Agent Behaviour,Agent,04-01-25,Resolved,17
4002310,1019730,2019730,7-21-2024,Agent Behaviour,Agent,8-15-2024,Resolved,25
4002356,1020025,2020025,9-29-2025,Agent Behaviour,Agent,10-02-25,Resolved,3
4002399,1020363,2020363,3-15-2025,Agent Behaviour,Agent,3-31-2025,Resolved,16
4002404,1020382,2020382,7-28-2025,Agent Behaviour,Agent,08-11-25,Resolved,14
4002470,1020889,2020889,09-09-26,Agent Behaviour,Agent,10-02-26,Resolved,23
4002528,1021385,2021385,4-26-2024,Agent Behaviour,Agent,5-13-2024,Resolved,17
4002542,1021519,2021519,2-14-2025,Agent Behaviour,Agent,3-16-2025,Resolved,30
4002575,1021837,2021837,7-29-2025,Agent Behaviour,Agent,08-04-25,Resolved,6
4002674,1022710,2022710,9-26-2025,Agent Behaviour,Agent,10-17-2025,Resolved,21
4002735,1023147,2023147,01-03-25,Agent Behaviour,Agent,01-12-25,Resolved,9
4002740,1023157,2023157,04-10-25,Agent Behaviour,Agent,4-13-2025,Resolved,3
4002751,1023268,2023268,9-14-2026,Agent Behaviour,Agent,10-08-26,Resolved,24
4002810,1023697,2023697,03-04-26,Agent Behaviour,Agent,3-27-2026,Resolved,23
4002837,1023882,2023882,03-10-26,Agent Behaviour,Agent,04-08-26,Resolved,29
4002978,1025128,2025128,1-16-2025,Agent Behaviour,Agent,1-18-2025,Resolved,2
4002984,1025163,2025163,4-27-2025,Agent Behaviour,Agent,05-06-25,Resolved,9
4002989,1025195,2025195,10-17-2024,Agent Behaviour,Agent,10-30-2024,Resolved,13
4003024,1025424,2025424,10-19-2024,Agent Behaviour,Agent,11-03-24,Resolved,15
4003036,1025518,2025518,3-31-2025,Agent Behaviour,Agent,4-20-2025,Resolved,20
4003102,1026037,2026037,07-06-24,Agent Behaviour,Agent,7-19-2024,Resolved,13
4003136,1026331,2026331,1-30-2026,Agent Behaviour,Agent,2-21-2026,Resolved,22
4003169,1026677,2026677,3-17-2025,Agent Behaviour,Agent,3-22-2025,Resolved,5
4003210,1027075,2027075,2-20-2026,Agent Behaviour,Agent,2-27-2026,Resolved,7
4003225,1027189,2027189,6-26-2025,Agent Behaviour,Agent,07-09-25,Resolved,13
4003315,1027912,2027912,12-23-2024,Agent Behaviour,Agent,01-03-25,Resolved,11
4003336,1028037,2028037,11-20-2024,Agent Behaviour,Agent,11-25-2024,Resolved,5
4003384,1028480,2028480,7-21-2025,Agent Behaviour,Agent,08-04-25,Resolved,14
4003478,1029304,2029304,5-27-2025,Agent Behaviour,Agent,6-25-2025,Resolved,29
4003487,1029430,2029430,5-24-2025,Agent Behaviour,Agent,06-10-25,Resolved,17
4003696,1031380,2031380,2-28-2025,Agent Behaviour,Agent,03-01-25,Resolved,1
4003703,1031434,2031434,12-22-2024,Agent Behaviour,Agent,1-15-2025,Resolved,24
4003719,1031571,2031571,5-14-2026,Agent Behaviour,Agent,06-02-26,Resolved,19
4003744,1031764,2031764,06-07-24,Agent Behaviour,Agent,6-23-2024,Resolved,16
4003770,1032021,2032021,6-19-2025,Agent Behaviour,Agent,6-21-2025,Resolved,2
4003813,1032390,2032390,04-01-25,Agent Behaviour,Agent,04-05-25,Resolved,4
4003826,1032477,2032477,04-06-26,Agent Behaviour,Agent,4-26-2026,Resolved,20
4003829,1032485,2032485,11-07-25,Agent Behaviour,Agent,11-28-2025,Resolved,21
4003854,1032745,2032745,03-10-24,Agent Behaviour,Agent,3-30-2024,Resolved,20
4003877,1032993,2032993,05-09-25,Agent Behaviour,Agent,5-19-2025,Resolved,10
4003891,1033105,2033105,08-10-25,Agent Behaviour,Agent,8-15-2025,Resolved,5
4004001,1033938,2033938,3-26-2026,Agent Behaviour,Agent,04-07-26,Resolved,12
4004003,1033946,2033946,06-06-25,Agent Behaviour,Agent,6-30-2025,Resolved,24
4004049,1034283,2034283,10-08-25,Agent Behaviour,Agent,10-21-2025,Resolved,13
4004116,1034825,2034825,11-10-26,Agent Behaviour,Agent,11-30-2026,Resolved,20
4004236,1035860,2035860,8-22-2024,Agent Behaviour,Agent,09-04-24,Resolved,13
4004274,1036165,2036165,5-14-2026,Agent Behaviour,Agent,06-07-26,Resolved,24
4004294,1036391,2036391,11-05-25,Agent Behaviour,Agent,11-18-2025,Resolved,13
4004415,1037330,2037330,07-04-25,Agent Behaviour,Agent,08-03-25,Resolved,30
4004500,1037917,2037917,2-15-2025,Agent Behaviour,Agent,03-04-25,Resolved,17
4004512,1038037,2038037,10-17-2026,Agent Behaviour,Agent,11-06-26,Resolved,20
4004595,1038573,2038573,3-30-2025,Agent Behaviour,Agent,4-24-2025,Resolved,25
4004756,1039874,2039874,6-15-2024,Agent Behaviour,Agent,07-05-24,Resolved,20
4004758,1039894,2039894,06-07-25,Agent Behaviour,Agent,07-03-25,Resolved,26
4004772,1040025,2040025,05-02-24,Agent Behaviour,Agent,05-09-24,Resolved,7
4004810,1040351,2040351,05-06-25,Agent Behaviour,Agent,05-11-25,Resolved,5
4004845,1040681,2040681,1-26-2025,Agent Behaviour,Agent,1-27-2025,Resolved,1
4005024,1042272,2042272,9-28-2026,Agent Behaviour,Agent,10-06-26,Resolved,8
4005045,1042406,2042406,8-22-2024,Agent Behaviour,Agent,09-11-24,Resolved,20
4005110,1042985,2042985,04-02-25,Agent Behaviour,Agent,4-14-2025,Resolved,12
4005121,1043052,2043052,2-24-2025,Agent Behaviour,Agent,3-22-2025,Resolved,26
4005165,1043414,2043414,5-30-2025,Agent Behaviour,Agent,6-20-2025,Resolved,21
4005276,1044415,2044415,11-02-25,Agent Behaviour,Agent,11-22-2025,Resolved,20
4005382,1045341,2045341,08-12-25,Agent Behaviour,Agent,8-13-2025,Resolved,1
4005414,1045587,2045587,5-28-2024,Agent Behaviour,Agent,6-19-2024,Resolved,22
4005430,1045681,2045681,10-31-2025,Agent Behaviour,Agent,11-20-2025,Resolved,20
4005437,1045724,2045724,10-28-2025,Agent Behaviour,Agent,11-21-2025,Resolved,24
4005469,1045998,2045998,4-23-2025,Agent Behaviour,Agent,4-29-2025,Resolved,6
4005492,1046230,2046230,12-12-25,Agent Behaviour,Agent,01-05-26,Resolved,24
4005530,1046501,2046501,06-12-25,Agent Behaviour,Agent,6-24-2025,Resolved,12
4005616,1047309,2047309,04-06-25,Agent Behaviour,Agent,4-22-2025,Resolved,16
4005660,1047775,2047775,04-12-26,Agent Behaviour,Agent,05-06-26,Resolved,24
4005710,1048209,2048209,12-14-2025,Agent Behaviour,Agent,01-09-26,Resolved,26
4005778,1048761,2048761,09-07-24,Agent Behaviour,Agent,9-26-2024,Resolved,19
4005817,1049143,2049143,01-10-25,Agent Behaviour,Agent,02-03-25,Resolved,24
4005840,1049266,2049266,4-24-2024,Agent Behaviour,Agent,05-12-24,Resolved,18
4005856,1049448,2049448,4-30-2026,Agent Behaviour,Agent,05-10-26,Resolved,10
4005884,1049644,2049644,04-07-26,Agent Behaviour,Agent,4-16-2026,Resolved,9
4005924,1049954,2049954,10-04-24,Agent Behaviour,Agent,10-28-2024,Resolved,24
4005968,1050296,2050296,8-17-2025,Agent Behaviour,Agent,9-14-2025,Resolved,28
4006111,1051719,2051719,1-15-2025,Agent Behaviour,Agent,02-06-25,Resolved,22
4006140,1051996,2051996,01-06-26,Agent Behaviour,Agent,02-01-26,Resolved,26
4006146,1052022,2052022,04-09-25,Agent Behaviour,Agent,4-20-2025,Resolved,11
4006149,1052060,2052060,12-05-25,Agent Behaviour,Agent,12-26-2025,Resolved,21
4006212,1052640,2052640,11-21-2025,Agent Behaviour,Agent,12-05-25,Resolved,14
4006237,1052892,2052892,05-10-24,Agent Behaviour,Agent,06-02-24,Resolved,23
4006260,1053075,2053075,08-06-26,Agent Behaviour,Agent,8-31-2026,Resolved,25
4006336,1053668,2053668,9-17-2025,Agent Behaviour,Agent,9-19-2025,Resolved,2
4006413,1054284,2054284,2-17-2026,Agent Behaviour,Agent,2-25-2026,Resolved,8
4006490,1054892,2054892,06-01-25,Agent Behaviour,Agent,06-06-25,Resolved,5
4006501,1054998,2054998,11-13-2024,Agent Behaviour,Agent,12-11-24,Resolved,28
4006645,1056138,2056138,9-29-2026,Agent Behaviour,Agent,10-26-2026,Resolved,27
4006786,1057205,2057205,09-02-25,Agent Behaviour,Agent,09-06-25,Resolved,4
4006819,1057475,2057475,05-12-25,Agent Behaviour,Agent,5-14-2025,Resolved,2
4006953,1058401,2058401,08-02-24,Agent Behaviour,Agent,8-23-2024,Resolved,21
4006968,1058554,2058554,01-01-26,Agent Behaviour,Agent,1-23-2026,Resolved,22
4007016,1058995,2058995,11-02-24,Agent Behaviour,Agent,11-20-2024,Resolved,18
4007139,1059914,2059914,02-11-25,Agent Behaviour,Agent,03-10-25,Resolved,27
4007180,1060277,2060277,6-24-2024,Agent Behaviour,Agent,7-17-2024,Resolved,23
4007251,1060765,2060765,9-30-2024,Agent Behaviour,Agent,10-21-2024,Resolved,21
4007273,1060958,2060958,10-29-2025,Agent Behaviour,Agent,11-09-25,Resolved,11
4007280,1061034,2061034,2-21-2026,Agent Behaviour,Agent,3-13-2026,Resolved,20
4007294,1061129,2061129,12-21-2025,Agent Behaviour,Agent,1-17-2026,Resolved,27
4007325,1061363,2061363,03-11-26,Agent Behaviour,Agent,3-13-2026,Resolved,2
4007344,1061566,2061566,11-19-2024,Agent Behaviour,Agent,12-05-24,Resolved,16
4007354,1061627,2061627,05-06-24,Agent Behaviour,Agent,5-28-2024,Resolved,22
4007421,1062151,2062151,12-02-25,Agent Behaviour,Agent,12-17-2025,Resolved,15
4007541,1063277,2063277,1-21-2026,Agent Behaviour,Agent,1-25-2026,Resolved,4
4007590,1063635,2063635,02-05-25,Agent Behaviour,Agent,03-01-25,Resolved,24
4007673,1064324,2064324,04-06-25,Agent Behaviour,Agent,4-27-2025,Resolved,21
4007724,1064721,2064721,06-02-26,Agent Behaviour,Agent,6-28-2026,Resolved,26
4007796,1065300,2065300,3-13-2024,Agent Behaviour,Agent,04-01-24,Resolved,19
4007802,1065355,2065355,7-26-2025,Agent Behaviour,Agent,8-23-2025,Resolved,28
4007805,1065386,2065386,4-17-2026,Agent Behaviour,Agent,4-18-2026,Resolved,1
4007815,1065471,2065471,11-22-2025,Agent Behaviour,Agent,12-07-25,Resolved,15
4007826,1065546,2065546,9-17-2024,Agent Behaviour,Agent,9-19-2024,Resolved,2
4007834,1065581,2065581,11-06-25,Agent Behaviour,Agent,11-17-2025,Resolved,11
4007837,1065607,2065607,5-18-2024,Agent Behaviour,Agent,5-26-2024,Resolved,8
4007842,1065653,2065653,08-12-26,Agent Behaviour,Agent,09-06-26,Resolved,25
4007881,1065983,2065983,12-18-2025,Agent Behaviour,Agent,12-20-2025,Resolved,2
4007902,1066182,2066182,04-05-26,Agent Behaviour,Agent,4-27-2026,Resolved,22
4007948,1066505,2066505,5-29-2025,Agent Behaviour,Agent,6-18-2025,Resolved,20
4008002,1066969,2066969,01-08-26,Agent Behaviour,Agent,1-15-2026,Resolved,7
4008036,1067249,2067249,12-13-2025,Agent Behaviour,Agent,12-15-2025,Resolved,2
4008146,1068177,2068177,01-04-26,Agent Behaviour,Agent,01-05-26,Resolved,1
4008156,1068256,2068256,07-07-26,Agent Behaviour,Agent,7-20-2026,Resolved,13
4008188,1068524,2068524,04-10-24,Agent Behaviour,Agent,4-26-2024,Resolved,16
4008225,1068846,2068846,1-26-2026,Agent Behaviour,Agent,02-05-26,Resolved,10
4008277,1069286,2069286,7-15-2024,Agent Behaviour,Agent,08-09-24,Resolved,25
4008316,1069627,2069627,02-08-25,Agent Behaviour,Agent,03-08-25,Resolved,28
4008321,1069657,2069657,10-15-2024,Agent Behaviour,Agent,11-01-24,Resolved,17
4008351,1069894,2069894,7-13-2024,Agent Behaviour,Agent,08-02-24,Resolved,20
4008387,1070246,2070246,08-01-24,Agent Behaviour,Agent,08-06-24,Resolved,5
4008430,1070651,2070651,04-06-26,Agent Behaviour,Agent,4-16-2026,Resolved,10
4008453,1070864,2070864,09-08-25,Agent Behaviour,Agent,9-28-2025,Resolved,20
4008532,1071573,2071573,12-26-2024,Agent Behaviour,Agent,01-11-25,Resolved,16
4008536,1071590,2071590,03-06-26,Agent Behaviour,Agent,3-30-2026,Resolved,24
4008578,1072050,2072050,04-08-26,Agent Behaviour,Agent,4-20-2026,Resolved,12
4008651,1072645,2072645,11-20-2024,Agent Behaviour,Agent,12-17-2024,Resolved,27
4008698,1073069,2073069,7-16-2024,Agent Behaviour,Agent,7-22-2024,Resolved,6
4008761,1073555,2073555,11-26-2025,Agent Behaviour,Agent,12-01-25,Resolved,5
4008803,1073886,2073886,03-01-25,Agent Behaviour,Agent,3-28-2025,Resolved,27
4008811,1073964,2073964,11-29-2024,Agent Behaviour,Agent,12-17-2024,Resolved,18
4008964,1075326,2075326,10-22-2025,Agent Behaviour,Agent,10-26-2025,Resolved,4
4008973,1075380,2075380,4-30-2026,Agent Behaviour,Agent,5-15-2026,Resolved,15
4008997,1075559,2075559,8-21-2025,Agent Behaviour,Agent,09-06-25,Resolved,16
4009152,1076719,2076719,3-28-2025,Agent Behaviour,Agent,3-31-2025,Resolved,3
4009245,1077474,2077474,1-31-2025,Agent Behaviour,Agent,2-21-2025,Resolved,21
4009337,1078362,2078362,2-22-2026,Agent Behaviour,Agent,3-14-2026,Resolved,20
4009350,1078470,2078470,02-11-25,Agent Behaviour,Agent,2-15-2025,Resolved,4
4009418,1079085,2079085,1-26-2026,Agent Behaviour,Agent,2-24-2026,Resolved,29
4009457,1079347,2079347,12-10-25,Agent Behaviour,Agent,12-19-2025,Resolved,9
4009554,1080133,2080133,9-20-2025,Agent Behaviour,Agent,9-26-2025,Resolved,6
4009579,1080304,2080304,1-26-2026,Agent Behaviour,Agent,2-13-2026,Resolved,18
4009625,1080656,2080656,5-31-2025,Agent Behaviour,Agent,6-28-2025,Resolved,28
4009633,1080729,2080729,4-24-2025,Agent Behaviour,Agent,5-22-2025,Resolved,28
4009724,1081403,2081403,7-13-2025,Agent Behaviour,Agent,7-14-2025,Resolved,1
4009726,1081408,2081408,8-29-2025,Agent Behaviour,Agent,09-11-25,Resolved,13
4009759,1081644,2081644,10-09-24,Agent Behaviour,Agent,11-02-24,Resolved,24
4009870,1082512,2082512,03-01-25,Agent Behaviour,Agent,3-30-2025,Resolved,29
4009931,1083062,2083062,12-05-24,Agent Behaviour,Agent,12-14-2024,Resolved,9
4009951,1083255,2083255,1-26-2025,Agent Behaviour,Agent,2-24-2025,Resolved,29
4009980,1083523,2083523,9-19-2024,Agent Behaviour,Agent,10-17-2024,Resolved,28
4010010,1083750,2083750,7-21-2024,Agent Behaviour,Agent,7-23-2024,Resolved,2
4010077,1084286,2084286,9-21-2025,Agent Behaviour,Agent,10-03-25,Resolved,12
4010097,1084492,2084492,2-23-2024,Agent Behaviour,Agent,3-20-2024,Resolved,26
4010108,1084564,2084564,3-16-2026,Agent Behaviour,Agent,04-03-26,Resolved,18
4010161,1085056,2085056,2-17-2026,Agent Behaviour,Agent,2-18-2026,Resolved,1
4010192,1085277,2085277,12-07-25,Agent Behaviour,Agent,12-31-2025,Resolved,24
4010247,1085832,2085832,11-10-24,Agent Behaviour,Agent,11-18-2024,Resolved,8
4010347,1086771,2086771,2-26-2025,Agent Behaviour,Agent,3-25-2025,Resolved,27
4010375,1086985,2086985,09-08-24,Agent Behaviour,Agent,10-07-24,Resolved,29
4010438,1087506,2087506,1-27-2025,Agent Behaviour,Agent,2-22-2025,Resolved,26
4010470,1087741,2087741,12-18-2025,Agent Behaviour,Agent,12-31-2025,Resolved,13
4010504,1087981,2087981,9-21-2024,Agent Behaviour,Agent,10-19-2024,Resolved,28
4010530,1088167,2088167,06-06-25,Agent Behaviour,Agent,06-12-25,Resolved,6
4010535,1088210,2088210,8-20-2025,Agent Behaviour,Agent,8-21-2025,Resolved,1
4010537,1088228,2088228,7-22-2025,Agent Behaviour,Agent,08-11-25,Resolved,20
4010561,1088417,2088417,06-06-26,Agent Behaviour,Agent,6-20-2026,Resolved,14
4010569,1088471,2088471,8-28-2024,Agent Behaviour,Agent,9-27-2024,Resolved,30
4010631,1088860,2088860,7-21-2026,Agent Behaviour,Agent,08-01-26,Resolved,11
4010671,1089269,2089269,6-29-2025,Agent Behaviour,Agent,7-29-2025,Resolved,30
4010743,1089881,2089881,10-05-24,Agent Behaviour,Agent,10-22-2024,Resolved,17
4010760,1090031,2090031,1-23-2026,Agent Behaviour,Agent,1-31-2026,Resolved,8
4010821,1090554,2090554,10-26-2025,Agent Behaviour,Agent,10-27-2025,Resolved,1
4010844,1090728,2090728,11-29-2024,Agent Behaviour,Agent,12-01-24,Resolved,2
4010869,1090884,2090884,07-02-25,Agent Behaviour,Agent,7-19-2025,Resolved,17
4010902,1091190,2091190,4-13-2025,Agent Behaviour,Agent,05-10-25,Resolved,27
4010973,1091870,2091870,11-05-24,Agent Behaviour,Agent,11-19-2024,Resolved,14
4010977,1091892,2091892,1-25-2025,Agent Behaviour,Agent,02-03-25,Resolved,9
4010989,1091954,2091954,5-16-2026,Agent Behaviour,Agent,5-31-2026,Resolved,15
4011003,1092067,2092067,04-09-26,Agent Behaviour,Agent,4-23-2026,Resolved,14
4011009,1092126,2092126,12-22-2024,Agent Behaviour,Agent,12-29-2024,Resolved,7
4011042,1092327,2092327,1-27-2026,Agent Behaviour,Agent,2-18-2026,Resolved,22
4011043,1092328,2092328,1-19-2025,Agent Behaviour,Agent,1-20-2025,Resolved,1
4011078,1092570,2092570,6-28-2026,Agent Behaviour,Agent,07-06-26,Resolved,8
4011090,1092660,2092660,9-16-2025,Agent Behaviour,Agent,9-26-2025,Resolved,10
4011157,1093275,2093275,5-13-2026,Agent Behaviour,Agent,5-23-2026,Resolved,10
4011190,1093543,2093543,5-30-2025,Agent Behaviour,Agent,6-22-2025,Resolved,23
4011229,1093828,2093828,09-03-24,Agent Behaviour,Agent,9-28-2024,Resolved,25
4011262,1094107,2094107,3-25-2026,Agent Behaviour,Agent,04-07-26,Resolved,13
4011411,1095481,2095481,10-20-2024,Agent Behaviour,Agent,11-17-2024,Resolved,28
4011552,1096803,2096803,09-11-25,Agent Behaviour,Agent,9-18-2025,Resolved,7
4011553,1096824,2096824,1-29-2025,Agent Behaviour,Agent,2-27-2025,Resolved,29
4011568,1096881,2096881,4-20-2024,Agent Behaviour,Agent,4-25-2024,Resolved,5
4011684,1097997,2097997,6-27-2025,Agent Behaviour,Agent,7-16-2025,Resolved,19
4011753,1098502,2098502,3-17-2026,Agent Behaviour,Agent,3-23-2026,Resolved,6
4011775,1098640,2098640,12-22-2025,Agent Behaviour,Agent,1-21-2026,Resolved,30
4011817,1098942,2098942,8-24-2024,Agent Behaviour,Agent,9-20-2024,Resolved,27
4011837,1099120,2099120,09-10-25,Agent Behaviour,Agent,10-07-25,Resolved,27
4011842,1099145,2099145,10-31-2025,Agent Behaviour,Agent,11-21-2025,Resolved,21
4011894,1099497,2099497,10-28-2026,Agent Behaviour,Agent,11-19-2026,Resolved,22
4011924,1099758,2099758,8-25-2025,Agent Behaviour,Agent,9-20-2025,Resolved,26
4000066,1000604,2000604,05-05-26,Claim Delay,Agent,5-13-2026,Resolved,8
4000114,1001060,2001060,4-19-2024,Claim Delay,Agent,4-30-2024,Resolved,11
4000124,1001134,2001134,12-04-25,Claim Delay,Agent,12-18-2025,Resolved,14
4000232,1002162,2002162,9-23-2025,Claim Delay,Agent,10-13-2025,Resolved,20
4000242,1002295,2002295,8-14-2025,Claim Delay,Agent,8-28-2025,Resolved,14
4000368,1003254,2003254,8-16-2026,Claim Delay,Agent,09-08-26,Resolved,23
4000430,1003822,2003822,01-10-26,Claim Delay,Agent,1-18-2026,Resolved,8
4000452,1004038,2004038,12-24-2024,Claim Delay,Agent,1-16-2025,Resolved,23
4000468,1004177,2004177,4-20-2025,Claim Delay,Agent,5-15-2025,Resolved,25
4000480,1004225,2004225,1-14-2025,Claim Delay,Agent,1-21-2025,Resolved,7
4000481,1004234,2004234,11-08-25,Claim Delay,Agent,11-15-2025,Resolved,7
4000531,1004672,2004672,3-25-2025,Claim Delay,Agent,04-09-25,Resolved,15
4000544,1004777,2004777,2-25-2026,Claim Delay,Agent,3-26-2026,Resolved,29
4000564,1004943,2004943,9-20-2026,Claim Delay,Agent,10-16-2026,Resolved,26
4000573,1005045,2005045,12-25-2025,Claim Delay,Agent,1-24-2026,Resolved,30
4000596,1005238,2005238,11-22-2025,Claim Delay,Agent,12-20-2025,Resolved,28
4000621,1005465,2005465,03-11-25,Claim Delay,Agent,3-15-2025,Resolved,4
4000698,1006062,2006062,5-16-2026,Claim Delay,Agent,5-26-2026,Resolved,10
4000743,1006487,2006487,1-26-2025,Claim Delay,Agent,02-05-25,Resolved,10
4000749,1006556,2006556,1-23-2025,Claim Delay,Agent,2-20-2025,Resolved,28
4000803,1007059,2007059,8-21-2024,Claim Delay,Agent,09-11-24,Resolved,21
4000811,1007118,2007118,9-26-2024,Claim Delay,Agent,9-27-2024,Resolved,1
4000860,1007512,2007512,11-25-2025,Claim Delay,Agent,11-29-2025,Resolved,4
4000866,1007550,2007550,07-11-25,Claim Delay,Agent,7-13-2025,Resolved,2
4000942,1008156,2008156,8-24-2025,Claim Delay,Agent,8-26-2025,Resolved,2
4001132,1009625,2009625,5-20-2025,Claim Delay,Agent,06-04-25,Resolved,15
4001181,1010015,2010015,12-01-24,Claim Delay,Agent,12-07-24,Resolved,6
4001208,1010332,2010332,3-22-2026,Claim Delay,Agent,04-11-26,Resolved,20
4001220,1010445,2010445,4-20-2024,Claim Delay,Agent,05-01-24,Resolved,11
4001345,1011450,2011450,8-17-2024,Claim Delay,Agent,9-16-2024,Resolved,30
4001350,1011483,2011483,4-19-2025,Claim Delay,Agent,4-22-2025,Resolved,3
4001352,1011509,2011509,01-09-26,Claim Delay,Agent,02-07-26,Resolved,29
4001356,1011536,2011536,9-30-2025,Claim Delay,Agent,10-05-25,Resolved,5
4001503,1012780,2012780,09-10-24,Claim Delay,Agent,10-09-24,Resolved,29
4001532,1013053,2013053,07-11-25,Claim Delay,Agent,7-20-2025,Resolved,9
4001563,1013322,2013322,7-14-2024,Claim Delay,Agent,7-25-2024,Resolved,11
4001590,1013553,2013553,9-19-2024,Claim Delay,Agent,9-22-2024,Resolved,3
4001593,1013591,2013591,04-08-25,Claim Delay,Agent,05-07-25,Resolved,29
4001631,1013835,2013835,08-09-26,Claim Delay,Agent,08-11-26,Resolved,2
4001687,1014309,2014309,7-30-2024,Claim Delay,Agent,8-13-2024,Resolved,14
4001717,1014568,2014568,09-11-25,Claim Delay,Agent,9-14-2025,Resolved,3
4001809,1015340,2015340,7-24-2025,Claim Delay,Agent,8-19-2025,Resolved,26
4001824,1015492,2015492,06-08-25,Claim Delay,Agent,06-09-25,Resolved,1
4001890,1016095,2016095,7-13-2026,Claim Delay,Agent,7-29-2026,Resolved,16
4001933,1016396,2016396,6-15-2026,Claim Delay,Agent,07-10-26,Resolved,25
4001951,1016509,2016509,2-27-2024,Claim Delay,Agent,03-04-24,Resolved,6
4001954,1016519,2016519,2-13-2025,Claim Delay,Agent,03-01-25,Resolved,16
4001996,1016840,2016840,8-30-2026,Claim Delay,Agent,9-19-2026,Resolved,20
4002009,1017006,2017006,11-02-25,Claim Delay,Agent,11-03-25,Resolved,1
4002031,1017183,2017183,11-03-25,Claim Delay,Agent,11-14-2025,Resolved,11
4002074,1017516,2017516,3-13-2026,Claim Delay,Agent,04-06-26,Resolved,24
4002075,1017517,2017517,8-20-2025,Claim Delay,Agent,9-18-2025,Resolved,29
4002076,1017520,2017520,1-16-2026,Claim Delay,Agent,1-26-2026,Resolved,10
4002164,1018307,2018307,3-26-2025,Claim Delay,Agent,4-13-2025,Resolved,18
4002180,1018484,2018484,9-14-2024,Claim Delay,Agent,9-19-2024,Resolved,5
4002192,1018588,2018588,07-03-25,Claim Delay,Agent,7-27-2025,Resolved,24
4002236,1019065,2019065,04-10-24,Claim Delay,Agent,05-05-24,Resolved,25
4002255,1019218,2019218,4-14-2025,Claim Delay,Agent,4-15-2025,Resolved,1
4002364,1020087,2020087,08-09-26,Claim Delay,Agent,8-30-2026,Resolved,21
4002567,1021746,2021746,11-30-2024,Claim Delay,Agent,12-25-2024,Resolved,25
4002578,1021863,2021863,01-08-25,Claim Delay,Agent,01-10-25,Resolved,2
4002579,1021886,2021886,7-15-2025,Claim Delay,Agent,7-19-2025,Resolved,4
4002686,1022785,2022785,2-20-2025,Claim Delay,Agent,2-26-2025,Resolved,6
4002713,1022961,2022961,12-15-2024,Claim Delay,Agent,12-27-2024,Resolved,12
4002775,1023514,2023514,06-10-25,Claim Delay,Agent,07-01-25,Resolved,21
4002947,1024864,2024864,6-19-2025,Claim Delay,Agent,07-03-25,Resolved,14
4002965,1025001,2025001,02-02-26,Claim Delay,Agent,02-06-26,Resolved,4
4002979,1025135,2025135,1-26-2026,Claim Delay,Agent,1-31-2026,Resolved,5
4003009,1025334,2025334,5-19-2024,Claim Delay,Agent,06-09-24,Resolved,21
4003091,1025950,2025950,10-20-2025,Claim Delay,Agent,10-24-2025,Resolved,4
4003138,1026343,2026343,11-12-24,Claim Delay,Agent,12-07-24,Resolved,25
4003201,1027009,2027009,4-18-2024,Claim Delay,Agent,5-15-2024,Resolved,27
4003230,1027236,2027236,8-18-2024,Claim Delay,Agent,8-29-2024,Resolved,11
4003348,1028146,2028146,5-29-2025,Claim Delay,Agent,6-18-2025,Resolved,20
4003370,1028330,2028330,11-20-2024,Claim Delay,Agent,11-21-2024,Resolved,1
4003406,1028676,2028676,4-15-2024,Claim Delay,Agent,05-10-24,Resolved,25
4003419,1028798,2028798,9-17-2025,Claim Delay,Agent,9-27-2025,Resolved,10
4003474,1029269,2029269,11-10-24,Claim Delay,Agent,11-12-24,Resolved,2
4003551,1030075,2030075,5-21-2025,Claim Delay,Agent,5-26-2025,Resolved,5
4003559,1030146,2030146,03-05-25,Claim Delay,Agent,3-20-2025,Resolved,15
4003563,1030177,2030177,7-23-2025,Claim Delay,Agent,08-04-25,Resolved,12
4003585,1030389,2030389,9-28-2025,Claim Delay,Agent,10-08-25,Resolved,10
4003595,1030453,2030453,11-18-2024,Claim Delay,Agent,12-17-2024,Resolved,29
4003652,1031075,2031075,05-06-25,Claim Delay,Agent,5-15-2025,Resolved,9
4003778,1032094,2032094,11-16-2024,Claim Delay,Agent,12-13-2024,Resolved,27
4003866,1032866,2032866,12-15-2025,Claim Delay,Agent,12-20-2025,Resolved,5
4003906,1033221,2033221,12-26-2024,Claim Delay,Agent,1-24-2025,Resolved,29
4003917,1033297,2033297,3-23-2025,Claim Delay,Agent,4-17-2025,Resolved,25
4003927,1033339,2033339,8-27-2026,Claim Delay,Agent,09-04-26,Resolved,8
4003950,1033508,2033508,07-02-25,Claim Delay,Agent,7-22-2025,Resolved,20
4003960,1033568,2033568,11-08-24,Claim Delay,Agent,11-27-2024,Resolved,19
4004013,1034005,2034005,5-29-2025,Claim Delay,Agent,6-14-2025,Resolved,16
4004018,1034048,2034048,5-20-2026,Claim Delay,Agent,5-31-2026,Resolved,11
4004059,1034336,2034336,12-10-25,Claim Delay,Agent,12-16-2025,Resolved,6
4004133,1034963,2034963,10-23-2026,Claim Delay,Agent,10-28-2026,Resolved,5
4004139,1034981,2034981,06-09-25,Claim Delay,Agent,06-12-25,Resolved,3
4004170,1035315,2035315,01-06-25,Claim Delay,Agent,1-24-2025,Resolved,18
4004193,1035542,2035542,1-24-2026,Claim Delay,Agent,2-15-2026,Resolved,22
4004269,1036109,2036109,1-23-2026,Claim Delay,Agent,2-20-2026,Resolved,28
4004282,1036228,2036228,10-04-24,Claim Delay,Agent,10-24-2024,Resolved,20
4004350,1036760,2036760,4-14-2025,Claim Delay,Agent,5-13-2025,Resolved,29
4004413,1037308,2037308,10-23-2025,Claim Delay,Agent,11-03-25,Resolved,11
4004531,1038149,2038149,8-28-2024,Claim Delay,Agent,09-07-24,Resolved,10
4004534,1038162,2038162,8-31-2024,Claim Delay,Agent,9-27-2024,Resolved,27
4004567,1038342,2038342,04-10-26,Claim Delay,Agent,05-05-26,Resolved,25
4004640,1038919,2038919,10-06-24,Claim Delay,Agent,10-08-24,Resolved,2
4004777,1040043,2040043,10-07-24,Claim Delay,Agent,10-21-2024,Resolved,14
4004781,1040061,2040061,12-10-24,Claim Delay,Agent,12-28-2024,Resolved,18
4004882,1040980,2040980,03-08-24,Claim Delay,Agent,3-27-2024,Resolved,19
4004930,1041404,2041404,11-17-2024,Claim Delay,Agent,12-03-24,Resolved,16
4004981,1041838,2041838,03-10-25,Claim Delay,Agent,04-05-25,Resolved,26
4005046,1042414,2042414,2-20-2025,Claim Delay,Agent,2-22-2025,Resolved,2
4005066,1042598,2042598,9-13-2024,Claim Delay,Agent,9-28-2024,Resolved,15
4005071,1042640,2042640,5-15-2026,Claim Delay,Agent,06-04-26,Resolved,20
4005151,1043294,2043294,7-25-2025,Claim Delay,Agent,08-06-25,Resolved,12
4005205,1043753,2043753,02-09-26,Claim Delay,Agent,03-11-26,Resolved,30
4005219,1043869,2043869,9-19-2024,Claim Delay,Agent,10-16-2024,Resolved,27
4005223,1043920,2043920,2-18-2025,Claim Delay,Agent,3-17-2025,Resolved,27
4005287,1044499,2044499,09-08-25,Claim Delay,Agent,9-13-2025,Resolved,5
4005333,1044854,2044854,9-28-2024,Claim Delay,Agent,10-18-2024,Resolved,20
4005379,1045311,2045311,01-01-26,Claim Delay,Agent,1-16-2026,Resolved,15
4005419,1045615,2045615,9-22-2024,Claim Delay,Agent,10-07-24,Resolved,15
4005457,1045908,2045908,06-11-26,Claim Delay,Agent,6-16-2026,Resolved,5
4005606,1047222,2047222,07-09-24,Claim Delay,Agent,7-13-2024,Resolved,4
4005628,1047474,2047474,02-02-25,Claim Delay,Agent,2-26-2025,Resolved,24
4005653,1047683,2047683,10-10-25,Claim Delay,Agent,10-12-25,Resolved,2
4005665,1047828,2047828,10-30-2025,Claim Delay,Agent,11-24-2025,Resolved,25
4005726,1048320,2048320,02-01-25,Claim Delay,Agent,02-06-25,Resolved,5
4005742,1048445,2048445,04-02-26,Claim Delay,Agent,4-30-2026,Resolved,28
4005758,1048532,2048532,2-14-2024,Claim Delay,Agent,2-22-2024,Resolved,8
4005814,1049127,2049127,02-04-25,Claim Delay,Agent,2-24-2025,Resolved,20
4005855,1049440,2049440,2-20-2026,Claim Delay,Agent,03-05-26,Resolved,13
4005876,1049599,2049599,10-04-24,Claim Delay,Agent,10-26-2024,Resolved,22
4005925,1049960,2049960,7-23-2025,Claim Delay,Agent,08-03-25,Resolved,11
4005997,1050520,2050520,9-26-2024,Claim Delay,Agent,10-19-2024,Resolved,23
4006005,1050575,2050575,9-19-2024,Claim Delay,Agent,10-15-2024,Resolved,26
4006078,1051427,2051427,08-07-26,Claim Delay,Agent,08-10-26,Resolved,3
4006091,1051505,2051505,10-06-25,Claim Delay,Agent,10-25-2025,Resolved,19
4006136,1051982,2051982,07-07-26,Claim Delay,Agent,07-09-26,Resolved,2
4006293,1053270,2053270,7-22-2024,Claim Delay,Agent,08-05-24,Resolved,14
4006302,1053352,2053352,8-18-2025,Claim Delay,Agent,09-04-25,Resolved,17
4006370,1053946,2053946,3-23-2025,Claim Delay,Agent,3-28-2025,Resolved,5
4006389,1054063,2054063,9-14-2024,Claim Delay,Agent,9-24-2024,Resolved,10
4006444,1054495,2054495,05-11-26,Claim Delay,Agent,5-19-2026,Resolved,8
4006514,1055094,2055094,7-28-2026,Claim Delay,Agent,08-11-26,Resolved,14
4006547,1055330,2055330,6-16-2025,Claim Delay,Agent,6-18-2025,Resolved,2
4006581,1055642,2055642,5-16-2026,Claim Delay,Agent,5-25-2026,Resolved,9
4006582,1055647,2055647,8-24-2026,Claim Delay,Agent,09-04-26,Resolved,11
4006631,1055996,2055996,9-19-2024,Claim Delay,Agent,9-20-2024,Resolved,1
4006635,1056021,2056021,6-20-2025,Claim Delay,Agent,07-05-25,Resolved,15
4006643,1056111,2056111,10-15-2025,Claim Delay,Agent,11-12-25,Resolved,28
4006648,1056173,2056173,6-23-2024,Claim Delay,Agent,6-24-2024,Resolved,1
4006703,1056590,2056590,4-24-2026,Claim Delay,Agent,4-28-2026,Resolved,4
4006711,1056662,2056662,12-22-2025,Claim Delay,Agent,1-20-2026,Resolved,29
4006750,1056954,2056954,4-21-2026,Claim Delay,Agent,4-29-2026,Resolved,8
4006751,1056956,2056956,11-25-2025,Claim Delay,Agent,12-08-25,Resolved,13
4006753,1056963,2056963,4-16-2025,Claim Delay,Agent,05-07-25,Resolved,21
4006822,1057506,2057506,05-03-25,Claim Delay,Agent,05-10-25,Resolved,7
4006841,1057591,2057591,08-01-24,Claim Delay,Agent,08-12-24,Resolved,11
4006850,1057639,2057639,03-02-26,Claim Delay,Agent,03-11-26,Resolved,9
4006858,1057724,2057724,11-05-25,Claim Delay,Agent,12-02-25,Resolved,27
4006970,1058614,2058614,12-29-2025,Claim Delay,Agent,01-05-26,Resolved,7
4006983,1058670,2058670,01-11-26,Claim Delay,Agent,02-07-26,Resolved,27
4007000,1058876,2058876,2-26-2026,Claim Delay,Agent,03-12-26,Resolved,14
4007007,1058946,2058946,10-13-2024,Claim Delay,Agent,11-06-24,Resolved,24
4007146,1059960,2059960,05-12-25,Claim Delay,Agent,06-05-25,Resolved,24
4007152,1060005,2060005,9-20-2024,Claim Delay,Agent,10-02-24,Resolved,12
4007331,1061403,2061403,08-11-24,Claim Delay,Agent,09-09-24,Resolved,29
4007335,1061440,2061440,9-29-2025,Claim Delay,Agent,10-25-2025,Resolved,26
4007339,1061546,2061546,12-09-24,Claim Delay,Agent,12-28-2024,Resolved,19
4007349,1061592,2061592,8-13-2024,Claim Delay,Agent,8-30-2024,Resolved,17
4007359,1061679,2061679,09-07-24,Claim Delay,Agent,9-18-2024,Resolved,11
4007369,1061755,2061755,07-04-26,Claim Delay,Agent,07-11-26,Resolved,7
4007391,1061946,2061946,02-03-25,Claim Delay,Agent,2-28-2025,Resolved,25
4007414,1062097,2062097,03-08-25,Claim Delay,Agent,3-26-2025,Resolved,18
4007466,1062469,2062469,2-21-2025,Claim Delay,Agent,3-23-2025,Resolved,30
4007474,1062564,2062564,01-04-25,Claim Delay,Agent,1-15-2025,Resolved,11
4007588,1063624,2063624,03-08-26,Claim Delay,Agent,3-19-2026,Resolved,11
4007603,1063758,2063758,07-04-26,Claim Delay,Agent,7-27-2026,Resolved,23
4007608,1063800,2063800,04-09-26,Claim Delay,Agent,4-21-2026,Resolved,12
4007653,1064112,2064112,06-06-24,Claim Delay,Agent,6-25-2024,Resolved,19
4007655,1064140,2064140,07-05-25,Claim Delay,Agent,7-15-2025,Resolved,10
4007681,1064380,2064380,8-22-2025,Claim Delay,Agent,09-06-25,Resolved,15
4007705,1064573,2064573,12-22-2025,Claim Delay,Agent,01-09-26,Resolved,18
4007710,1064594,2064594,6-17-2025,Claim Delay,Agent,07-03-25,Resolved,16
4007747,1064920,2064920,09-03-24,Claim Delay,Agent,9-14-2024,Resolved,11
4007825,1065534,2065534,4-29-2026,Claim Delay,Agent,05-08-26,Resolved,9
4007947,1066504,2066504,08-11-24,Claim Delay,Agent,8-16-2024,Resolved,5
4008114,1067976,2067976,10-06-24,Claim Delay,Agent,10-21-2024,Resolved,15
4008118,1067995,2067995,9-26-2025,Claim Delay,Agent,10-19-2025,Resolved,23
4008212,1068761,2068761,04-09-25,Claim Delay,Agent,4-29-2025,Resolved,20
4008262,1069186,2069186,8-21-2025,Claim Delay,Agent,09-10-25,Resolved,20
4008301,1069488,2069488,11-03-25,Claim Delay,Agent,11-17-2025,Resolved,14
4008339,1069815,2069815,10-24-2024,Claim Delay,Agent,11-13-2024,Resolved,20
4008345,1069859,2069859,2-25-2025,Claim Delay,Agent,3-25-2025,Resolved,28
4008418,1070535,2070535,6-13-2026,Claim Delay,Agent,6-20-2026,Resolved,7
4008485,1071117,2071117,12-27-2024,Claim Delay,Agent,1-26-2025,Resolved,30
4008503,1071287,2071287,11-22-2024,Claim Delay,Agent,12-17-2024,Resolved,25
4008510,1071355,2071355,06-12-25,Claim Delay,Agent,07-09-25,Resolved,27
4008566,1071965,2071965,10-30-2025,Claim Delay,Agent,11-02-25,Resolved,3
4008588,1072095,2072095,1-23-2025,Claim Delay,Agent,2-17-2025,Resolved,25
4008637,1072540,2072540,3-25-2025,Claim Delay,Agent,04-05-25,Resolved,11
4008646,1072629,2072629,04-03-26,Claim Delay,Agent,04-06-26,Resolved,3
4008664,1072768,2072768,10-24-2025,Claim Delay,Agent,10-29-2025,Resolved,5
4008699,1073070,2073070,3-30-2026,Claim Delay,Agent,4-17-2026,Resolved,18
4008707,1073125,2073125,9-26-2026,Claim Delay,Agent,9-27-2026,Resolved,1
4008710,1073137,2073137,12-04-26,Claim Delay,Agent,12-15-2026,Resolved,11
4008723,1073262,2073262,9-30-2024,Claim Delay,Agent,10-21-2024,Resolved,21
4008851,1074336,2074336,11-25-2024,Claim Delay,Agent,12-10-24,Resolved,15
4008916,1074935,2074935,03-10-25,Claim Delay,Agent,3-14-2025,Resolved,4
4008969,1075351,2075351,12-23-2024,Claim Delay,Agent,01-06-25,Resolved,14
4009000,1075574,2075574,10-13-2025,Claim Delay,Agent,10-27-2025,Resolved,14
4009123,1076469,2076469,12-26-2024,Claim Delay,Agent,1-20-2025,Resolved,25
4009195,1077035,2077035,06-09-25,Claim Delay,Agent,6-30-2025,Resolved,21
4009223,1077282,2077282,2-20-2025,Claim Delay,Agent,03-04-25,Resolved,12
4009251,1077525,2077525,02-10-25,Claim Delay,Agent,2-24-2025,Resolved,14
4009506,1079749,2079749,02-02-26,Claim Delay,Agent,2-14-2026,Resolved,12
4009543,1080046,2080046,04-08-26,Claim Delay,Agent,04-09-26,Resolved,1
4009551,1080114,2080114,11-22-2025,Claim Delay,Agent,12-08-25,Resolved,16
4009564,1080196,2080196,3-30-2025,Claim Delay,Agent,4-23-2025,Resolved,24
4009662,1080961,2080961,8-23-2024,Claim Delay,Agent,09-01-24,Resolved,9
4009721,1081366,2081366,2-28-2026,Claim Delay,Agent,3-21-2026,Resolved,21
4009738,1081479,2081479,4-18-2025,Claim Delay,Agent,05-08-25,Resolved,20
4009754,1081607,2081607,1-31-2025,Claim Delay,Agent,02-11-25,Resolved,11
4009783,1081837,2081837,08-09-25,Claim Delay,Agent,8-31-2025,Resolved,22
4009794,1081911,2081911,4-21-2026,Claim Delay,Agent,4-23-2026,Resolved,2
4009801,1081989,2081989,4-18-2026,Claim Delay,Agent,05-05-26,Resolved,17
4009841,1082299,2082299,01-08-25,Claim Delay,Agent,1-21-2025,Resolved,13
4009886,1082598,2082598,11-08-24,Claim Delay,Agent,11-10-24,Resolved,2
4009914,1082878,2082878,11-21-2024,Claim Delay,Agent,12-13-2024,Resolved,22
4009917,1082911,2082911,07-10-25,Claim Delay,Agent,7-30-2025,Resolved,20
4009932,1083063,2083063,3-25-2025,Claim Delay,Agent,3-27-2025,Resolved,2
4009990,1083587,2083587,10-04-25,Claim Delay,Agent,10-15-2025,Resolved,11
4009999,1083639,2083639,11-07-24,Claim Delay,Agent,11-25-2024,Resolved,18
4010025,1083845,2083845,9-25-2025,Claim Delay,Agent,9-30-2025,Resolved,5
4010062,1084191,2084191,1-16-2025,Claim Delay,Agent,1-17-2025,Resolved,1
4010178,1085165,2085165,02-07-25,Claim Delay,Agent,03-05-25,Resolved,26
4010341,1086732,2086732,8-13-2024,Claim Delay,Agent,8-25-2024,Resolved,12
4010485,1087846,2087846,04-03-25,Claim Delay,Agent,4-24-2025,Resolved,21
4010547,1088315,2088315,12-15-2024,Claim Delay,Agent,01-01-25,Resolved,17
4010574,1088511,2088511,11-09-24,Claim Delay,Agent,11-30-2024,Resolved,21
4010657,1089086,2089086,6-25-2025,Claim Delay,Agent,07-04-25,Resolved,9
4010736,1089827,2089827,12-03-25,Claim Delay,Agent,12-27-2025,Resolved,24
4010758,1090025,2090025,08-08-24,Claim Delay,Agent,8-30-2024,Resolved,22
4010780,1090195,2090195,7-28-2025,Claim Delay,Agent,8-26-2025,Resolved,29
4010955,1091670,2091670,6-26-2025,Claim Delay,Agent,7-21-2025,Resolved,25
4010956,1091698,2091698,06-11-25,Claim Delay,Agent,6-21-2025,Resolved,10
4011065,1092462,2092462,12-31-2025,Claim Delay,Agent,1-30-2026,Resolved,30
4011100,1092764,2092764,05-07-24,Claim Delay,Agent,5-30-2024,Resolved,23
4011118,1092915,2092915,6-22-2026,Claim Delay,Agent,6-23-2026,Resolved,1
4011172,1093418,2093418,10-03-24,Claim Delay,Agent,10-06-24,Resolved,3
4011198,1093603,2093603,8-13-2026,Claim Delay,Agent,09-12-26,Resolved,30
4011232,1093881,2093881,11-24-2025,Claim Delay,Agent,12-09-25,Resolved,15
4011275,1094195,2094195,9-24-2024,Claim Delay,Agent,10-04-24,Resolved,10
4011281,1094240,2094240,6-13-2025,Claim Delay,Agent,07-02-25,Resolved,19
4011318,1094640,2094640,02-11-26,Claim Delay,Agent,03-01-26,Resolved,18
4011391,1095316,2095316,11-17-2025,Claim Delay,Agent,12-13-2025,Resolved,26
4011445,1095793,2095793,7-24-2025,Claim Delay,Agent,7-26-2025,Resolved,2
4011540,1096706,2096706,2-24-2025,Claim Delay,Agent,3-24-2025,Resolved,28
4011596,1097199,2097199,4-16-2026,Claim Delay,Agent,05-05-26,Resolved,19
4011621,1097427,2097427,1-17-2026,Claim Delay,Agent,1-18-2026,Resolved,1
4011626,1097475,2097475,5-20-2025,Claim Delay,Agent,6-16-2025,Resolved,27
4011631,1097498,2097498,06-04-24,Claim Delay,Agent,06-08-24,Resolved,4
4011676,1097885,2097885,10-07-24,Claim Delay,Agent,10-16-2024,Resolved,9
4011708,1098136,2098136,04-10-24,Claim Delay,Agent,4-14-2024,Resolved,4
4011790,1098734,2098734,11-28-2024,Claim Delay,Agent,12-15-2024,Resolved,17
4011793,1098754,2098754,10-15-2024,Claim Delay,Agent,11-09-24,Resolved,25
4011795,1098775,2098775,03-10-26,Claim Delay,Agent,3-31-2026,Resolved,21
4011835,1099111,2099111,6-29-2025,Claim Delay,Agent,07-01-25,Resolved,2
4011853,1099227,2099227,04-07-26,Claim Delay,Agent,05-05-26,Resolved,28
4000009,1000108,2000108,2-18-2025,Policy Cancellation,Agent,3-14-2025,Resolved,24
4000010,1000117,2000117,6-18-2025,Policy Cancellation,Agent,7-17-2025,Resolved,29
4000135,1001224,2001224,5-22-2025,Policy Cancellation,Agent,5-28-2025,Resolved,6
4000147,1001344,2001344,12-26-2025,Policy Cancellation,Agent,01-12-26,Resolved,17
4000158,1001417,2001417,03-09-25,Policy Cancellation,Agent,3-25-2025,Resolved,16
4000192,1001770,2001770,12-18-2025,Policy Cancellation,Agent,12-28-2025,Resolved,10
4000199,1001814,2001814,4-20-2025,Policy Cancellation,Agent,4-30-2025,Resolved,10
4000227,1002135,2002135,6-17-2026,Policy Cancellation,Agent,6-19-2026,Resolved,2
4000237,1002229,2002229,4-20-2025,Policy Cancellation,Agent,4-30-2025,Resolved,10
4000286,1002631,2002631,01-06-25,Policy Cancellation,Agent,1-28-2025,Resolved,22
4000294,1002720,2002720,1-19-2026,Policy Cancellation,Agent,1-25-2026,Resolved,6
4000321,1002890,2002890,2-23-2025,Policy Cancellation,Agent,03-11-25,Resolved,16
4000372,1003290,2003290,2-16-2026,Policy Cancellation,Agent,03-04-26,Resolved,16
4000428,1003807,2003807,09-03-24,Policy Cancellation,Agent,09-05-24,Resolved,2
4000482,1004238,2004238,02-07-25,Policy Cancellation,Agent,02-09-25,Resolved,2
4000527,1004643,2004643,09-11-25,Policy Cancellation,Agent,10-08-25,Resolved,27
4000580,1005114,2005114,04-09-25,Policy Cancellation,Agent,4-19-2025,Resolved,10
4000662,1005787,2005787,06-02-26,Policy Cancellation,Agent,6-28-2026,Resolved,26
4000733,1006370,2006370,12-25-2024,Policy Cancellation,Agent,1-23-2025,Resolved,29
4000774,1006765,2006765,2-21-2025,Policy Cancellation,Agent,2-24-2025,Resolved,3
4000824,1007235,2007235,8-14-2025,Policy Cancellation,Agent,09-07-25,Resolved,24
4000846,1007427,2007427,8-13-2025,Policy Cancellation,Agent,09-09-25,Resolved,27
4000887,1007739,2007739,10-09-25,Policy Cancellation,Agent,11-03-25,Resolved,25
4000916,1007981,2007981,10-28-2024,Policy Cancellation,Agent,11-27-2024,Resolved,30
4000927,1008049,2008049,06-02-25,Policy Cancellation,Agent,6-25-2025,Resolved,23
4000962,1008251,2008251,7-29-2025,Policy Cancellation,Agent,08-03-25,Resolved,5
4000990,1008465,2008465,04-06-26,Policy Cancellation,Agent,4-14-2026,Resolved,8
4001052,1008985,2008985,2-15-2026,Policy Cancellation,Agent,3-17-2026,Resolved,30
4001121,1009521,2009521,1-20-2025,Policy Cancellation,Agent,1-23-2025,Resolved,3
4001145,1009723,2009723,04-12-26,Policy Cancellation,Agent,4-16-2026,Resolved,4
4001178,1009984,2009984,6-13-2025,Policy Cancellation,Agent,6-18-2025,Resolved,5
4001212,1010367,2010367,01-01-26,Policy Cancellation,Agent,1-13-2026,Resolved,12
4001267,1010864,2010864,08-09-24,Policy Cancellation,Agent,8-19-2024,Resolved,10
4001358,1011550,2011550,01-05-25,Policy Cancellation,Agent,1-20-2025,Resolved,15
4001579,1013458,2013458,8-25-2025,Policy Cancellation,Agent,09-06-25,Resolved,12
4001641,1013900,2013900,03-09-25,Policy Cancellation,Agent,04-08-25,Resolved,30
4001744,1014802,2014802,04-07-25,Policy Cancellation,Agent,4-23-2025,Resolved,16
4001903,1016195,2016195,12-11-25,Policy Cancellation,Agent,01-03-26,Resolved,23
4001927,1016343,2016343,11-22-2024,Policy Cancellation,Agent,12-22-2024,Resolved,30
4002077,1017529,2017529,01-10-26,Policy Cancellation,Agent,1-16-2026,Resolved,6
4002155,1018225,2018225,03-03-25,Policy Cancellation,Agent,3-24-2025,Resolved,21
4002165,1018320,2018320,7-28-2025,Policy Cancellation,Agent,08-09-25,Resolved,12
4002189,1018564,2018564,09-11-25,Policy Cancellation,Agent,9-28-2025,Resolved,17
4002250,1019189,2019189,5-26-2024,Policy Cancellation,Agent,6-15-2024,Resolved,20
4002253,1019206,2019206,11-03-25,Policy Cancellation,Agent,11-05-25,Resolved,2
4002285,1019493,2019493,2-24-2026,Policy Cancellation,Agent,2-27-2026,Resolved,3
4002300,1019646,2019646,5-29-2025,Policy Cancellation,Agent,6-17-2025,Resolved,19
4002335,1019918,2019918,7-17-2025,Policy Cancellation,Agent,08-07-25,Resolved,21
4002373,1020146,2020146,2-19-2026,Policy Cancellation,Agent,2-25-2026,Resolved,6
4002419,1020473,2020473,6-28-2025,Policy Cancellation,Agent,07-12-25,Resolved,14
4002434,1020586,2020586,12-04-25,Policy Cancellation,Agent,12-20-2025,Resolved,16
4002491,1021033,2021033,05-11-25,Policy Cancellation,Agent,5-26-2025,Resolved,15
4002494,1021074,2021074,8-19-2026,Policy Cancellation,Agent,09-11-26,Resolved,23
4002514,1021258,2021258,10-06-24,Policy Cancellation,Agent,10-12-24,Resolved,6
4002518,1021284,2021284,03-04-26,Policy Cancellation,Agent,3-31-2026,Resolved,27
4002546,1021547,2021547,2-22-2026,Policy Cancellation,Agent,03-10-26,Resolved,16
4002562,1021712,2021712,05-07-25,Policy Cancellation,Agent,5-16-2025,Resolved,9
4002724,1023070,2023070,6-27-2026,Policy Cancellation,Agent,07-10-26,Resolved,13
4002747,1023220,2023220,06-10-24,Policy Cancellation,Agent,6-18-2024,Resolved,8
4002844,1023937,2023937,11-03-24,Policy Cancellation,Agent,11-26-2024,Resolved,23
4002862,1024033,2024033,10-05-26,Policy Cancellation,Agent,10-22-2026,Resolved,17
4002879,1024192,2024192,11-30-2025,Policy Cancellation,Agent,12-26-2025,Resolved,26
4002908,1024476,2024476,9-26-2025,Policy Cancellation,Agent,10-09-25,Resolved,13
4002912,1024517,2024517,2-22-2025,Policy Cancellation,Agent,2-25-2025,Resolved,3
4002933,1024749,2024749,09-02-24,Policy Cancellation,Agent,9-18-2024,Resolved,16
4002937,1024818,2024818,3-13-2026,Policy Cancellation,Agent,04-05-26,Resolved,23
4003002,1025284,2025284,8-14-2025,Policy Cancellation,Agent,09-04-25,Resolved,21
4003010,1025336,2025336,03-12-24,Policy Cancellation,Agent,3-16-2024,Resolved,4
4003047,1025567,2025567,4-28-2025,Policy Cancellation,Agent,5-16-2025,Resolved,18
4003113,1026092,2026092,05-10-24,Policy Cancellation,Agent,5-17-2024,Resolved,7
4003119,1026144,2026144,1-30-2026,Policy Cancellation,Agent,2-16-2026,Resolved,17
4003142,1026416,2026416,1-18-2025,Policy Cancellation,Agent,2-13-2025,Resolved,26
4003185,1026833,2026833,3-22-2024,Policy Cancellation,Agent,4-15-2024,Resolved,24
4003252,1027413,2027413,11-16-2024,Policy Cancellation,Agent,12-06-24,Resolved,20
4003301,1027759,2027759,4-15-2025,Policy Cancellation,Agent,05-09-25,Resolved,24
4003425,1028843,2028843,1-21-2026,Policy Cancellation,Agent,02-10-26,Resolved,20
4003469,1029211,2029211,01-08-25,Policy Cancellation,Agent,02-04-25,Resolved,27
4003509,1029685,2029685,1-30-2026,Policy Cancellation,Agent,2-21-2026,Resolved,22
4003669,1031178,2031178,05-12-26,Policy Cancellation,Agent,5-21-2026,Resolved,9
4003688,1031335,2031335,12-18-2025,Policy Cancellation,Agent,1-14-2026,Resolved,27
4003773,1032052,2032052,12-02-25,Policy Cancellation,Agent,12-22-2025,Resolved,20
4003803,1032323,2032323,4-27-2026,Policy Cancellation,Agent,5-14-2026,Resolved,17
4003924,1033328,2033328,07-12-25,Policy Cancellation,Agent,08-06-25,Resolved,25
4003940,1033440,2033440,08-09-25,Policy Cancellation,Agent,8-17-2025,Resolved,8
4004005,1033954,2033954,01-04-26,Policy Cancellation,Agent,01-07-26,Resolved,3
4004006,1033965,2033965,9-14-2024,Policy Cancellation,Agent,9-15-2024,Resolved,1
4004029,1034139,2034139,01-01-26,Policy Cancellation,Agent,1-19-2026,Resolved,18
4004056,1034324,2034324,08-10-24,Policy Cancellation,Agent,09-02-24,Resolved,23
4004093,1034580,2034580,09-09-25,Policy Cancellation,Agent,9-23-2025,Resolved,14
4004095,1034601,2034601,03-05-25,Policy Cancellation,Agent,3-18-2025,Resolved,13
4004156,1035183,2035183,1-27-2025,Policy Cancellation,Agent,02-10-25,Resolved,14
4004365,1036878,2036878,8-19-2025,Policy Cancellation,Agent,8-23-2025,Resolved,4
4004425,1037383,2037383,07-11-26,Policy Cancellation,Agent,7-29-2026,Resolved,18
4004451,1037560,2037560,03-10-26,Policy Cancellation,Agent,3-21-2026,Resolved,11
4004495,1037875,2037875,8-24-2025,Policy Cancellation,Agent,9-22-2025,Resolved,29
4004587,1038515,2038515,09-11-25,Policy Cancellation,Agent,9-22-2025,Resolved,11
4004600,1038621,2038621,7-15-2025,Policy Cancellation,Agent,7-21-2025,Resolved,6
4004628,1038817,2038817,9-13-2025,Policy Cancellation,Agent,9-18-2025,Resolved,5
4004629,1038830,2038830,10-29-2024,Policy Cancellation,Agent,11-10-24,Resolved,12
4004665,1039129,2039129,5-29-2025,Policy Cancellation,Agent,6-26-2025,Resolved,28
4004750,1039798,2039798,08-03-25,Policy Cancellation,Agent,08-04-25,Resolved,1
4004752,1039833,2039833,2-23-2025,Policy Cancellation,Agent,3-22-2025,Resolved,27
4004823,1040422,2040422,10-12-25,Policy Cancellation,Agent,10-25-2025,Resolved,13
4004849,1040692,2040692,9-26-2025,Policy Cancellation,Agent,10-02-25,Resolved,6
4004876,1040906,2040906,10-03-25,Policy Cancellation,Agent,10-19-2025,Resolved,16
4004878,1040911,2040911,4-16-2025,Policy Cancellation,Agent,05-08-25,Resolved,22
4004905,1041179,2041179,11-03-25,Policy Cancellation,Agent,11-12-25,Resolved,9
4005067,1042600,2042600,05-02-24,Policy Cancellation,Agent,05-08-24,Resolved,6
4005088,1042815,2042815,01-01-25,Policy Cancellation,Agent,1-20-2025,Resolved,19
4005093,1042841,2042841,5-24-2026,Policy Cancellation,Agent,6-19-2026,Resolved,26
4005146,1043249,2043249,10-26-2024,Policy Cancellation,Agent,11-06-24,Resolved,11
4005155,1043341,2043341,2-17-2025,Policy Cancellation,Agent,3-17-2025,Resolved,28
4005180,1043576,2043576,12-14-2024,Policy Cancellation,Agent,12-31-2024,Resolved,17
4005250,1044186,2044186,10-12-25,Policy Cancellation,Agent,10-30-2025,Resolved,18
4005377,1045242,2045242,5-26-2024,Policy Cancellation,Agent,06-11-24,Resolved,16
4005389,1045365,2045365,7-16-2025,Policy Cancellation,Agent,08-10-25,Resolved,25
4005458,1045911,2045911,12-01-24,Policy Cancellation,Agent,12-08-24,Resolved,7
4005511,1046364,2046364,9-22-2025,Policy Cancellation,Agent,10-06-25,Resolved,14
4005590,1047085,2047085,01-09-26,Policy Cancellation,Agent,02-05-26,Resolved,27
4005607,1047227,2047227,10-12-24,Policy Cancellation,Agent,10-18-2024,Resolved,6
4005644,1047604,2047604,1-19-2026,Policy Cancellation,Agent,2-17-2026,Resolved,29
4005648,1047630,2047630,09-01-25,Policy Cancellation,Agent,09-09-25,Resolved,8
4005673,1047908,2047908,10-19-2025,Policy Cancellation,Agent,11-02-25,Resolved,14
4005732,1048359,2048359,10-03-25,Policy Cancellation,Agent,10-30-2025,Resolved,27
4005765,1048624,2048624,9-25-2026,Policy Cancellation,Agent,10-14-2026,Resolved,19
4005776,1048731,2048731,10-13-2025,Policy Cancellation,Agent,11-03-25,Resolved,21
4005822,1049179,2049179,8-22-2024,Policy Cancellation,Agent,9-21-2024,Resolved,30
4005861,1049498,2049498,01-05-26,Policy Cancellation,Agent,01-06-26,Resolved,1
4005877,1049607,2049607,10-01-24,Policy Cancellation,Agent,10-03-24,Resolved,2
4005900,1049760,2049760,3-17-2025,Policy Cancellation,Agent,3-20-2025,Resolved,3
4005938,1050086,2050086,12-09-24,Policy Cancellation,Agent,12-12-24,Resolved,3
4005972,1050329,2050329,5-30-2024,Policy Cancellation,Agent,06-08-24,Resolved,9
4006071,1051346,2051346,05-04-25,Policy Cancellation,Agent,05-08-25,Resolved,4
4006145,1052020,2052020,10-12-25,Policy Cancellation,Agent,11-05-25,Resolved,24
4006158,1052130,2052130,9-20-2025,Policy Cancellation,Agent,9-27-2025,Resolved,7
4006159,1052145,2052145,3-14-2026,Policy Cancellation,Agent,04-02-26,Resolved,19
4006199,1052509,2052509,8-22-2026,Policy Cancellation,Agent,09-04-26,Resolved,13
4006201,1052549,2052549,12-21-2025,Policy Cancellation,Agent,01-10-26,Resolved,20
4006243,1052959,2052959,04-04-25,Policy Cancellation,Agent,4-16-2025,Resolved,12
4006263,1053097,2053097,04-03-25,Policy Cancellation,Agent,4-28-2025,Resolved,25
4006278,1053177,2053177,12-20-2025,Policy Cancellation,Agent,01-11-26,Resolved,22
4006288,1053256,2053256,7-15-2026,Policy Cancellation,Agent,7-26-2026,Resolved,11
4006374,1053953,2053953,10-18-2025,Policy Cancellation,Agent,11-09-25,Resolved,22
4006473,1054718,2054718,9-30-2026,Policy Cancellation,Agent,10-07-26,Resolved,7
4006520,1055143,2055143,07-10-26,Policy Cancellation,Agent,7-25-2026,Resolved,15
4006634,1056016,2056016,7-31-2026,Policy Cancellation,Agent,8-23-2026,Resolved,23
4006701,1056586,2056586,9-22-2024,Policy Cancellation,Agent,9-25-2024,Resolved,3
4006797,1057274,2057274,10-04-24,Policy Cancellation,Agent,10-06-24,Resolved,2
4006828,1057522,2057522,5-16-2025,Policy Cancellation,Agent,5-25-2025,Resolved,9
4006832,1057542,2057542,10-27-2024,Policy Cancellation,Agent,11-16-2024,Resolved,20
4006862,1057777,2057777,1-27-2025,Policy Cancellation,Agent,2-16-2025,Resolved,20
4006955,1058405,2058405,11-05-24,Policy Cancellation,Agent,11-17-2024,Resolved,12
4007038,1059209,2059209,08-10-25,Policy Cancellation,Agent,8-26-2025,Resolved,16
4007042,1059224,2059224,4-21-2025,Policy Cancellation,Agent,5-18-2025,Resolved,27
4007077,1059517,2059517,3-29-2026,Policy Cancellation,Agent,3-31-2026,Resolved,2
4007119,1059791,2059791,9-22-2024,Policy Cancellation,Agent,9-23-2024,Resolved,1
4007122,1059801,2059801,06-10-25,Policy Cancellation,Agent,07-02-25,Resolved,22
4007125,1059829,2059829,01-03-26,Policy Cancellation,Agent,1-24-2026,Resolved,21
4007143,1059941,2059941,1-26-2026,Policy Cancellation,Agent,02-02-26,Resolved,7
4007172,1060207,2060207,11-02-24,Policy Cancellation,Agent,11-06-24,Resolved,4
4007247,1060732,2060732,3-15-2025,Policy Cancellation,Agent,04-10-25,Resolved,26
4007255,1060784,2060784,12-10-24,Policy Cancellation,Agent,12-30-2024,Resolved,20
4007265,1060885,2060885,10-01-24,Policy Cancellation,Agent,10-09-24,Resolved,8
4007330,1061396,2061396,1-24-2025,Policy Cancellation,Agent,2-20-2025,Resolved,27
4007425,1062218,2062218,6-25-2025,Policy Cancellation,Agent,6-30-2025,Resolved,5
4007433,1062260,2062260,6-23-2025,Policy Cancellation,Agent,07-03-25,Resolved,10
4007453,1062369,2062369,10-22-2026,Policy Cancellation,Agent,11-09-26,Resolved,18
4007461,1062420,2062420,03-12-25,Policy Cancellation,Agent,3-21-2025,Resolved,9
4007493,1062779,2062779,01-04-26,Policy Cancellation,Agent,1-30-2026,Resolved,26
4007494,1062788,2062788,6-17-2025,Policy Cancellation,Agent,07-05-25,Resolved,18
4007535,1063208,2063208,11-11-24,Policy Cancellation,Agent,11-17-2024,Resolved,6
4007544,1063315,2063315,2-14-2025,Policy Cancellation,Agent,3-13-2025,Resolved,27
4007546,1063362,2063362,5-15-2026,Policy Cancellation,Agent,5-22-2026,Resolved,7
4007559,1063478,2063478,04-06-26,Policy Cancellation,Agent,05-05-26,Resolved,29
4007576,1063565,2063565,04-07-26,Policy Cancellation,Agent,4-29-2026,Resolved,22
4007605,1063763,2063763,08-01-24,Policy Cancellation,Agent,8-19-2024,Resolved,18
4007618,1063841,2063841,11-30-2024,Policy Cancellation,Agent,12-13-2024,Resolved,13
4007651,1064091,2064091,04-12-25,Policy Cancellation,Agent,4-24-2025,Resolved,12
4007665,1064247,2064247,04-01-24,Policy Cancellation,Agent,04-08-24,Resolved,7
4007879,1065969,2065969,02-02-25,Policy Cancellation,Agent,02-06-25,Resolved,4
4007927,1066377,2066377,08-02-24,Policy Cancellation,Agent,8-28-2024,Resolved,26
4007944,1066483,2066483,05-06-25,Policy Cancellation,Agent,5-27-2025,Resolved,21
4007994,1066922,2066922,4-16-2026,Policy Cancellation,Agent,4-19-2026,Resolved,3
4008005,1066985,2066985,05-11-25,Policy Cancellation,Agent,5-18-2025,Resolved,7
4008017,1067094,2067094,8-21-2025,Policy Cancellation,Agent,8-25-2025,Resolved,4
4008063,1067427,2067427,08-07-25,Policy Cancellation,Agent,08-09-25,Resolved,2
4008201,1068624,2068624,12-13-2025,Policy Cancellation,Agent,12-16-2025,Resolved,3
4008294,1069373,2069373,06-07-26,Policy Cancellation,Agent,6-17-2026,Resolved,10
4008461,1070911,2070911,8-14-2024,Policy Cancellation,Agent,8-26-2024,Resolved,12
4008547,1071702,2071702,10-03-25,Policy Cancellation,Agent,10-23-2025,Resolved,20
4008563,1071940,2071940,09-12-24,Policy Cancellation,Agent,10-10-24,Resolved,28
4008584,1072074,2072074,7-29-2025,Policy Cancellation,Agent,8-23-2025,Resolved,25
4008586,1072084,2072084,5-29-2025,Policy Cancellation,Agent,6-23-2025,Resolved,25
4008605,1072219,2072219,6-25-2025,Policy Cancellation,Agent,7-13-2025,Resolved,18
4008630,1072494,2072494,06-01-26,Policy Cancellation,Agent,6-15-2026,Resolved,14
4008658,1072726,2072726,4-17-2025,Policy Cancellation,Agent,05-08-25,Resolved,21
4008689,1073003,2073003,08-08-24,Policy Cancellation,Agent,8-29-2024,Resolved,21
4008735,1073346,2073346,11-02-24,Policy Cancellation,Agent,11-27-2024,Resolved,25
4008760,1073548,2073548,10-09-24,Policy Cancellation,Agent,10-31-2024,Resolved,22
4008786,1073776,2073776,03-11-26,Policy Cancellation,Agent,04-04-26,Resolved,24
4008790,1073801,2073801,09-06-25,Policy Cancellation,Agent,09-09-25,Resolved,3
4008929,1075056,2075056,04-06-24,Policy Cancellation,Agent,4-19-2024,Resolved,13
4008930,1075059,2075059,6-22-2025,Policy Cancellation,Agent,7-13-2025,Resolved,21
4008968,1075349,2075349,8-27-2025,Policy Cancellation,Agent,8-28-2025,Resolved,1
4008999,1075561,2075561,12-14-2025,Policy Cancellation,Agent,12-21-2025,Resolved,7
4009019,1075737,2075737,10-30-2024,Policy Cancellation,Agent,11-21-2024,Resolved,22
4009078,1076144,2076144,11-15-2024,Policy Cancellation,Agent,11-24-2024,Resolved,9
4009149,1076661,2076661,9-27-2024,Policy Cancellation,Agent,10-16-2024,Resolved,19
4009165,1076808,2076808,2-25-2025,Policy Cancellation,Agent,03-01-25,Resolved,4
4009172,1076858,2076858,12-27-2024,Policy Cancellation,Agent,1-24-2025,Resolved,28
4009203,1077116,2077116,04-06-25,Policy Cancellation,Agent,04-08-25,Resolved,2
4009210,1077171,2077171,8-22-2026,Policy Cancellation,Agent,09-12-26,Resolved,21
4009231,1077350,2077350,9-15-2025,Policy Cancellation,Agent,10-09-25,Resolved,24
4009287,1077953,2077953,12-19-2025,Policy Cancellation,Agent,1-18-2026,Resolved,30
4009309,1078118,2078118,3-18-2025,Policy Cancellation,Agent,3-19-2025,Resolved,1
4009422,1079112,2079112,1-31-2025,Policy Cancellation,Agent,2-23-2025,Resolved,23
4009431,1079182,2079182,5-23-2025,Policy Cancellation,Agent,06-09-25,Resolved,17
4009438,1079229,2079229,12-24-2025,Policy Cancellation,Agent,01-03-26,Resolved,10
4009536,1080013,2080013,11-12-24,Policy Cancellation,Agent,11-20-2024,Resolved,8
4009540,1080030,2080030,7-27-2025,Policy Cancellation,Agent,8-20-2025,Resolved,24
4009601,1080449,2080449,09-12-25,Policy Cancellation,Agent,9-29-2025,Resolved,17
4009639,1080770,2080770,2-19-2025,Policy Cancellation,Agent,03-07-25,Resolved,16
4009676,1081042,2081042,1-22-2026,Policy Cancellation,Agent,2-21-2026,Resolved,30
4009698,1081194,2081194,10-08-24,Policy Cancellation,Agent,10-11-24,Resolved,3
4009718,1081340,2081340,8-24-2025,Policy Cancellation,Agent,9-21-2025,Resolved,28
4009781,1081835,2081835,2-17-2026,Policy Cancellation,Agent,3-13-2026,Resolved,24
4009828,1082201,2082201,7-19-2024,Policy Cancellation,Agent,7-26-2024,Resolved,7
4009849,1082352,2082352,07-10-24,Policy Cancellation,Agent,7-17-2024,Resolved,7
4009908,1082782,2082782,9-24-2025,Policy Cancellation,Agent,10-16-2025,Resolved,22
4009978,1083508,2083508,3-26-2024,Policy Cancellation,Agent,4-22-2024,Resolved,27
4010019,1083804,2083804,06-03-26,Policy Cancellation,Agent,6-16-2026,Resolved,13
4010031,1083898,2083898,03-03-25,Policy Cancellation,Agent,03-06-25,Resolved,3
4010051,1084056,2084056,09-02-25,Policy Cancellation,Agent,9-21-2025,Resolved,19
4010079,1084299,2084299,04-09-26,Policy Cancellation,Agent,05-09-26,Resolved,30
4010096,1084472,2084472,11-07-24,Policy Cancellation,Agent,11-26-2024,Resolved,19
4010135,1084814,2084814,11-07-25,Policy Cancellation,Agent,11-20-2025,Resolved,13
4010198,1085338,2085338,2-19-2026,Policy Cancellation,Agent,03-11-26,Resolved,20
4010253,1085887,2085887,05-01-26,Policy Cancellation,Agent,5-18-2026,Resolved,17
4010277,1086097,2086097,11-23-2025,Policy Cancellation,Agent,11-29-2025,Resolved,6
4010365,1086890,2086890,10-06-24,Policy Cancellation,Agent,10-07-24,Resolved,1
4010426,1087427,2087427,07-05-25,Policy Cancellation,Agent,7-18-2025,Resolved,13
4010472,1087750,2087750,11-10-25,Policy Cancellation,Agent,11-25-2025,Resolved,15
4010480,1087815,2087815,11-17-2024,Policy Cancellation,Agent,12-01-24,Resolved,14
4010489,1087877,2087877,06-06-25,Policy Cancellation,Agent,6-21-2025,Resolved,15
4010554,1088378,2088378,11-30-2025,Policy Cancellation,Agent,12-22-2025,Resolved,22
4010707,1089578,2089578,4-25-2025,Policy Cancellation,Agent,5-18-2025,Resolved,23
4010712,1089597,2089597,3-20-2025,Policy Cancellation,Agent,3-25-2025,Resolved,5
4010714,1089624,2089624,8-14-2025,Policy Cancellation,Agent,8-19-2025,Resolved,5
4010756,1090015,2090015,08-12-24,Policy Cancellation,Agent,8-20-2024,Resolved,8
4010774,1090135,2090135,3-18-2026,Policy Cancellation,Agent,04-03-26,Resolved,16
4010814,1090476,2090476,6-30-2024,Policy Cancellation,Agent,07-10-24,Resolved,10
4010827,1090587,2090587,7-27-2025,Policy Cancellation,Agent,8-23-2025,Resolved,27
4010921,1091373,2091373,11-14-2024,Policy Cancellation,Agent,11-25-2024,Resolved,11
4011113,1092896,2092896,10-02-24,Policy Cancellation,Agent,10-12-24,Resolved,10
4011276,1094197,2094197,11-10-24,Policy Cancellation,Agent,12-05-24,Resolved,25
4011313,1094575,2094575,5-23-2024,Policy Cancellation,Agent,6-16-2024,Resolved,24
4011330,1094743,2094743,11-04-24,Policy Cancellation,Agent,11-29-2024,Resolved,25
4011332,1094746,2094746,11-06-25,Policy Cancellation,Agent,12-01-25,Resolved,25
4011346,1094838,2094838,11-26-2025,Policy Cancellation,Agent,12-15-2025,Resolved,19
4011365,1095034,2095034,5-24-2026,Policy Cancellation,Agent,6-17-2026,Resolved,24
4011403,1095445,2095445,06-07-25,Policy Cancellation,Agent,6-23-2025,Resolved,16
4011436,1095731,2095731,12-24-2024,Policy Cancellation,Agent,01-09-25,Resolved,16
4011452,1095846,2095846,3-22-2024,Policy Cancellation,Agent,04-09-24,Resolved,18
4011503,1096325,2096325,12-20-2024,Policy Cancellation,Agent,1-14-2025,Resolved,25
4011514,1096417,2096417,6-29-2025,Policy Cancellation,Agent,7-26-2025,Resolved,27
4011573,1096986,2096986,10-17-2024,Policy Cancellation,Agent,11-13-2024,Resolved,27
4011615,1097361,2097361,07-08-26,Policy Cancellation,Agent,7-23-2026,Resolved,15
4011713,1098165,2098165,11-17-2025,Policy Cancellation,Agent,12-01-25,Resolved,14
4011716,1098197,2098197,07-03-25,Policy Cancellation,Agent,08-02-25,Resolved,30
4011798,1098785,2098785,12-16-2025,Policy Cancellation,Agent,12-27-2025,Resolved,11
4011810,1098882,2098882,8-29-2026,Policy Cancellation,Agent,09-01-26,Resolved,3
4011833,1099098,2099098,03-05-26,Policy Cancellation,Agent,3-14-2026,Resolved,9
4000037,1000352,2000352,8-19-2025,App/Website,Agent,9-14-2025,Resolved,26
4000196,1001804,2001804,2-19-2025,App/Website,Agent,3-21-2025,Resolved,30
4000296,1002742,2002742,11-03-26,App/Website,Agent,11-15-2026,Resolved,12
4000351,1003140,2003140,11-26-2024,App/Website,Agent,12-14-2024,Resolved,18
4000396,1003534,2003534,09-11-25,App/Website,Agent,10-01-25,Resolved,20
4000435,1003848,2003848,01-07-26,App/Website,Agent,1-31-2026,Resolved,24
4000450,1004022,2004022,10-22-2025,App/Website,Agent,10-28-2025,Resolved,6
4000459,1004096,2004096,4-21-2024,App/Website,Agent,5-15-2024,Resolved,24
4000488,1004275,2004275,7-16-2025,App/Website,Agent,8-15-2025,Resolved,30
4000523,1004597,2004597,7-13-2025,App/Website,Agent,7-25-2025,Resolved,12
4000639,1005603,2005603,05-12-25,App/Website,Agent,5-14-2025,Resolved,2
4000663,1005798,2005798,2-24-2025,App/Website,Agent,03-10-25,Resolved,14
4000681,1005942,2005942,10-22-2024,App/Website,Agent,11-01-24,Resolved,10
4000744,1006488,2006488,05-09-26,App/Website,Agent,06-03-26,Resolved,25
4000818,1007164,2007164,11-09-24,App/Website,Agent,12-01-24,Resolved,22
4000873,1007635,2007635,5-25-2026,App/Website,Agent,5-27-2026,Resolved,2
4000893,1007779,2007779,09-03-24,App/Website,Agent,09-09-24,Resolved,6
4000910,1007909,2007909,10-17-2025,App/Website,Agent,11-09-25,Resolved,23
4000972,1008309,2008309,2-24-2026,App/Website,Agent,03-01-26,Resolved,5
4000989,1008456,2008456,08-12-24,App/Website,Agent,8-23-2024,Resolved,11
4001045,1008901,2008901,1-26-2026,App/Website,Agent,2-25-2026,Resolved,30
4001089,1009289,2009289,03-08-24,App/Website,Agent,3-30-2024,Resolved,22
4001099,1009346,2009346,10-10-25,App/Website,Agent,11-02-25,Resolved,23
4001199,1010258,2010258,10-01-25,App/Website,Agent,10-23-2025,Resolved,22
4001228,1010498,2010498,12-13-2025,App/Website,Agent,12-27-2025,Resolved,14
4001268,1010868,2010868,9-19-2025,App/Website,Agent,10-10-25,Resolved,21
4001287,1010995,2010995,12-20-2024,App/Website,Agent,01-12-25,Resolved,23
4001348,1011477,2011477,8-16-2025,App/Website,Agent,8-27-2025,Resolved,11
4001376,1011734,2011734,11-12-24,App/Website,Agent,11-24-2024,Resolved,12
4001422,1012140,2012140,12-19-2025,App/Website,Agent,1-15-2026,Resolved,27
4001519,1012931,2012931,3-20-2024,App/Website,Agent,3-22-2024,Resolved,2
4001566,1013334,2013334,12-07-24,App/Website,Agent,12-25-2024,Resolved,18
4001586,1013521,2013521,7-13-2026,App/Website,Agent,08-10-26,Resolved,28
4001618,1013735,2013735,7-28-2025,App/Website,Agent,08-04-25,Resolved,7
4001620,1013741,2013741,12-04-24,App/Website,Agent,12-18-2024,Resolved,14
4001653,1013969,2013969,05-07-26,App/Website,Agent,06-02-26,Resolved,26
4001692,1014327,2014327,8-17-2024,App/Website,Agent,9-14-2024,Resolved,28
4001705,1014421,2014421,04-12-25,App/Website,Agent,4-16-2025,Resolved,4
4001839,1015570,2015570,8-30-2024,App/Website,Agent,09-03-24,Resolved,4
4001844,1015644,2015644,12-20-2024,App/Website,Agent,12-25-2024,Resolved,5
4001871,1015948,2015948,09-08-25,App/Website,Agent,9-22-2025,Resolved,14
4001958,1016536,2016536,03-12-26,App/Website,Agent,04-11-26,Resolved,30
4002007,1016922,2016922,09-07-24,App/Website,Agent,10-02-24,Resolved,25
4002061,1017387,2017387,06-06-26,App/Website,Agent,6-28-2026,Resolved,22
4002084,1017628,2017628,01-08-26,App/Website,Agent,02-07-26,Resolved,30
4002156,1018233,2018233,04-10-26,App/Website,Agent,4-24-2026,Resolved,14
4002159,1018268,2018268,8-26-2024,App/Website,Agent,8-30-2024,Resolved,4
4002175,1018435,2018435,6-14-2026,App/Website,Agent,07-11-26,Resolved,27
4002196,1018613,2018613,10-19-2025,App/Website,Agent,11-18-2025,Resolved,30
4002316,1019784,2019784,02-09-25,App/Website,Agent,2-14-2025,Resolved,5
4002323,1019829,2019829,12-12-25,App/Website,Agent,01-01-26,Resolved,20
4002372,1020145,2020145,11-20-2026,App/Website,Agent,11-21-2026,Resolved,1
4002435,1020600,2020600,2-14-2026,App/Website,Agent,03-09-26,Resolved,23
4002447,1020727,2020727,1-28-2026,App/Website,Agent,2-24-2026,Resolved,27
4002475,1020906,2020906,1-22-2026,App/Website,Agent,2-13-2026,Resolved,22
4002524,1021365,2021365,10-02-25,App/Website,Agent,10-30-2025,Resolved,28
4002565,1021727,2021727,3-23-2026,App/Website,Agent,3-29-2026,Resolved,6
4002599,1022049,2022049,12-07-24,App/Website,Agent,12-11-24,Resolved,4
4002629,1022324,2022324,07-02-26,App/Website,Agent,7-26-2026,Resolved,24
4002632,1022345,2022345,10-10-25,App/Website,Agent,11-07-25,Resolved,28
4002642,1022418,2022418,11-09-24,App/Website,Agent,11-17-2024,Resolved,8
4002689,1022801,2022801,10-03-24,App/Website,Agent,10-19-2024,Resolved,16
4002696,1022863,2022863,2-19-2026,App/Website,Agent,03-02-26,Resolved,11
4002717,1022970,2022970,8-28-2025,App/Website,Agent,9-17-2025,Resolved,20
4002736,1023152,2023152,06-03-26,App/Website,Agent,06-10-26,Resolved,7
4002794,1023631,2023631,09-10-25,App/Website,Agent,10-01-25,Resolved,21
4002798,1023640,2023640,11-27-2026,App/Website,Agent,11-28-2026,Resolved,1
4002856,1023993,2023993,3-13-2025,App/Website,Agent,04-08-25,Resolved,26
4002874,1024142,2024142,3-28-2025,App/Website,Agent,3-29-2025,Resolved,1
4002885,1024255,2024255,2-26-2025,App/Website,Agent,2-28-2025,Resolved,2
4002952,1024884,2024884,11-15-2025,App/Website,Agent,12-11-25,Resolved,26
4003032,1025481,2025481,01-09-26,App/Website,Agent,02-06-26,Resolved,28
4003121,1026157,2026157,6-27-2024,App/Website,Agent,7-27-2024,Resolved,30
4003128,1026217,2026217,5-16-2025,App/Website,Agent,06-11-25,Resolved,26
4003236,1027256,2027256,06-10-24,App/Website,Agent,6-30-2024,Resolved,20
4003271,1027526,2027526,10-07-24,App/Website,Agent,11-04-24,Resolved,28
4003328,1027983,2027983,09-12-24,App/Website,Agent,10-01-24,Resolved,19
4003353,1028182,2028182,01-08-26,App/Website,Agent,1-16-2026,Resolved,8
4003359,1028237,2028237,01-04-25,App/Website,Agent,02-02-25,Resolved,29
4003373,1028389,2028389,02-02-26,App/Website,Agent,2-25-2026,Resolved,23
4003375,1028426,2028426,03-12-25,App/Website,Agent,3-30-2025,Resolved,18
4003385,1028486,2028486,2-26-2025,App/Website,Agent,3-25-2025,Resolved,27
4003421,1028806,2028806,4-29-2026,App/Website,Agent,5-18-2026,Resolved,19
4003584,1030381,2030381,07-01-25,App/Website,Agent,7-28-2025,Resolved,27
4003646,1031021,2031021,9-23-2025,App/Website,Agent,10-11-25,Resolved,18
4003711,1031496,2031496,6-19-2025,App/Website,Agent,6-28-2025,Resolved,9
4003739,1031736,2031736,4-21-2025,App/Website,Agent,05-09-25,Resolved,18
4003741,1031743,2031743,9-13-2024,App/Website,Agent,9-27-2024,Resolved,14
4003780,1032115,2032115,3-31-2025,App/Website,Agent,4-14-2025,Resolved,14
4003873,1032940,2032940,2-16-2026,App/Website,Agent,2-18-2026,Resolved,2
4003916,1033284,2033284,11-21-2024,App/Website,Agent,12-16-2024,Resolved,25
4003920,1033314,2033314,09-04-25,App/Website,Agent,09-05-25,Resolved,1
4003930,1033363,2033363,11-15-2026,App/Website,Agent,12-02-26,Resolved,17
4004039,1034194,2034194,3-16-2026,App/Website,Agent,04-06-26,Resolved,21
4004073,1034423,2034423,05-10-25,App/Website,Agent,5-20-2025,Resolved,10
4004082,1034494,2034494,3-22-2025,App/Website,Agent,04-08-25,Resolved,17
4004092,1034565,2034565,4-13-2026,App/Website,Agent,4-22-2026,Resolved,9
4004136,1034972,2034972,8-19-2026,App/Website,Agent,8-27-2026,Resolved,8
4004157,1035196,2035196,7-17-2024,App/Website,Agent,7-23-2024,Resolved,6
4004226,1035780,2035780,6-27-2025,App/Website,Agent,7-23-2025,Resolved,26
4004244,1035922,2035922,08-05-25,App/Website,Agent,08-09-25,Resolved,4
4004285,1036269,2036269,1-13-2026,App/Website,Agent,1-23-2026,Resolved,10
4004290,1036336,2036336,7-20-2024,App/Website,Agent,8-18-2024,Resolved,29
4004327,1036586,2036586,9-25-2025,App/Website,Agent,10-15-2025,Resolved,20
4004359,1036848,2036848,04-07-25,App/Website,Agent,4-29-2025,Resolved,22
4004412,1037297,2037297,1-14-2025,App/Website,Agent,02-08-25,Resolved,25
4004453,1037578,2037578,1-16-2025,App/Website,Agent,1-22-2025,Resolved,6
4004492,1037850,2037850,5-25-2025,App/Website,Agent,6-17-2025,Resolved,23
4004648,1039018,2039018,9-17-2024,App/Website,Agent,10-13-2024,Resolved,26
4004657,1039066,2039066,7-28-2025,App/Website,Agent,8-24-2025,Resolved,27
4004702,1039452,2039452,10-10-24,App/Website,Agent,10-12-24,Resolved,2
4004748,1039786,2039786,11-21-2024,App/Website,Agent,12-17-2024,Resolved,26
4004759,1039897,2039897,9-22-2025,App/Website,Agent,10-06-25,Resolved,14
4004765,1039956,2039956,10-23-2024,App/Website,Agent,11-04-24,Resolved,12
4004775,1040036,2040036,2-16-2025,App/Website,Agent,3-17-2025,Resolved,29
4004796,1040214,2040214,12-03-25,App/Website,Agent,12-26-2025,Resolved,23
4004801,1040254,2040254,5-18-2025,App/Website,Agent,5-21-2025,Resolved,3
4004811,1040371,2040371,1-19-2026,App/Website,Agent,02-03-26,Resolved,15
4004954,1041609,2041609,11-04-24,App/Website,Agent,11-12-24,Resolved,8
4004990,1041880,2041880,12-31-2025,App/Website,Agent,1-29-2026,Resolved,29
4005021,1042239,2042239,01-05-26,App/Website,Agent,02-04-26,Resolved,30
4005030,1042302,2042302,10-12-24,App/Website,Agent,11-03-24,Resolved,22
4005048,1042426,2042426,10-29-2024,App/Website,Agent,11-07-24,Resolved,9
4005199,1043713,2043713,2-28-2026,App/Website,Agent,3-24-2026,Resolved,24
4005260,1044259,2044259,8-31-2024,App/Website,Agent,09-10-24,Resolved,10
4005275,1044408,2044408,12-08-25,App/Website,Agent,01-07-26,Resolved,30
4005286,1044484,2044484,08-10-25,App/Website,Agent,8-28-2025,Resolved,18
4005322,1044772,2044772,2-16-2025,App/Website,Agent,03-09-25,Resolved,21
4005329,1044822,2044822,12-06-25,App/Website,Agent,12-18-2025,Resolved,12
4005359,1045034,2045034,3-19-2026,App/Website,Agent,04-11-26,Resolved,23
4005451,1045865,2045865,02-06-26,App/Website,Agent,2-21-2026,Resolved,15
4005476,1046068,2046068,10-01-25,App/Website,Agent,10-20-2025,Resolved,19
4005743,1048458,2048458,04-08-25,App/Website,Agent,4-14-2025,Resolved,6
4005815,1049128,2049128,12-19-2024,App/Website,Agent,12-23-2024,Resolved,4
4005969,1050302,2050302,04-06-25,App/Website,Agent,4-23-2025,Resolved,17
4006053,1051105,2051105,08-11-26,App/Website,Agent,8-14-2026,Resolved,3
4006080,1051439,2051439,3-28-2025,App/Website,Agent,04-12-25,Resolved,15
4006184,1052372,2052372,8-21-2026,App/Website,Agent,09-11-26,Resolved,21
4006382,1054014,2054014,10-29-2025,App/Website,Agent,11-20-2025,Resolved,22
4006427,1054399,2054399,4-21-2026,App/Website,Agent,4-27-2026,Resolved,6
4006498,1054978,2054978,7-28-2025,App/Website,Agent,08-07-25,Resolved,10
4006596,1055780,2055780,05-07-26,App/Website,Agent,05-08-26,Resolved,1
4006654,1056239,2056239,9-18-2025,App/Website,Agent,9-30-2025,Resolved,12
4006693,1056550,2056550,10-30-2024,App/Website,Agent,11-06-24,Resolved,7
4006695,1056553,2056553,11-27-2025,App/Website,Agent,12-19-2025,Resolved,22
4006733,1056837,2056837,09-04-24,App/Website,Agent,9-21-2024,Resolved,17
4006746,1056941,2056941,5-18-2025,App/Website,Agent,5-22-2025,Resolved,4
4006752,1056958,2056958,06-09-26,App/Website,Agent,6-14-2026,Resolved,5
4006788,1057213,2057213,09-02-25,App/Website,Agent,9-21-2025,Resolved,19
4006793,1057239,2057239,09-10-25,App/Website,Agent,9-25-2025,Resolved,15
4006810,1057432,2057432,07-01-25,App/Website,Agent,7-18-2025,Resolved,17
4006818,1057466,2057466,8-17-2024,App/Website,Agent,09-04-24,Resolved,18
4006861,1057763,2057763,4-24-2025,App/Website,Agent,5-16-2025,Resolved,22
4006864,1057791,2057791,6-26-2025,App/Website,Agent,07-06-25,Resolved,10
4006877,1057864,2057864,07-01-26,App/Website,Agent,7-24-2026,Resolved,23
4006927,1058203,2058203,11-06-25,App/Website,Agent,11-18-2025,Resolved,12
4006951,1058389,2058389,6-14-2026,App/Website,Agent,6-29-2026,Resolved,15
4006952,1058400,2058400,6-14-2025,App/Website,Agent,07-04-25,Resolved,20
4007035,1059171,2059171,1-26-2026,App/Website,Agent,2-25-2026,Resolved,30
4007112,1059755,2059755,8-20-2024,App/Website,Agent,09-05-24,Resolved,16
4007136,1059888,2059888,10-11-24,App/Website,Agent,11-03-24,Resolved,23
4007206,1060435,2060435,03-04-25,App/Website,Agent,03-07-25,Resolved,3
4007236,1060657,2060657,10-18-2024,App/Website,Agent,11-14-2024,Resolved,27
4007399,1061981,2061981,09-04-25,App/Website,Agent,9-29-2025,Resolved,25
4007411,1062082,2062082,1-27-2026,App/Website,Agent,2-18-2026,Resolved,22
4007443,1062320,2062320,04-10-25,App/Website,Agent,4-16-2025,Resolved,6
4007476,1062611,2062611,3-14-2026,App/Website,Agent,04-11-26,Resolved,28
4007479,1062634,2062634,8-21-2025,App/Website,Agent,8-30-2025,Resolved,9
4007499,1062854,2062854,12-31-2025,App/Website,Agent,01-11-26,Resolved,11
4007614,1063819,2063819,01-12-25,App/Website,Agent,1-15-2025,Resolved,3
4007661,1064225,2064225,01-04-25,App/Website,Agent,01-06-25,Resolved,2
4007669,1064304,2064304,3-27-2026,App/Website,Agent,4-20-2026,Resolved,24
4007719,1064697,2064697,06-04-26,App/Website,Agent,07-03-26,Resolved,29
4007731,1064757,2064757,07-02-26,App/Website,Agent,7-17-2026,Resolved,15
4007742,1064874,2064874,11-29-2024,App/Website,Agent,12-23-2024,Resolved,24
4007767,1065063,2065063,03-10-25,App/Website,Agent,3-22-2025,Resolved,12
4007772,1065100,2065100,2-14-2025,App/Website,Agent,03-05-25,Resolved,19
4007821,1065507,2065507,10-16-2024,App/Website,Agent,11-13-2024,Resolved,28
4007856,1065809,2065809,1-15-2026,App/Website,Agent,1-30-2026,Resolved,15
4007884,1065997,2065997,7-21-2026,App/Website,Agent,7-25-2026,Resolved,4
4007887,1066046,2066046,11-30-2025,App/Website,Agent,12-11-25,Resolved,11
4007997,1066932,2066932,7-31-2026,App/Website,Agent,08-08-26,Resolved,8
4008028,1067195,2067195,03-06-25,App/Website,Agent,03-10-25,Resolved,4
4008112,1067942,2067942,9-26-2026,App/Website,Agent,10-16-2026,Resolved,20
4008116,1067985,2067985,5-26-2026,App/Website,Agent,6-16-2026,Resolved,21
4008172,1068380,2068380,1-30-2026,App/Website,Agent,2-16-2026,Resolved,17
4008202,1068626,2068626,01-06-25,App/Website,Agent,1-17-2025,Resolved,11
4008255,1069131,2069131,11-02-25,App/Website,Agent,11-22-2025,Resolved,20
4008266,1069211,2069211,3-19-2025,App/Website,Agent,3-28-2025,Resolved,9
4008270,1069241,2069241,07-03-24,App/Website,Agent,7-26-2024,Resolved,23
4008285,1069326,2069326,12-03-25,App/Website,Agent,12-06-25,Resolved,3
4008434,1070690,2070690,11-21-2024,App/Website,Agent,12-06-24,Resolved,15
4008529,1071543,2071543,8-21-2025,App/Website,Agent,09-10-25,Resolved,20
4008592,1072125,2072125,4-18-2025,App/Website,Agent,05-02-25,Resolved,14
4008655,1072679,2072679,05-05-26,App/Website,Agent,5-16-2026,Resolved,11
4008703,1073092,2073092,12-26-2024,App/Website,Agent,1-20-2025,Resolved,25
4008767,1073612,2073612,6-27-2025,App/Website,Agent,07-02-25,Resolved,5
4008784,1073761,2073761,8-18-2024,App/Website,Agent,8-22-2024,Resolved,4
4008801,1073870,2073870,7-22-2026,App/Website,Agent,7-31-2026,Resolved,9
4008906,1074848,2074848,01-05-26,App/Website,Agent,1-27-2026,Resolved,22
4008921,1074985,2074985,10-30-2025,App/Website,Agent,11-16-2025,Resolved,17
4009048,1075965,2075965,01-12-25,App/Website,Agent,1-29-2025,Resolved,17
4009085,1076196,2076196,11-21-2025,App/Website,Agent,11-29-2025,Resolved,8
4009096,1076283,2076283,4-29-2024,App/Website,Agent,5-22-2024,Resolved,23
4009112,1076417,2076417,11-11-25,App/Website,Agent,12-04-25,Resolved,23
4009136,1076552,2076552,5-13-2025,App/Website,Agent,06-02-25,Resolved,20
4009150,1076666,2076666,10-09-24,App/Website,Agent,10-25-2024,Resolved,16
4009187,1076994,2076994,05-10-26,App/Website,Agent,5-17-2026,Resolved,7
4009339,1078373,2078373,8-27-2024,App/Website,Agent,9-13-2024,Resolved,17
4009368,1078659,2078659,09-02-24,App/Website,Agent,09-09-24,Resolved,7
4009447,1079276,2079276,03-07-25,App/Website,Agent,04-01-25,Resolved,25
4009508,1079762,2079762,12-15-2025,App/Website,Agent,12-24-2025,Resolved,9
4009559,1080152,2080152,4-28-2025,App/Website,Agent,05-02-25,Resolved,4
4009616,1080599,2080599,7-31-2025,App/Website,Agent,8-15-2025,Resolved,15
4009642,1080791,2080791,05-05-26,App/Website,Agent,5-25-2026,Resolved,20
4009751,1081594,2081594,8-17-2025,App/Website,Agent,8-22-2025,Resolved,5
4009769,1081740,2081740,8-15-2026,App/Website,Agent,09-10-26,Resolved,26
4009878,1082554,2082554,03-03-25,App/Website,Agent,3-25-2025,Resolved,22
4009890,1082610,2082610,01-07-25,App/Website,Agent,1-20-2025,Resolved,13
4009949,1083232,2083232,12-19-2025,App/Website,Agent,01-07-26,Resolved,19
4010046,1084012,2084012,2-21-2026,App/Website,Agent,3-21-2026,Resolved,28
4010095,1084465,2084465,12-11-25,App/Website,Agent,01-07-26,Resolved,27
4010116,1084627,2084627,09-04-24,App/Website,Agent,09-07-24,Resolved,3
4010162,1085060,2085060,12-17-2024,App/Website,Agent,12-26-2024,Resolved,9
4010236,1085695,2085695,04-01-25,App/Website,Agent,04-09-25,Resolved,8
4010272,1086070,2086070,11-13-2024,App/Website,Agent,11-15-2024,Resolved,2
4010283,1086140,2086140,10-08-24,App/Website,Agent,10-21-2024,Resolved,13
4010302,1086283,2086283,7-22-2025,App/Website,Agent,08-01-25,Resolved,10
4010351,1086800,2086800,1-25-2026,App/Website,Agent,02-01-26,Resolved,7
4010353,1086804,2086804,8-22-2025,App/Website,Agent,8-28-2025,Resolved,6
4010377,1087003,2087003,08-10-25,App/Website,Agent,09-06-25,Resolved,27
4010387,1087140,2087140,01-05-26,App/Website,Agent,02-03-26,Resolved,29
4010393,1087166,2087166,09-01-24,App/Website,Agent,9-15-2024,Resolved,14
4010400,1087214,2087214,11-30-2025,App/Website,Agent,12-04-25,Resolved,4
4010421,1087404,2087404,4-27-2025,App/Website,Agent,5-16-2025,Resolved,19
4010473,1087751,2087751,06-06-26,App/Website,Agent,6-21-2026,Resolved,15
4010479,1087812,2087812,1-28-2025,App/Website,Agent,02-05-25,Resolved,8
4010481,1087821,2087821,03-10-25,App/Website,Agent,3-20-2025,Resolved,10
4010568,1088464,2088464,11-29-2025,App/Website,Agent,11-30-2025,Resolved,1
4010610,1088752,2088752,05-04-24,App/Website,Agent,05-09-24,Resolved,5
4010661,1089116,2089116,06-05-24,App/Website,Agent,6-18-2024,Resolved,13
4010691,1089431,2089431,11-27-2024,App/Website,Agent,11-28-2024,Resolved,1
4010695,1089468,2089468,11-29-2025,App/Website,Agent,12-01-25,Resolved,2
4010751,1089930,2089930,07-06-25,App/Website,Agent,07-09-25,Resolved,3
4010784,1090229,2090229,6-21-2024,App/Website,Agent,07-10-24,Resolved,19
4010801,1090345,2090345,3-27-2025,App/Website,Agent,3-31-2025,Resolved,4
4010812,1090452,2090452,01-05-26,App/Website,Agent,1-27-2026,Resolved,22
4010822,1090563,2090563,8-28-2024,App/Website,Agent,09-05-24,Resolved,8
4010825,1090577,2090577,2-18-2026,App/Website,Agent,03-08-26,Resolved,18
4010871,1090899,2090899,06-01-25,App/Website,Agent,06-06-25,Resolved,5
4010953,1091656,2091656,2-17-2024,App/Website,Agent,03-09-24,Resolved,21
4011146,1093169,2093169,04-05-26,App/Website,Agent,4-26-2026,Resolved,21
4011160,1093307,2093307,8-25-2026,App/Website,Agent,9-19-2026,Resolved,25
4011216,1093759,2093759,02-05-26,App/Website,Agent,03-01-26,Resolved,24
4011223,1093804,2093804,1-13-2025,App/Website,Agent,1-30-2025,Resolved,17
4011267,1094135,2094135,06-05-25,App/Website,Agent,6-26-2025,Resolved,21
4011316,1094591,2094591,07-09-25,App/Website,Agent,08-07-25,Resolved,29
4011335,1094767,2094767,9-19-2024,App/Website,Agent,9-21-2024,Resolved,2
4011363,1095025,2095025,2-20-2025,App/Website,Agent,3-17-2025,Resolved,25
4011364,1095026,2095026,4-20-2024,App/Website,Agent,05-06-24,Resolved,16
4011374,1095129,2095129,01-09-26,App/Website,Agent,01-10-26,Resolved,1
4011389,1095292,2095292,01-01-25,App/Website,Agent,01-04-25,Resolved,3
4011395,1095366,2095366,5-13-2025,App/Website,Agent,06-11-25,Resolved,29
4011480,1096142,2096142,09-10-25,App/Website,Agent,9-23-2025,Resolved,13
4011510,1096394,2096394,1-20-2025,App/Website,Agent,1-23-2025,Resolved,3
4011537,1096668,2096668,2-19-2025,App/Website,Agent,03-02-25,Resolved,11
4011582,1097094,2097094,08-10-25,App/Website,Agent,09-05-25,Resolved,26
4011617,1097369,2097369,10-30-2024,App/Website,Agent,11-09-24,Resolved,10
4011632,1097510,2097510,4-30-2026,App/Website,Agent,5-15-2026,Resolved,15
4011648,1097695,2097695,7-15-2024,App/Website,Agent,7-28-2024,Resolved,13
4011671,1097874,2097874,09-07-24,App/Website,Agent,9-14-2024,Resolved,7
4011679,1097931,2097931,07-01-26,App/Website,Agent,7-31-2026,Resolved,30
4011682,1097974,2097974,10-22-2025,App/Website,Agent,11-03-25,Resolved,12
4011937,1099859,2099859,06-02-26,App/Website,Agent,06-03-26,Resolved,1
4011939,1099864,2099864,4-18-2025,App/Website,Agent,4-30-2025,Resolved,12
4000069,1000616,2000616,8-27-2025,Agent Behaviour,Partner,9-21-2025,Resolved,25
4000086,1000774,2000774,3-22-2026,Agent Behaviour,Partner,4-15-2026,Resolved,24
4000099,1000895,2000895,09-12-25,Agent Behaviour,Partner,9-29-2025,Resolved,17
4000115,1001061,2001061,02-06-26,Agent Behaviour,Partner,02-12-26,Resolved,6
4000120,1001113,2001113,10-18-2024,Agent Behaviour,Partner,11-05-24,Resolved,18
4000186,1001681,2001681,11-03-24,Agent Behaviour,Partner,11-28-2024,Resolved,25
4000226,1002079,2002079,12-25-2025,Agent Behaviour,Partner,01-08-26,Resolved,14
4000266,1002490,2002490,6-21-2025,Agent Behaviour,Partner,7-17-2025,Resolved,26
4000277,1002557,2002557,6-22-2024,Agent Behaviour,Partner,6-27-2024,Resolved,5
4000354,1003162,2003162,12-07-24,Agent Behaviour,Partner,01-02-25,Resolved,26
4000365,1003240,2003240,1-19-2026,Agent Behaviour,Partner,02-06-26,Resolved,18
4000444,1003964,2003964,7-19-2025,Agent Behaviour,Partner,7-22-2025,Resolved,3
4000502,1004403,2004403,1-23-2025,Agent Behaviour,Partner,02-10-25,Resolved,18
4000516,1004514,2004514,06-06-26,Agent Behaviour,Partner,6-16-2026,Resolved,10
4000521,1004559,2004559,10-30-2025,Agent Behaviour,Partner,11-05-25,Resolved,6
4000642,1005621,2005621,5-21-2026,Agent Behaviour,Partner,06-02-26,Resolved,12
4000660,1005757,2005757,6-27-2025,Agent Behaviour,Partner,07-05-25,Resolved,8
4000786,1006890,2006890,10-04-26,Agent Behaviour,Partner,10-19-2026,Resolved,15
4000791,1006915,2006915,3-29-2026,Agent Behaviour,Partner,3-30-2026,Resolved,1
4000797,1007003,2007003,09-02-24,Agent Behaviour,Partner,9-27-2024,Resolved,25
4000801,1007057,2007057,11-01-24,Agent Behaviour,Partner,11-21-2024,Resolved,20
4000941,1008152,2008152,1-15-2026,Agent Behaviour,Partner,1-27-2026,Resolved,12
4001002,1008603,2008603,09-12-24,Agent Behaviour,Partner,9-26-2024,Resolved,14
4001122,1009526,2009526,11-24-2025,Agent Behaviour,Partner,12-23-2025,Resolved,29
4001126,1009546,2009546,12-17-2025,Agent Behaviour,Partner,12-24-2025,Resolved,7
4001140,1009689,2009689,3-14-2025,Agent Behaviour,Partner,3-15-2025,Resolved,1
4001173,1009950,2009950,4-13-2024,Agent Behaviour,Partner,05-07-24,Resolved,24
4001194,1010228,2010228,3-14-2026,Agent Behaviour,Partner,04-11-26,Resolved,28
4001197,1010237,2010237,12-08-25,Agent Behaviour,Partner,12-27-2025,Resolved,19
4001236,1010580,2010580,12-26-2024,Agent Behaviour,Partner,01-06-25,Resolved,11
4001255,1010783,2010783,6-27-2025,Agent Behaviour,Partner,7-21-2025,Resolved,24
4001271,1010880,2010880,7-29-2024,Agent Behaviour,Partner,08-05-24,Resolved,7
4001282,1010982,2010982,7-17-2025,Agent Behaviour,Partner,08-03-25,Resolved,17
4001284,1010992,2010992,10-11-25,Agent Behaviour,Partner,11-02-25,Resolved,22
4001285,1010993,2010993,08-01-25,Agent Behaviour,Partner,08-06-25,Resolved,5
4001290,1011009,2011009,02-08-25,Agent Behaviour,Partner,2-27-2025,Resolved,19
4001300,1011094,2011094,10-26-2025,Agent Behaviour,Partner,11-11-25,Resolved,16
4001320,1011265,2011265,11-15-2024,Agent Behaviour,Partner,12-02-24,Resolved,17
4001396,1011876,2011876,12-08-25,Agent Behaviour,Partner,12-28-2025,Resolved,20
4001432,1012236,2012236,7-20-2024,Agent Behaviour,Partner,8-14-2024,Resolved,25
4001511,1012896,2012896,11-04-25,Agent Behaviour,Partner,11-10-25,Resolved,6
4001573,1013391,2013391,1-19-2025,Agent Behaviour,Partner,02-02-25,Resolved,14
4001701,1014387,2014387,3-17-2026,Agent Behaviour,Partner,3-25-2026,Resolved,8
4001759,1014899,2014899,2-27-2026,Agent Behaviour,Partner,03-11-26,Resolved,12
4001861,1015824,2015824,06-10-24,Agent Behaviour,Partner,07-04-24,Resolved,24
4001863,1015837,2015837,4-20-2026,Agent Behaviour,Partner,05-02-26,Resolved,12
4001924,1016305,2016305,05-11-25,Agent Behaviour,Partner,5-23-2025,Resolved,12
4001964,1016586,2016586,5-31-2025,Agent Behaviour,Partner,6-17-2025,Resolved,17
4001982,1016730,2016730,5-28-2025,Agent Behaviour,Partner,5-31-2025,Resolved,3
4002018,1017127,2017127,11-19-2025,Agent Behaviour,Partner,12-06-25,Resolved,17
4002102,1017798,2017798,08-06-24,Agent Behaviour,Partner,8-27-2024,Resolved,21
4002125,1017957,2017957,09-10-25,Agent Behaviour,Partner,9-26-2025,Resolved,16
4002158,1018266,2018266,04-06-25,Agent Behaviour,Partner,4-14-2025,Resolved,8
4002171,1018385,2018385,7-25-2026,Agent Behaviour,Partner,08-07-26,Resolved,13
4002209,1018812,2018812,06-02-26,Agent Behaviour,Partner,06-09-26,Resolved,7
4002297,1019590,2019590,9-20-2025,Agent Behaviour,Partner,10-04-25,Resolved,14
4002309,1019726,2019726,1-21-2025,Agent Behaviour,Partner,02-08-25,Resolved,18
4002332,1019901,2019901,05-07-26,Agent Behaviour,Partner,5-17-2026,Resolved,10
4002347,1019986,2019986,4-18-2026,Agent Behaviour,Partner,05-10-26,Resolved,22
4002390,1020305,2020305,7-20-2025,Agent Behaviour,Partner,7-30-2025,Resolved,10
4002417,1020470,2020470,05-01-25,Agent Behaviour,Partner,5-28-2025,Resolved,27
4002560,1021707,2021707,11-23-2024,Agent Behaviour,Partner,12-21-2024,Resolved,28
4002566,1021744,2021744,12-25-2024,Agent Behaviour,Partner,1-17-2025,Resolved,23
4002660,1022598,2022598,01-08-25,Agent Behaviour,Partner,02-05-25,Resolved,28
4002683,1022770,2022770,8-15-2025,Agent Behaviour,Partner,8-30-2025,Resolved,15
4002699,1022881,2022881,11-01-24,Agent Behaviour,Partner,11-21-2024,Resolved,20
4002838,1023898,2023898,3-26-2026,Agent Behaviour,Partner,3-27-2026,Resolved,1
4002867,1024079,2024079,7-22-2026,Agent Behaviour,Partner,8-16-2026,Resolved,25
4002970,1025049,2025049,11-11-24,Agent Behaviour,Partner,12-01-24,Resolved,20
4003060,1025690,2025690,2-24-2026,Agent Behaviour,Partner,2-28-2026,Resolved,4
4003176,1026734,2026734,10-12-24,Agent Behaviour,Partner,10-13-2024,Resolved,1
4003187,1026865,2026865,12-22-2025,Agent Behaviour,Partner,01-07-26,Resolved,16
4003197,1026938,2026938,01-08-26,Agent Behaviour,Partner,1-17-2026,Resolved,9
4003203,1027018,2027018,5-21-2026,Agent Behaviour,Partner,5-22-2026,Resolved,1
4003243,1027325,2027325,1-16-2026,Agent Behaviour,Partner,1-28-2026,Resolved,12
4003325,1027968,2027968,2-27-2026,Agent Behaviour,Partner,3-17-2026,Resolved,18
4003332,1027996,2027996,03-04-25,Agent Behaviour,Partner,3-28-2025,Resolved,24
4003379,1028443,2028443,12-12-24,Agent Behaviour,Partner,12-13-2024,Resolved,1
4003459,1029119,2029119,8-23-2024,Agent Behaviour,Partner,8-25-2024,Resolved,2
4003488,1029438,2029438,9-28-2025,Agent Behaviour,Partner,10-09-25,Resolved,11
4003506,1029669,2029669,04-05-26,Agent Behaviour,Partner,4-15-2026,Resolved,10
4003642,1030983,2030983,4-21-2026,Agent Behaviour,Partner,5-14-2026,Resolved,23
4003685,1031311,2031311,9-14-2024,Agent Behaviour,Partner,10-13-2024,Resolved,29
4003702,1031433,2031433,11-26-2024,Agent Behaviour,Partner,12-13-2024,Resolved,17
4003714,1031521,2031521,6-27-2025,Agent Behaviour,Partner,07-05-25,Resolved,8
4003757,1031887,2031887,10-17-2025,Agent Behaviour,Partner,11-04-25,Resolved,18
4003761,1031915,2031915,3-19-2025,Agent Behaviour,Partner,3-24-2025,Resolved,5
4003845,1032642,2032642,11-18-2025,Agent Behaviour,Partner,11-29-2025,Resolved,11
4003887,1033058,2033058,01-03-25,Agent Behaviour,Partner,1-19-2025,Resolved,16
4003893,1033110,2033110,4-23-2025,Agent Behaviour,Partner,5-19-2025,Resolved,26
4003896,1033144,2033144,12-28-2024,Agent Behaviour,Partner,01-02-25,Resolved,5
4003913,1033271,2033271,12-07-25,Agent Behaviour,Partner,12-24-2025,Resolved,17
4003921,1033317,2033317,10-14-2024,Agent Behaviour,Partner,11-07-24,Resolved,24
4004047,1034276,2034276,3-26-2025,Agent Behaviour,Partner,04-07-25,Resolved,12
4004062,1034350,2034350,09-08-24,Agent Behaviour,Partner,9-23-2024,Resolved,15
4004075,1034427,2034427,02-10-25,Agent Behaviour,Partner,2-26-2025,Resolved,16
4004163,1035263,2035263,7-23-2025,Agent Behaviour,Partner,8-15-2025,Resolved,23
4004250,1035953,2035953,12-20-2024,Agent Behaviour,Partner,12-27-2024,Resolved,7
4004254,1036000,2036000,10-16-2025,Agent Behaviour,Partner,10-31-2025,Resolved,15
4004263,1036058,2036058,4-24-2025,Agent Behaviour,Partner,05-07-25,Resolved,13
4004267,1036098,2036098,9-24-2024,Agent Behaviour,Partner,10-02-24,Resolved,8
4004382,1037011,2037011,05-03-25,Agent Behaviour,Partner,5-27-2025,Resolved,24
4004434,1037440,2037440,9-23-2024,Agent Behaviour,Partner,10-14-2024,Resolved,21
4004458,1037611,2037611,9-18-2026,Agent Behaviour,Partner,10-18-2026,Resolved,30
4004459,1037617,2037617,11-25-2024,Agent Behaviour,Partner,12-11-24,Resolved,16
4004475,1037727,2037727,5-24-2025,Agent Behaviour,Partner,6-22-2025,Resolved,29
4004525,1038106,2038106,7-27-2026,Agent Behaviour,Partner,8-16-2026,Resolved,20
4004578,1038432,2038432,1-25-2026,Agent Behaviour,Partner,02-11-26,Resolved,17
4004618,1038752,2038752,04-01-26,Agent Behaviour,Partner,4-30-2026,Resolved,29
4004680,1039239,2039239,4-21-2025,Agent Behaviour,Partner,4-25-2025,Resolved,4
4004701,1039450,2039450,01-05-25,Agent Behaviour,Partner,1-13-2025,Resolved,8
4004729,1039675,2039675,7-21-2025,Agent Behaviour,Partner,08-05-25,Resolved,15
4004749,1039795,2039795,06-02-25,Agent Behaviour,Partner,6-18-2025,Resolved,16
4004779,1040050,2040050,02-03-25,Agent Behaviour,Partner,02-12-25,Resolved,9
4004826,1040484,2040484,05-03-26,Agent Behaviour,Partner,5-16-2026,Resolved,13
4004841,1040648,2040648,04-04-26,Agent Behaviour,Partner,4-22-2026,Resolved,18
4004856,1040742,2040742,07-08-24,Agent Behaviour,Partner,7-30-2024,Resolved,22
4004862,1040802,2040802,7-30-2024,Agent Behaviour,Partner,8-13-2024,Resolved,14
4004901,1041131,2041131,04-09-25,Agent Behaviour,Partner,4-26-2025,Resolved,17
4004938,1041473,2041473,10-30-2024,Agent Behaviour,Partner,11-27-2024,Resolved,28
4004943,1041507,2041507,6-29-2025,Agent Behaviour,Partner,7-15-2025,Resolved,16
4004997,1041937,2041937,6-28-2026,Agent Behaviour,Partner,7-16-2026,Resolved,18
4005004,1042026,2042026,04-07-25,Agent Behaviour,Partner,04-11-25,Resolved,4
4005143,1043226,2043226,2-28-2025,Agent Behaviour,Partner,3-18-2025,Resolved,18
4005190,1043643,2043643,5-13-2025,Agent Behaviour,Partner,06-10-25,Resolved,28
4005316,1044740,2044740,9-28-2025,Agent Behaviour,Partner,10-16-2025,Resolved,18
4005319,1044746,2044746,4-30-2026,Agent Behaviour,Partner,5-24-2026,Resolved,24
4005325,1044791,2044791,12-19-2025,Agent Behaviour,Partner,1-14-2026,Resolved,26
4005416,1045604,2045604,06-07-25,Agent Behaviour,Partner,06-10-25,Resolved,3
4005552,1046741,2046741,01-09-26,Agent Behaviour,Partner,1-29-2026,Resolved,20
4005598,1047161,2047161,1-13-2024,Agent Behaviour,Partner,02-09-24,Resolved,27
4005611,1047257,2047257,01-10-26,Agent Behaviour,Partner,1-30-2026,Resolved,20
4005650,1047666,2047666,12-09-24,Agent Behaviour,Partner,12-18-2024,Resolved,9
4005671,1047897,2047897,8-27-2024,Agent Behaviour,Partner,9-23-2024,Resolved,27
4005679,1047930,2047930,10-01-25,Agent Behaviour,Partner,10-29-2025,Resolved,28
4005702,1048157,2048157,04-08-26,Agent Behaviour,Partner,05-05-26,Resolved,27
4005703,1048166,2048166,3-29-2026,Agent Behaviour,Partner,04-04-26,Resolved,6
4005717,1048280,2048280,7-25-2025,Agent Behaviour,Partner,8-16-2025,Resolved,22
4005751,1048505,2048505,1-19-2025,Agent Behaviour,Partner,02-08-25,Resolved,20
4005769,1048670,2048670,12-17-2024,Agent Behaviour,Partner,01-11-25,Resolved,25
4005819,1049163,2049163,7-28-2025,Agent Behaviour,Partner,7-30-2025,Resolved,2
4005862,1049500,2049500,10-20-2025,Agent Behaviour,Partner,10-24-2025,Resolved,4
4005898,1049746,2049746,12-09-25,Agent Behaviour,Partner,12-12-25,Resolved,3
4006004,1050571,2050571,12-05-25,Agent Behaviour,Partner,12-24-2025,Resolved,19
4006026,1050835,2050835,8-26-2024,Agent Behaviour,Partner,9-17-2024,Resolved,22
4006069,1051301,2051301,2-25-2026,Agent Behaviour,Partner,03-10-26,Resolved,13
4006112,1051722,2051722,9-20-2025,Agent Behaviour,Partner,10-18-2025,Resolved,28
4006119,1051777,2051777,1-26-2025,Agent Behaviour,Partner,02-04-25,Resolved,9
4006130,1051906,2051906,2-17-2025,Agent Behaviour,Partner,2-26-2025,Resolved,9
4006170,1052252,2052252,05-11-26,Agent Behaviour,Partner,06-10-26,Resolved,30
4006174,1052295,2052295,1-22-2026,Agent Behaviour,Partner,1-31-2026,Resolved,9
4006196,1052490,2052490,7-28-2024,Agent Behaviour,Partner,08-11-24,Resolved,14
4006247,1052982,2052982,11-06-24,Agent Behaviour,Partner,11-12-24,Resolved,6
4006249,1053003,2053003,3-15-2025,Agent Behaviour,Partner,3-18-2025,Resolved,3
4006252,1053044,2053044,12-03-24,Agent Behaviour,Partner,12-18-2024,Resolved,15
4006269,1053131,2053131,12-31-2025,Agent Behaviour,Partner,01-07-26,Resolved,7
4006280,1053201,2053201,4-18-2025,Agent Behaviour,Partner,05-08-25,Resolved,20
4006328,1053626,2053626,08-02-25,Agent Behaviour,Partner,08-07-25,Resolved,5
4006343,1053710,2053710,11-23-2025,Agent Behaviour,Partner,12-11-25,Resolved,18
4006445,1054499,2054499,1-16-2025,Agent Behaviour,Partner,02-11-25,Resolved,26
4006453,1054552,2054552,12-15-2024,Agent Behaviour,Partner,01-05-25,Resolved,21
4006458,1054615,2054615,02-12-25,Agent Behaviour,Partner,03-03-25,Resolved,19
4006465,1054655,2054655,3-20-2025,Agent Behaviour,Partner,04-12-25,Resolved,23
4006483,1054838,2054838,6-28-2026,Agent Behaviour,Partner,07-01-26,Resolved,3
4006535,1055227,2055227,6-29-2024,Agent Behaviour,Partner,7-15-2024,Resolved,16
4006570,1055514,2055514,1-17-2026,Agent Behaviour,Partner,2-13-2026,Resolved,27
4006580,1055618,2055618,09-07-25,Agent Behaviour,Partner,9-28-2025,Resolved,21
4006586,1055688,2055688,03-12-24,Agent Behaviour,Partner,3-21-2024,Resolved,9
4006607,1055830,2055830,7-18-2026,Agent Behaviour,Partner,08-04-26,Resolved,17
4006640,1056079,2056079,08-05-26,Agent Behaviour,Partner,8-17-2026,Resolved,12
4006778,1057153,2057153,10-03-25,Agent Behaviour,Partner,10-04-25,Resolved,1
4006794,1057241,2057241,9-13-2025,Agent Behaviour,Partner,9-30-2025,Resolved,17
4006928,1058212,2058212,02-11-26,Agent Behaviour,Partner,2-23-2026,Resolved,12
4006937,1058286,2058286,3-24-2024,Agent Behaviour,Partner,3-25-2024,Resolved,1
4006961,1058472,2058472,10-23-2024,Agent Behaviour,Partner,11-06-24,Resolved,14
4006977,1058653,2058653,8-14-2025,Agent Behaviour,Partner,09-09-25,Resolved,26
4007028,1059122,2059122,7-16-2025,Agent Behaviour,Partner,7-29-2025,Resolved,13
4007101,1059699,2059699,9-28-2025,Agent Behaviour,Partner,10-10-25,Resolved,12
4007127,1059837,2059837,10-07-25,Agent Behaviour,Partner,11-05-25,Resolved,29
4007185,1060329,2060329,2-26-2025,Agent Behaviour,Partner,03-05-25,Resolved,7
4007244,1060698,2060698,02-01-25,Agent Behaviour,Partner,02-03-25,Resolved,2
4007289,1061098,2061098,08-04-25,Agent Behaviour,Partner,8-16-2025,Resolved,12
4007296,1061132,2061132,5-28-2025,Agent Behaviour,Partner,6-18-2025,Resolved,21
4007429,1062244,2062244,4-27-2026,Agent Behaviour,Partner,05-06-26,Resolved,9
4007432,1062258,2062258,10-20-2025,Agent Behaviour,Partner,11-14-2025,Resolved,25
4007458,1062399,2062399,5-21-2026,Agent Behaviour,Partner,6-15-2026,Resolved,25
4007464,1062431,2062431,06-02-25,Agent Behaviour,Partner,06-09-25,Resolved,7
4007513,1062987,2062987,8-24-2025,Agent Behaviour,Partner,09-01-25,Resolved,8
4007514,1063005,2063005,9-20-2025,Agent Behaviour,Partner,10-13-2025,Resolved,23
4007520,1063038,2063038,3-18-2025,Agent Behaviour,Partner,3-29-2025,Resolved,11
4007558,1063441,2063441,05-10-25,Agent Behaviour,Partner,5-15-2025,Resolved,5
4007578,1063574,2063574,8-31-2025,Agent Behaviour,Partner,09-06-25,Resolved,6
4007702,1064540,2064540,1-24-2026,Agent Behaviour,Partner,1-26-2026,Resolved,2
4007774,1065113,2065113,1-14-2026,Agent Behaviour,Partner,02-06-26,Resolved,23
4007794,1065266,2065266,01-03-26,Agent Behaviour,Partner,1-21-2026,Resolved,18
4007841,1065643,2065643,2-14-2026,Agent Behaviour,Partner,2-16-2026,Resolved,2
4007847,1065711,2065711,4-30-2025,Agent Behaviour,Partner,5-15-2025,Resolved,15
4007851,1065748,2065748,08-10-26,Agent Behaviour,Partner,8-14-2026,Resolved,4
4007855,1065801,2065801,5-25-2025,Agent Behaviour,Partner,5-30-2025,Resolved,5
4007883,1065993,2065993,9-26-2024,Agent Behaviour,Partner,9-27-2024,Resolved,1
4007891,1066087,2066087,9-18-2024,Agent Behaviour,Partner,10-16-2024,Resolved,28
4007965,1066688,2066688,2-14-2024,Agent Behaviour,Partner,2-22-2024,Resolved,8
4007990,1066903,2066903,11-27-2024,Agent Behaviour,Partner,12-11-24,Resolved,14
4008011,1067020,2067020,06-11-26,Agent Behaviour,Partner,6-25-2026,Resolved,14
4008061,1067392,2067392,5-21-2025,Agent Behaviour,Partner,5-22-2025,Resolved,1
4008166,1068326,2068326,12-12-25,Agent Behaviour,Partner,12-24-2025,Resolved,12
4008183,1068474,2068474,01-04-26,Agent Behaviour,Partner,01-10-26,Resolved,6
4008259,1069172,2069172,06-03-25,Agent Behaviour,Partner,6-14-2025,Resolved,11
4008367,1070037,2070037,4-24-2025,Agent Behaviour,Partner,05-07-25,Resolved,13
4008394,1070330,2070330,08-08-26,Agent Behaviour,Partner,8-18-2026,Resolved,10
4008435,1070695,2070695,02-07-25,Agent Behaviour,Partner,2-27-2025,Resolved,20
4008579,1072051,2072051,3-17-2025,Agent Behaviour,Partner,04-06-25,Resolved,20
4008590,1072110,2072110,12-06-25,Agent Behaviour,Partner,12-26-2025,Resolved,20
4008639,1072548,2072548,03-08-25,Agent Behaviour,Partner,3-16-2025,Resolved,8
4008667,1072788,2072788,12-27-2024,Agent Behaviour,Partner,01-06-25,Resolved,10
4008685,1072959,2072959,8-20-2025,Agent Behaviour,Partner,09-05-25,Resolved,16
4008716,1073220,2073220,11-09-25,Agent Behaviour,Partner,11-21-2025,Resolved,12
4008722,1073256,2073256,11-09-24,Agent Behaviour,Partner,11-19-2024,Resolved,10
4008749,1073460,2073460,5-24-2025,Agent Behaviour,Partner,6-22-2025,Resolved,29
4008868,1074455,2074455,5-25-2025,Agent Behaviour,Partner,6-13-2025,Resolved,19
4008877,1074548,2074548,7-13-2026,Agent Behaviour,Partner,08-03-26,Resolved,21
4008938,1075139,2075139,10-17-2024,Agent Behaviour,Partner,11-06-24,Resolved,20
4009095,1076280,2076280,06-12-24,Agent Behaviour,Partner,07-02-24,Resolved,20
4009100,1076296,2076296,4-25-2025,Agent Behaviour,Partner,5-14-2025,Resolved,19
4009128,1076501,2076501,8-18-2024,Agent Behaviour,Partner,09-10-24,Resolved,23
4009164,1076807,2076807,7-31-2025,Agent Behaviour,Partner,8-23-2025,Resolved,23
4009180,1076939,2076939,06-01-24,Agent Behaviour,Partner,6-17-2024,Resolved,16
4009238,1077422,2077422,8-28-2025,Agent Behaviour,Partner,9-19-2025,Resolved,22
4009257,1077571,2077571,3-20-2025,Agent Behaviour,Partner,4-13-2025,Resolved,24
4009296,1078023,2078023,9-27-2024,Agent Behaviour,Partner,10-26-2024,Resolved,29
4009316,1078194,2078194,3-22-2025,Agent Behaviour,Partner,3-24-2025,Resolved,2
4009329,1078293,2078293,3-27-2025,Agent Behaviour,Partner,4-18-2025,Resolved,22
4009333,1078311,2078311,9-21-2026,Agent Behaviour,Partner,10-16-2026,Resolved,25
4009495,1079675,2079675,1-30-2026,Agent Behaviour,Partner,03-01-26,Resolved,30
4009556,1080140,2080140,5-21-2025,Agent Behaviour,Partner,06-06-25,Resolved,16
4009682,1081083,2081083,9-15-2026,Agent Behaviour,Partner,10-13-2026,Resolved,28
4009766,1081717,2081717,3-27-2025,Agent Behaviour,Partner,3-28-2025,Resolved,1
4009815,1082100,2082100,8-27-2024,Agent Behaviour,Partner,9-13-2024,Resolved,17
4009874,1082524,2082524,2-22-2025,Agent Behaviour,Partner,2-24-2025,Resolved,2
4009924,1082999,2082999,1-21-2025,Agent Behaviour,Partner,2-13-2025,Resolved,23
4010017,1083797,2083797,06-04-26,Agent Behaviour,Partner,07-03-26,Resolved,29
4010123,1084685,2084685,9-18-2025,Agent Behaviour,Partner,10-04-25,Resolved,16
4010125,1084692,2084692,09-07-25,Agent Behaviour,Partner,10-02-25,Resolved,25
4010126,1084694,2084694,6-15-2026,Agent Behaviour,Partner,6-26-2026,Resolved,11
4010141,1084855,2084855,03-08-26,Agent Behaviour,Partner,3-25-2026,Resolved,17
4010215,1085490,2085490,10-13-2024,Agent Behaviour,Partner,10-25-2024,Resolved,12
4010285,1086164,2086164,03-01-26,Agent Behaviour,Partner,3-18-2026,Resolved,17
4010287,1086167,2086167,10-13-2024,Agent Behaviour,Partner,11-05-24,Resolved,23
4010306,1086321,2086321,04-01-26,Agent Behaviour,Partner,04-05-26,Resolved,4
4010386,1087133,2087133,05-04-24,Agent Behaviour,Partner,5-27-2024,Resolved,23
4010390,1087155,2087155,04-06-24,Agent Behaviour,Partner,4-30-2024,Resolved,24
4010410,1087283,2087283,05-06-25,Agent Behaviour,Partner,5-16-2025,Resolved,10
4010427,1087428,2087428,10-06-24,Agent Behaviour,Partner,10-09-24,Resolved,3
4010450,1087581,2087581,9-14-2025,Agent Behaviour,Partner,9-15-2025,Resolved,1
4010515,1088084,2088084,12-29-2025,Agent Behaviour,Partner,01-03-26,Resolved,5
4010520,1088117,2088117,2-19-2025,Agent Behaviour,Partner,2-28-2025,Resolved,9
4010616,1088775,2088775,5-30-2026,Agent Behaviour,Partner,6-29-2026,Resolved,30
4010626,1088820,2088820,04-07-24,Agent Behaviour,Partner,05-03-24,Resolved,26
4010635,1088884,2088884,06-11-25,Agent Behaviour,Partner,6-17-2025,Resolved,6
4010699,1089487,2089487,8-24-2025,Agent Behaviour,Partner,9-17-2025,Resolved,24
4010908,1091248,2091248,9-16-2025,Agent Behaviour,Partner,10-09-25,Resolved,23
4010934,1091498,2091498,11-10-24,Agent Behaviour,Partner,11-20-2024,Resolved,10
4010950,1091620,2091620,11-02-24,Agent Behaviour,Partner,11-06-24,Resolved,4
4010961,1091719,2091719,7-23-2024,Agent Behaviour,Partner,7-30-2024,Resolved,7
4010999,1092016,2092016,7-29-2025,Agent Behaviour,Partner,8-16-2025,Resolved,18
4011032,1092272,2092272,11-17-2025,Agent Behaviour,Partner,11-19-2025,Resolved,2
4011039,1092299,2092299,8-18-2025,Agent Behaviour,Partner,09-03-25,Resolved,16
4011045,1092344,2092344,5-22-2025,Agent Behaviour,Partner,5-30-2025,Resolved,8
4011083,1092609,2092609,9-17-2024,Agent Behaviour,Partner,9-24-2024,Resolved,7
4011123,1092958,2092958,9-21-2024,Agent Behaviour,Partner,9-24-2024,Resolved,3
4011127,1092989,2092989,10-05-26,Agent Behaviour,Partner,10-09-26,Resolved,4
4011154,1093263,2093263,12-29-2024,Agent Behaviour,Partner,1-28-2025,Resolved,30
4011202,1093664,2093664,8-21-2025,Agent Behaviour,Partner,8-28-2025,Resolved,7
4011203,1093665,2093665,12-23-2024,Agent Behaviour,Partner,01-11-25,Resolved,19
4011263,1094118,2094118,02-07-24,Agent Behaviour,Partner,03-03-24,Resolved,25
4011294,1094380,2094380,03-09-25,Agent Behaviour,Partner,04-01-25,Resolved,23
4011386,1095261,2095261,12-14-2024,Agent Behaviour,Partner,01-12-25,Resolved,29
4011388,1095291,2095291,10-13-2025,Agent Behaviour,Partner,10-28-2025,Resolved,15
4011408,1095467,2095467,9-13-2025,Agent Behaviour,Partner,9-19-2025,Resolved,6
4011428,1095639,2095639,4-16-2025,Agent Behaviour,Partner,4-28-2025,Resolved,12
4011438,1095742,2095742,09-11-25,Agent Behaviour,Partner,10-04-25,Resolved,23
4011696,1098051,2098051,08-06-24,Agent Behaviour,Partner,8-23-2024,Resolved,17
4011808,1098861,2098861,03-07-25,Agent Behaviour,Partner,03-12-25,Resolved,5
4011816,1098926,2098926,9-24-2025,Agent Behaviour,Partner,10-18-2025,Resolved,24
4011841,1099144,2099144,07-04-26,Agent Behaviour,Partner,07-10-26,Resolved,6
4011862,1099289,2099289,8-23-2024,Agent Behaviour,Partner,09-04-24,Resolved,12
4011878,1099388,2099388,04-11-26,Agent Behaviour,Partner,4-27-2026,Resolved,16
4011952,1099988,2099988,07-07-25,Agent Behaviour,Partner,07-08-25,Resolved,1
4000014,1000147,2000147,04-12-25,Premium Issue,Partner,4-16-2025,Resolved,4
4000020,1000186,2000186,2-18-2025,Premium Issue,Partner,2-24-2025,Resolved,6
4000048,1000421,2000421,7-31-2025,Premium Issue,Partner,8-24-2025,Resolved,24
4000057,1000510,2000510,12-26-2025,Premium Issue,Partner,12-31-2025,Resolved,5
4000118,1001097,2001097,02-10-26,Premium Issue,Partner,03-11-26,Resolved,29
4000130,1001176,2001176,06-05-26,Premium Issue,Partner,6-22-2026,Resolved,17
4000243,1002306,2002306,10-12-25,Premium Issue,Partner,10-18-2025,Resolved,6
4000304,1002795,2002795,03-04-25,Premium Issue,Partner,03-10-25,Resolved,6
4000314,1002853,2002853,10-07-26,Premium Issue,Partner,10-11-26,Resolved,4
4000342,1003095,2003095,3-20-2025,Premium Issue,Partner,3-22-2025,Resolved,2
4000347,1003122,2003122,05-07-25,Premium Issue,Partner,5-22-2025,Resolved,15
4000391,1003494,2003494,9-28-2025,Premium Issue,Partner,10-23-2025,Resolved,25
4000449,1004011,2004011,8-21-2026,Premium Issue,Partner,8-27-2026,Resolved,6
4000455,1004053,2004053,03-02-24,Premium Issue,Partner,03-10-24,Resolved,8
4000510,1004475,2004475,06-09-25,Premium Issue,Partner,6-24-2025,Resolved,15
4000542,1004749,2004749,6-30-2024,Premium Issue,Partner,7-15-2024,Resolved,15
4000616,1005388,2005388,7-22-2024,Premium Issue,Partner,8-14-2024,Resolved,23
4000709,1006152,2006152,4-25-2025,Premium Issue,Partner,5-13-2025,Resolved,18
4000725,1006286,2006286,08-10-25,Premium Issue,Partner,09-03-25,Resolved,24
4000757,1006626,2006626,11-11-24,Premium Issue,Partner,11-13-2024,Resolved,2
4000807,1007085,2007085,7-22-2026,Premium Issue,Partner,8-20-2026,Resolved,29
4000838,1007359,2007359,12-20-2025,Premium Issue,Partner,01-09-26,Resolved,20
4000843,1007394,2007394,3-13-2026,Premium Issue,Partner,3-31-2026,Resolved,18
4000856,1007500,2007500,8-21-2025,Premium Issue,Partner,8-23-2025,Resolved,2
4000984,1008420,2008420,12-15-2025,Premium Issue,Partner,01-12-26,Resolved,28
4001005,1008620,2008620,5-14-2026,Premium Issue,Partner,6-13-2026,Resolved,30
4001047,1008920,2008920,08-07-25,Premium Issue,Partner,8-20-2025,Resolved,13
4001068,1009122,2009122,9-28-2025,Premium Issue,Partner,10-28-2025,Resolved,30
4001250,1010723,2010723,1-24-2025,Premium Issue,Partner,1-26-2025,Resolved,2
4001262,1010822,2010822,4-16-2025,Premium Issue,Partner,4-20-2025,Resolved,4
4001277,1010940,2010940,2-15-2026,Premium Issue,Partner,2-25-2026,Resolved,10
4001346,1011452,2011452,12-12-25,Premium Issue,Partner,12-21-2025,Resolved,9
4001402,1011922,2011922,9-22-2025,Premium Issue,Partner,10-20-2025,Resolved,28
4001483,1012623,2012623,7-27-2024,Premium Issue,Partner,08-12-24,Resolved,16
4001555,1013269,2013269,03-07-25,Premium Issue,Partner,3-17-2025,Resolved,10
4001581,1013487,2013487,8-28-2026,Premium Issue,Partner,9-17-2026,Resolved,20
4001589,1013546,2013546,06-07-26,Premium Issue,Partner,6-25-2026,Resolved,18
4001630,1013834,2013834,2-19-2025,Premium Issue,Partner,03-09-25,Resolved,18
4001660,1014042,2014042,6-30-2025,Premium Issue,Partner,7-14-2025,Resolved,14
4001749,1014844,2014844,4-27-2024,Premium Issue,Partner,5-21-2024,Resolved,24
4001773,1015002,2015002,12-13-2025,Premium Issue,Partner,12-25-2025,Resolved,12
4001795,1015203,2015203,2-15-2025,Premium Issue,Partner,03-07-25,Resolved,20
4001837,1015563,2015563,05-04-25,Premium Issue,Partner,05-12-25,Resolved,8
4001883,1016042,2016042,10-04-24,Premium Issue,Partner,10-18-2024,Resolved,14
4001904,1016196,2016196,11-06-24,Premium Issue,Partner,11-12-24,Resolved,6
4001909,1016227,2016227,5-23-2025,Premium Issue,Partner,06-04-25,Resolved,12
4001939,1016430,2016430,11-26-2025,Premium Issue,Partner,12-26-2025,Resolved,30
4001965,1016598,2016598,10-20-2024,Premium Issue,Partner,11-06-24,Resolved,17
4002015,1017098,2017098,1-23-2026,Premium Issue,Partner,2-15-2026,Resolved,23
4002106,1017842,2017842,07-07-25,Premium Issue,Partner,08-04-25,Resolved,28
4002218,1018866,2018866,3-30-2024,Premium Issue,Partner,4-27-2024,Resolved,28
4002222,1018899,2018899,12-16-2024,Premium Issue,Partner,12-26-2024,Resolved,10
4002319,1019808,2019808,5-15-2024,Premium Issue,Partner,5-25-2024,Resolved,10
4002339,1019946,2019946,3-16-2025,Premium Issue,Partner,3-21-2025,Resolved,5
4002465,1020855,2020855,02-12-25,Premium Issue,Partner,3-14-2025,Resolved,30
4002485,1020991,2020991,6-26-2026,Premium Issue,Partner,7-21-2026,Resolved,25
4002505,1021190,2021190,11-12-24,Premium Issue,Partner,11-16-2024,Resolved,4
4002707,1022906,2022906,8-24-2024,Premium Issue,Partner,09-06-24,Resolved,13
4002708,1022909,2022909,10-14-2025,Premium Issue,Partner,10-21-2025,Resolved,7
4002726,1023084,2023084,7-21-2024,Premium Issue,Partner,8-14-2024,Resolved,24
4002772,1023438,2023438,7-25-2024,Premium Issue,Partner,8-13-2024,Resolved,19
4002806,1023675,2023675,6-20-2025,Premium Issue,Partner,7-16-2025,Resolved,26
4002818,1023751,2023751,3-13-2026,Premium Issue,Partner,3-27-2026,Resolved,14
4002891,1024313,2024313,11-22-2025,Premium Issue,Partner,12-02-25,Resolved,10
4002990,1025201,2025201,9-25-2024,Premium Issue,Partner,10-20-2024,Resolved,25
4003096,1026009,2026009,3-16-2025,Premium Issue,Partner,4-14-2025,Resolved,29
4003123,1026168,2026168,3-30-2025,Premium Issue,Partner,4-15-2025,Resolved,16
4003178,1026755,2026755,6-26-2026,Premium Issue,Partner,7-20-2026,Resolved,24
4003263,1027483,2027483,9-14-2024,Premium Issue,Partner,9-25-2024,Resolved,11
4003291,1027678,2027678,1-28-2026,Premium Issue,Partner,02-01-26,Resolved,4
4003307,1027795,2027795,02-12-25,Premium Issue,Partner,03-09-25,Resolved,25
4003313,1027910,2027910,03-07-25,Premium Issue,Partner,3-14-2025,Resolved,7
4003363,1028280,2028280,10-14-2025,Premium Issue,Partner,11-10-25,Resolved,27
4003377,1028428,2028428,7-19-2025,Premium Issue,Partner,08-01-25,Resolved,13
4003460,1029125,2029125,9-21-2025,Premium Issue,Partner,10-21-2025,Resolved,30
4003522,1029783,2029783,05-11-25,Premium Issue,Partner,5-17-2025,Resolved,6
4003617,1030688,2030688,7-18-2026,Premium Issue,Partner,08-07-26,Resolved,20
4003679,1031260,2031260,7-22-2025,Premium Issue,Partner,8-14-2025,Resolved,23
4003690,1031346,2031346,06-04-26,Premium Issue,Partner,06-08-26,Resolved,4
4003763,1031925,2031925,02-10-25,Premium Issue,Partner,2-14-2025,Resolved,4
4003789,1032167,2032167,09-04-25,Premium Issue,Partner,9-18-2025,Resolved,14
4003895,1033127,2033127,5-23-2026,Premium Issue,Partner,5-24-2026,Resolved,1
4003957,1033540,2033540,4-26-2024,Premium Issue,Partner,5-13-2024,Resolved,17
4004094,1034585,2034585,4-14-2025,Premium Issue,Partner,05-11-25,Resolved,27
4004099,1034627,2034627,9-20-2024,Premium Issue,Partner,10-20-2024,Resolved,30
4004126,1034897,2034897,6-26-2026,Premium Issue,Partner,7-17-2026,Resolved,21
4004144,1035035,2035035,12-20-2024,Premium Issue,Partner,1-15-2025,Resolved,26
4004155,1035175,2035175,08-08-26,Premium Issue,Partner,8-30-2026,Resolved,22
4004168,1035309,2035309,7-24-2025,Premium Issue,Partner,8-14-2025,Resolved,21
4004181,1035402,2035402,08-12-25,Premium Issue,Partner,09-09-25,Resolved,28
4004205,1035626,2035626,11-21-2025,Premium Issue,Partner,12-08-25,Resolved,17
4004229,1035794,2035794,03-11-24,Premium Issue,Partner,3-31-2024,Resolved,20
4004235,1035852,2035852,07-11-25,Premium Issue,Partner,08-03-25,Resolved,23
4004245,1035925,2035925,3-13-2025,Premium Issue,Partner,04-02-25,Resolved,20
4004324,1036572,2036572,9-22-2024,Premium Issue,Partner,10-12-24,Resolved,20
4004490,1037820,2037820,4-23-2025,Premium Issue,Partner,4-28-2025,Resolved,5
4004499,1037913,2037913,11-22-2025,Premium Issue,Partner,12-17-2025,Resolved,25
4004505,1037963,2037963,04-11-26,Premium Issue,Partner,4-28-2026,Resolved,17
4004599,1038612,2038612,07-06-24,Premium Issue,Partner,07-10-24,Resolved,4
4004634,1038881,2038881,02-11-25,Premium Issue,Partner,03-12-25,Resolved,29
4004746,1039777,2039777,12-03-25,Premium Issue,Partner,12-25-2025,Resolved,22
4004755,1039848,2039848,12-29-2024,Premium Issue,Partner,1-26-2025,Resolved,28
4004792,1040193,2040193,7-21-2026,Premium Issue,Partner,08-11-26,Resolved,21
4004799,1040242,2040242,10-18-2024,Premium Issue,Partner,11-16-2024,Resolved,29
4004830,1040500,2040500,7-24-2024,Premium Issue,Partner,08-10-24,Resolved,17
4004847,1040688,2040688,1-24-2026,Premium Issue,Partner,2-18-2026,Resolved,25
4004870,1040879,2040879,10-03-25,Premium Issue,Partner,10-05-25,Resolved,2
4004908,1041191,2041191,2-16-2025,Premium Issue,Partner,3-18-2025,Resolved,30
4004911,1041211,2041211,06-12-24,Premium Issue,Partner,6-21-2024,Resolved,9
4004950,1041580,2041580,5-25-2026,Premium Issue,Partner,6-24-2026,Resolved,30
4004968,1041753,2041753,10-01-25,Premium Issue,Partner,10-19-2025,Resolved,18
4004969,1041757,2041757,09-04-24,Premium Issue,Partner,9-14-2024,Resolved,10
4005039,1042354,2042354,4-17-2024,Premium Issue,Partner,05-06-24,Resolved,19
4005051,1042476,2042476,06-12-25,Premium Issue,Partner,6-24-2025,Resolved,12
4005106,1042953,2042953,02-03-26,Premium Issue,Partner,03-03-26,Resolved,28
4005109,1042975,2042975,09-09-25,Premium Issue,Partner,10-06-25,Resolved,27
4005152,1043300,2043300,02-04-26,Premium Issue,Partner,03-02-26,Resolved,26
4005198,1043696,2043696,5-26-2025,Premium Issue,Partner,6-25-2025,Resolved,30
4005224,1043923,2043923,2-20-2026,Premium Issue,Partner,3-22-2026,Resolved,30
4005312,1044726,2044726,4-13-2026,Premium Issue,Partner,4-30-2026,Resolved,17
4005374,1045166,2045166,08-04-25,Premium Issue,Partner,8-14-2025,Resolved,10
4005423,1045643,2045643,5-26-2025,Premium Issue,Partner,6-17-2025,Resolved,22
4005500,1046276,2046276,05-10-24,Premium Issue,Partner,05-12-24,Resolved,2
4005524,1046464,2046464,4-21-2026,Premium Issue,Partner,05-07-26,Resolved,16
4005531,1046512,2046512,12-31-2025,Premium Issue,Partner,1-17-2026,Resolved,17
4005563,1046874,2046874,12-26-2024,Premium Issue,Partner,12-28-2024,Resolved,2
4005575,1046950,2046950,9-26-2025,Premium Issue,Partner,10-17-2025,Resolved,21
4005605,1047216,2047216,9-17-2025,Premium Issue,Partner,10-04-25,Resolved,17
4005670,1047894,2047894,3-27-2025,Premium Issue,Partner,04-05-25,Resolved,9
4005736,1048412,2048412,03-09-25,Premium Issue,Partner,3-25-2025,Resolved,16
4005737,1048413,2048413,10-08-24,Premium Issue,Partner,11-01-24,Resolved,24
4005766,1048631,2048631,06-10-25,Premium Issue,Partner,07-06-25,Resolved,26
4005810,1049110,2049110,1-15-2025,Premium Issue,Partner,1-18-2025,Resolved,3
4005922,1049931,2049931,07-02-26,Premium Issue,Partner,7-14-2026,Resolved,12
4005956,1050220,2050220,9-28-2025,Premium Issue,Partner,10-20-2025,Resolved,22
4006017,1050696,2050696,12-12-24,Premium Issue,Partner,12-23-2024,Resolved,11
4006045,1051050,2051050,11-13-2024,Premium Issue,Partner,11-19-2024,Resolved,6
4006088,1051490,2051490,7-20-2026,Premium Issue,Partner,7-22-2026,Resolved,2
4006117,1051747,2051747,10-24-2025,Premium Issue,Partner,11-12-25,Resolved,19
4006193,1052452,2052452,11-05-24,Premium Issue,Partner,11-21-2024,Resolved,16
4006213,1052647,2052647,08-03-24,Premium Issue,Partner,08-04-24,Resolved,1
4006220,1052732,2052732,9-17-2025,Premium Issue,Partner,10-08-25,Resolved,21
4006347,1053762,2053762,9-26-2024,Premium Issue,Partner,10-22-2024,Resolved,26
4006361,1053877,2053877,4-15-2026,Premium Issue,Partner,05-03-26,Resolved,18
4006365,1053909,2053909,09-02-26,Premium Issue,Partner,9-26-2026,Resolved,24
4006371,1053947,2053947,8-22-2025,Premium Issue,Partner,09-11-25,Resolved,20
4006441,1054484,2054484,11-30-2025,Premium Issue,Partner,12-16-2025,Resolved,16
4006502,1055001,2055001,1-14-2026,Premium Issue,Partner,02-06-26,Resolved,23
4006565,1055496,2055496,12-17-2025,Premium Issue,Partner,01-09-26,Resolved,23
4006598,1055785,2055785,09-01-24,Premium Issue,Partner,9-15-2024,Resolved,14
4006672,1056362,2056362,12-16-2025,Premium Issue,Partner,12-22-2025,Resolved,6
4006677,1056430,2056430,3-24-2026,Premium Issue,Partner,04-11-26,Resolved,18
4006767,1057088,2057088,2-25-2025,Premium Issue,Partner,03-12-25,Resolved,15
4006805,1057342,2057342,01-05-26,Premium Issue,Partner,1-25-2026,Resolved,20
4006890,1057964,2057964,10-09-26,Premium Issue,Partner,11-06-26,Resolved,28
4006974,1058629,2058629,01-07-25,Premium Issue,Partner,1-22-2025,Resolved,15
4006980,1058666,2058666,01-03-25,Premium Issue,Partner,1-25-2025,Resolved,22
4006995,1058803,2058803,11-09-25,Premium Issue,Partner,11-23-2025,Resolved,14
4007008,1058948,2058948,8-29-2024,Premium Issue,Partner,9-24-2024,Resolved,26
4007026,1059116,2059116,7-26-2025,Premium Issue,Partner,8-14-2025,Resolved,19
4007046,1059245,2059245,04-08-26,Premium Issue,Partner,4-25-2026,Resolved,17
4007061,1059351,2059351,10-28-2024,Premium Issue,Partner,11-21-2024,Resolved,24
4007166,1060142,2060142,01-04-25,Premium Issue,Partner,01-08-25,Resolved,4
4007200,1060415,2060415,04-08-26,Premium Issue,Partner,4-14-2026,Resolved,6
4007213,1060510,2060510,06-09-26,Premium Issue,Partner,06-10-26,Resolved,1
4007233,1060635,2060635,10-03-24,Premium Issue,Partner,10-13-2024,Resolved,10
4007277,1060997,2060997,1-16-2025,Premium Issue,Partner,02-06-25,Resolved,21
4007297,1061134,2061134,5-18-2026,Premium Issue,Partner,5-29-2026,Resolved,11
4007407,1062036,2062036,05-05-26,Premium Issue,Partner,5-23-2026,Resolved,18
4007408,1062055,2062055,1-20-2025,Premium Issue,Partner,02-04-25,Resolved,15
4007413,1062096,2062096,11-10-26,Premium Issue,Partner,11-13-2026,Resolved,3
4007435,1062274,2062274,11-27-2025,Premium Issue,Partner,12-21-2025,Resolved,24
4007497,1062826,2062826,03-11-25,Premium Issue,Partner,3-28-2025,Resolved,17
4007530,1063141,2063141,11-30-2025,Premium Issue,Partner,12-06-25,Resolved,6
4007548,1063364,2063364,7-29-2026,Premium Issue,Partner,8-13-2026,Resolved,15
4007596,1063700,2063700,7-24-2025,Premium Issue,Partner,7-28-2025,Resolved,4
4007695,1064491,2064491,02-12-26,Premium Issue,Partner,03-07-26,Resolved,23
4007726,1064736,2064736,3-28-2025,Premium Issue,Partner,04-05-25,Resolved,8
4007764,1065037,2065037,12-20-2025,Premium Issue,Partner,12-26-2025,Resolved,6
4007840,1065622,2065622,6-16-2026,Premium Issue,Partner,6-19-2026,Resolved,3
4007878,1065967,2065967,08-10-25,Premium Issue,Partner,8-23-2025,Resolved,13
4007909,1066231,2066231,10-20-2024,Premium Issue,Partner,10-24-2024,Resolved,4
4007938,1066432,2066432,6-21-2025,Premium Issue,Partner,6-27-2025,Resolved,6
4008041,1067288,2067288,11-15-2026,Premium Issue,Partner,11-17-2026,Resolved,2
4008044,1067306,2067306,05-09-26,Premium Issue,Partner,5-26-2026,Resolved,17
4008046,1067318,2067318,10-09-24,Premium Issue,Partner,10-10-24,Resolved,1
4008093,1067740,2067740,02-06-26,Premium Issue,Partner,02-07-26,Resolved,1
4008135,1068107,2068107,12-13-2024,Premium Issue,Partner,01-05-25,Resolved,23
4008161,1068278,2068278,8-15-2026,Premium Issue,Partner,09-12-26,Resolved,28
4008165,1068321,2068321,11-09-25,Premium Issue,Partner,12-02-25,Resolved,23
4008178,1068406,2068406,3-21-2026,Premium Issue,Partner,04-03-26,Resolved,13
4008227,1068860,2068860,11-13-2024,Premium Issue,Partner,11-29-2024,Resolved,16
4008232,1068923,2068923,9-24-2025,Premium Issue,Partner,10-14-2025,Resolved,20
4008252,1069118,2069118,12-15-2024,Premium Issue,Partner,01-07-25,Resolved,23
4008253,1069123,2069123,5-27-2025,Premium Issue,Partner,06-08-25,Resolved,12
4008278,1069294,2069294,7-31-2025,Premium Issue,Partner,08-06-25,Resolved,6
4008323,1069662,2069662,12-27-2025,Premium Issue,Partner,1-15-2026,Resolved,19
4008432,1070663,2070663,6-14-2026,Premium Issue,Partner,7-14-2026,Resolved,30
4008492,1071198,2071198,7-27-2025,Premium Issue,Partner,8-18-2025,Resolved,22
4008554,1071800,2071800,05-10-26,Premium Issue,Partner,5-16-2026,Resolved,6
4008575,1072024,2072024,11-21-2024,Premium Issue,Partner,12-10-24,Resolved,19
4008581,1072056,2072056,06-12-24,Premium Issue,Partner,6-22-2024,Resolved,10
4008610,1072247,2072247,5-23-2025,Premium Issue,Partner,06-06-25,Resolved,14
4008680,1072901,2072901,2-14-2025,Premium Issue,Partner,03-08-25,Resolved,22
4008687,1072994,2072994,2-27-2025,Premium Issue,Partner,3-22-2025,Resolved,23
4008720,1073249,2073249,9-27-2025,Premium Issue,Partner,10-15-2025,Resolved,18
4008796,1073848,2073848,3-18-2026,Premium Issue,Partner,04-12-26,Resolved,25
4008891,1074731,2074731,5-21-2025,Premium Issue,Partner,6-16-2025,Resolved,26
4008901,1074817,2074817,11-07-25,Premium Issue,Partner,12-07-25,Resolved,30
4008903,1074830,2074830,8-19-2025,Premium Issue,Partner,9-15-2025,Resolved,27
4008910,1074900,2074900,09-02-26,Premium Issue,Partner,09-05-26,Resolved,3
4008958,1075294,2075294,08-09-26,Premium Issue,Partner,8-29-2026,Resolved,20
4009077,1076143,2076143,08-03-26,Premium Issue,Partner,8-29-2026,Resolved,26
4009097,1076285,2076285,4-21-2025,Premium Issue,Partner,5-17-2025,Resolved,26
4009105,1076356,2076356,04-12-25,Premium Issue,Partner,4-29-2025,Resolved,17
4009155,1076757,2076757,10-09-25,Premium Issue,Partner,11-08-25,Resolved,30
4009163,1076802,2076802,1-20-2025,Premium Issue,Partner,02-09-25,Resolved,20
4009286,1077927,2077927,12-15-2025,Premium Issue,Partner,12-30-2025,Resolved,15
4009310,1078119,2078119,08-04-25,Premium Issue,Partner,8-31-2025,Resolved,27
4009354,1078488,2078488,8-30-2024,Premium Issue,Partner,9-23-2024,Resolved,24
4009377,1078716,2078716,01-04-26,Premium Issue,Partner,1-16-2026,Resolved,12
4009451,1079294,2079294,3-16-2026,Premium Issue,Partner,3-20-2026,Resolved,4
4009452,1079299,2079299,9-18-2025,Premium Issue,Partner,9-23-2025,Resolved,5
4009593,1080415,2080415,10-27-2025,Premium Issue,Partner,11-06-25,Resolved,10
4009604,1080465,2080465,04-01-25,Premium Issue,Partner,04-12-25,Resolved,11
4009618,1080605,2080605,01-01-26,Premium Issue,Partner,01-03-26,Resolved,2
4009623,1080632,2080632,06-04-25,Premium Issue,Partner,07-02-25,Resolved,28
4009691,1081126,2081126,9-14-2025,Premium Issue,Partner,10-05-25,Resolved,21
4009703,1081246,2081246,7-24-2025,Premium Issue,Partner,8-19-2025,Resolved,26
4009708,1081291,2081291,10-18-2024,Premium Issue,Partner,11-03-24,Resolved,16
4009760,1081656,2081656,5-25-2025,Premium Issue,Partner,5-28-2025,Resolved,3
4009773,1081788,2081788,9-17-2025,Premium Issue,Partner,9-25-2025,Resolved,8
4009784,1081840,2081840,6-28-2026,Premium Issue,Partner,6-29-2026,Resolved,1
4009809,1082070,2082070,08-03-24,Premium Issue,Partner,08-10-24,Resolved,7
4009952,1083258,2083258,02-04-25,Premium Issue,Partner,2-15-2025,Resolved,11
4009955,1083283,2083283,1-31-2025,Premium Issue,Partner,2-26-2025,Resolved,26
4009984,1083540,2083540,03-06-25,Premium Issue,Partner,3-13-2025,Resolved,7
4010040,1083978,2083978,8-18-2024,Premium Issue,Partner,9-16-2024,Resolved,29
4010060,1084166,2084166,7-27-2025,Premium Issue,Partner,08-03-25,Resolved,7
4010142,1084868,2084868,12-31-2024,Premium Issue,Partner,1-27-2025,Resolved,27
4010151,1084962,2084962,12-03-25,Premium Issue,Partner,01-01-26,Resolved,29
4010190,1085274,2085274,1-16-2025,Premium Issue,Partner,02-09-25,Resolved,24
4010222,1085560,2085560,02-03-25,Premium Issue,Partner,2-25-2025,Resolved,22
4010234,1085683,2085683,10-07-26,Premium Issue,Partner,10-25-2026,Resolved,18
4010271,1086058,2086058,01-06-26,Premium Issue,Partner,1-24-2026,Resolved,18
4010310,1086364,2086364,12-04-24,Premium Issue,Partner,12-16-2024,Resolved,12
4010398,1087203,2087203,07-02-25,Premium Issue,Partner,7-26-2025,Resolved,24
4010459,1087636,2087636,3-16-2025,Premium Issue,Partner,3-23-2025,Resolved,7
4010463,1087670,2087670,12-31-2024,Premium Issue,Partner,1-15-2025,Resolved,15
4010550,1088330,2088330,04-11-26,Premium Issue,Partner,05-01-26,Resolved,20
4010701,1089496,2089496,12-13-2024,Premium Issue,Partner,12-30-2024,Resolved,17
4010755,1090005,2090005,1-27-2024,Premium Issue,Partner,2-24-2024,Resolved,28
4010832,1090616,2090616,8-17-2025,Premium Issue,Partner,8-23-2025,Resolved,6
4010891,1091045,2091045,11-24-2024,Premium Issue,Partner,11-28-2024,Resolved,4
4011002,1092025,2092025,6-24-2025,Premium Issue,Partner,6-30-2025,Resolved,6
4011103,1092797,2092797,1-30-2026,Premium Issue,Partner,02-08-26,Resolved,9
4011158,1093279,2093279,05-11-25,Premium Issue,Partner,06-06-25,Resolved,26
4011161,1093311,2093311,01-05-25,Premium Issue,Partner,1-21-2025,Resolved,16
4011209,1093716,2093716,07-03-24,Premium Issue,Partner,07-10-24,Resolved,7
4011239,1093920,2093920,4-29-2024,Premium Issue,Partner,05-08-24,Resolved,9
4011243,1093955,2093955,12-19-2024,Premium Issue,Partner,01-06-25,Resolved,18
4011265,1094123,2094123,4-23-2025,Premium Issue,Partner,05-01-25,Resolved,8
4011319,1094644,2094644,04-07-25,Premium Issue,Partner,05-02-25,Resolved,25
4011350,1094880,2094880,5-18-2025,Premium Issue,Partner,06-06-25,Resolved,19
4011357,1094961,2094961,11-20-2024,Premium Issue,Partner,12-16-2024,Resolved,26
4011377,1095152,2095152,8-25-2025,Premium Issue,Partner,9-20-2025,Resolved,26
4011399,1095406,2095406,8-15-2024,Premium Issue,Partner,8-16-2024,Resolved,1
4011447,1095812,2095812,6-18-2026,Premium Issue,Partner,07-12-26,Resolved,24
4011472,1096086,2096086,1-29-2025,Premium Issue,Partner,2-16-2025,Resolved,18
4011478,1096119,2096119,3-15-2025,Premium Issue,Partner,04-06-25,Resolved,22
4011524,1096517,2096517,5-21-2025,Premium Issue,Partner,5-31-2025,Resolved,10
4011603,1097273,2097273,8-30-2026,Premium Issue,Partner,8-31-2026,Resolved,1
4011612,1097343,2097343,2-17-2025,Premium Issue,Partner,3-19-2025,Resolved,30
4011623,1097467,2097467,12-27-2025,Premium Issue,Partner,12-29-2025,Resolved,2
4011635,1097540,2097540,7-27-2025,Premium Issue,Partner,8-14-2025,Resolved,18
4011818,1098962,2098962,12-18-2024,Premium Issue,Partner,01-10-25,Resolved,23
4011828,1099040,2099040,6-20-2026,Premium Issue,Partner,6-21-2026,Resolved,1
4011858,1099273,2099273,01-02-26,Premium Issue,Partner,01-07-26,Resolved,5
4011860,1099280,2099280,06-09-26,Premium Issue,Partner,6-13-2026,Resolved,4
4011893,1099495,2099495,01-12-26,Premium Issue,Partner,02-02-26,Resolved,21
4011921,1099751,2099751,06-01-25,Premium Issue,Partner,6-15-2025,Resolved,14
4000039,1000364,2000364,09-03-25,Claim Delay,Partner,9-20-2025,Resolved,17
4000049,1000422,2000422,12-26-2024,Claim Delay,Partner,01-12-25,Resolved,17
4000131,1001185,2001185,5-21-2025,Claim Delay,Partner,06-11-25,Resolved,21
4000145,1001295,2001295,02-07-25,Claim Delay,Partner,03-01-25,Resolved,22
4000152,1001374,2001374,04-02-25,Claim Delay,Partner,04-10-25,Resolved,8
4000179,1001612,2001612,1-13-2026,Claim Delay,Partner,02-10-26,Resolved,28
4000187,1001686,2001686,3-24-2025,Claim Delay,Partner,04-08-25,Resolved,15
4000313,1002852,2002852,7-23-2024,Claim Delay,Partner,08-01-24,Resolved,9
4000356,1003177,2003177,08-05-26,Claim Delay,Partner,8-22-2026,Resolved,17
4000405,1003590,2003590,6-27-2024,Claim Delay,Partner,7-27-2024,Resolved,30
4000419,1003743,2003743,02-01-26,Claim Delay,Partner,2-19-2026,Resolved,18
4000558,1004897,2004897,09-05-26,Claim Delay,Partner,9-13-2026,Resolved,8
4000572,1005044,2005044,04-03-25,Claim Delay,Partner,4-13-2025,Resolved,10
4000588,1005198,2005198,10-30-2025,Claim Delay,Partner,11-18-2025,Resolved,19
4000614,1005381,2005381,6-20-2025,Claim Delay,Partner,6-22-2025,Resolved,2
4000617,1005405,2005405,1-31-2025,Claim Delay,Partner,2-28-2025,Resolved,28
4000676,1005913,2005913,6-25-2025,Claim Delay,Partner,7-20-2025,Resolved,25
4000688,1005983,2005983,9-22-2025,Claim Delay,Partner,9-26-2025,Resolved,4
4000723,1006260,2006260,11-22-2025,Claim Delay,Partner,12-06-25,Resolved,14
4000748,1006532,2006532,4-18-2024,Claim Delay,Partner,5-15-2024,Resolved,27
4000792,1006943,2006943,1-22-2025,Claim Delay,Partner,2-20-2025,Resolved,29
4000802,1007058,2007058,07-12-25,Claim Delay,Partner,7-29-2025,Resolved,17
4000834,1007323,2007323,01-04-25,Claim Delay,Partner,01-11-25,Resolved,7
4000894,1007782,2007782,9-19-2024,Claim Delay,Partner,10-07-24,Resolved,18
4000973,1008313,2008313,9-14-2026,Claim Delay,Partner,10-14-2026,Resolved,30
4000992,1008472,2008472,6-14-2024,Claim Delay,Partner,6-26-2024,Resolved,12
4001013,1008711,2008711,11-12-25,Claim Delay,Partner,11-30-2025,Resolved,18
4001014,1008712,2008712,1-14-2026,Claim Delay,Partner,1-19-2026,Resolved,5
4001071,1009163,2009163,4-26-2025,Claim Delay,Partner,05-03-25,Resolved,7
4001087,1009283,2009283,08-09-24,Claim Delay,Partner,8-27-2024,Resolved,18
4001298,1011085,2011085,1-16-2026,Claim Delay,Partner,02-06-26,Resolved,21
4001343,1011395,2011395,2-21-2026,Claim Delay,Partner,03-08-26,Resolved,15
4001357,1011539,2011539,11-30-2025,Claim Delay,Partner,12-06-25,Resolved,6
4001391,1011854,2011854,06-05-24,Claim Delay,Partner,6-23-2024,Resolved,18
4001415,1012067,2012067,02-09-26,Claim Delay,Partner,2-28-2026,Resolved,19
4001431,1012231,2012231,11-30-2025,Claim Delay,Partner,12-21-2025,Resolved,21
4001556,1013276,2013276,7-21-2025,Claim Delay,Partner,8-15-2025,Resolved,25
4001613,1013706,2013706,5-21-2026,Claim Delay,Partner,5-26-2026,Resolved,5
4001667,1014078,2014078,11-14-2025,Claim Delay,Partner,12-12-25,Resolved,28
4001679,1014227,2014227,10-30-2025,Claim Delay,Partner,11-02-25,Resolved,3
4001738,1014736,2014736,11-09-25,Claim Delay,Partner,11-30-2025,Resolved,21
4001752,1014854,2014854,03-07-25,Claim Delay,Partner,3-24-2025,Resolved,17
4001757,1014880,2014880,6-28-2025,Claim Delay,Partner,7-26-2025,Resolved,28
4001799,1015277,2015277,6-14-2024,Claim Delay,Partner,6-26-2024,Resolved,12
4001827,1015501,2015501,10-30-2024,Claim Delay,Partner,11-16-2024,Resolved,17
4001838,1015569,2015569,11-27-2024,Claim Delay,Partner,12-04-24,Resolved,7
4001869,1015938,2015938,4-24-2026,Claim Delay,Partner,05-12-26,Resolved,18
4001932,1016387,2016387,06-10-24,Claim Delay,Partner,6-20-2024,Resolved,10
4001981,1016725,2016725,10-15-2025,Claim Delay,Partner,10-20-2025,Resolved,5
4002051,1017326,2017326,12-03-24,Claim Delay,Partner,12-07-24,Resolved,4
4002097,1017760,2017760,10-01-25,Claim Delay,Partner,10-27-2025,Resolved,26
4002126,1017963,2017963,6-18-2024,Claim Delay,Partner,6-29-2024,Resolved,11
4002144,1018161,2018161,08-01-26,Claim Delay,Partner,08-04-26,Resolved,3
4002178,1018452,2018452,2-14-2026,Claim Delay,Partner,2-16-2026,Resolved,2
4002191,1018584,2018584,12-13-2024,Claim Delay,Partner,01-12-25,Resolved,30
4002249,1019180,2019180,3-23-2026,Claim Delay,Partner,04-07-26,Resolved,15
4002299,1019634,2019634,7-20-2024,Claim Delay,Partner,08-12-24,Resolved,23
4002312,1019757,2019757,12-20-2025,Claim Delay,Partner,01-02-26,Resolved,13
4002377,1020175,2020175,10-28-2026,Claim Delay,Partner,11-10-26,Resolved,13
4002409,1020414,2020414,09-06-25,Claim Delay,Partner,9-21-2025,Resolved,15
4002572,1021801,2021801,8-16-2025,Claim Delay,Partner,8-25-2025,Resolved,9
4002605,1022108,2022108,06-06-25,Claim Delay,Partner,6-17-2025,Resolved,11
4002612,1022195,2022195,5-31-2025,Claim Delay,Partner,6-27-2025,Resolved,27
4002673,1022709,2022709,6-28-2024,Claim Delay,Partner,07-07-24,Resolved,9
4002684,1022771,2022771,05-05-25,Claim Delay,Partner,5-25-2025,Resolved,20
4002703,1022892,2022892,9-26-2025,Claim Delay,Partner,10-06-25,Resolved,10
4002752,1023280,2023280,11-18-2024,Claim Delay,Partner,11-29-2024,Resolved,11
4002762,1023350,2023350,9-20-2025,Claim Delay,Partner,10-06-25,Resolved,16
4002826,1023805,2023805,10-11-24,Claim Delay,Partner,11-06-24,Resolved,26
4002831,1023841,2023841,10-04-25,Claim Delay,Partner,10-29-2025,Resolved,25
4002845,1023945,2023945,11-18-2024,Claim Delay,Partner,11-25-2024,Resolved,7
4002910,1024511,2024511,5-26-2025,Claim Delay,Partner,06-10-25,Resolved,15
4002958,1024938,2024938,1-29-2026,Claim Delay,Partner,2-24-2026,Resolved,26
4002969,1025048,2025048,04-04-25,Claim Delay,Partner,05-01-25,Resolved,27
4003026,1025430,2025430,4-16-2026,Claim Delay,Partner,4-27-2026,Resolved,11
4003184,1026806,2026806,11-14-2024,Claim Delay,Partner,11-29-2024,Resolved,15
4003206,1027029,2027029,04-03-25,Claim Delay,Partner,04-12-25,Resolved,9
4003240,1027303,2027303,06-12-25,Claim Delay,Partner,6-30-2025,Resolved,18
4003265,1027488,2027488,7-17-2025,Claim Delay,Partner,7-31-2025,Resolved,14
4003277,1027601,2027601,09-04-24,Claim Delay,Partner,09-07-24,Resolved,3
4003285,1027647,2027647,01-06-25,Claim Delay,Partner,1-14-2025,Resolved,8
4003340,1028066,2028066,1-26-2026,Claim Delay,Partner,2-16-2026,Resolved,21
4003347,1028145,2028145,02-07-25,Claim Delay,Partner,03-04-25,Resolved,25
4003354,1028189,2028189,02-06-26,Claim Delay,Partner,2-13-2026,Resolved,7
4003415,1028759,2028759,7-29-2026,Claim Delay,Partner,8-28-2026,Resolved,30
4003482,1029382,2029382,10-20-2025,Claim Delay,Partner,10-28-2025,Resolved,8
4003527,1029875,2029875,5-24-2026,Claim Delay,Partner,06-09-26,Resolved,16
4003528,1029882,2029882,02-01-26,Claim Delay,Partner,02-04-26,Resolved,3
4003537,1029927,2029927,2-13-2026,Claim Delay,Partner,03-08-26,Resolved,23
4003548,1030051,2030051,02-05-26,Claim Delay,Partner,02-09-26,Resolved,4
4003571,1030300,2030300,10-05-24,Claim Delay,Partner,10-27-2024,Resolved,22
4003582,1030378,2030378,5-29-2025,Claim Delay,Partner,06-06-25,Resolved,8
4003765,1031964,2031964,04-03-25,Claim Delay,Partner,4-18-2025,Resolved,15
4003771,1032028,2032028,10-27-2024,Claim Delay,Partner,11-13-2024,Resolved,17
4003785,1032148,2032148,03-11-25,Claim Delay,Partner,3-30-2025,Resolved,19
4003802,1032322,2032322,02-12-25,Claim Delay,Partner,2-20-2025,Resolved,8
4003835,1032571,2032571,08-09-24,Claim Delay,Partner,09-02-24,Resolved,24
4003836,1032572,2032572,1-18-2025,Claim Delay,Partner,1-23-2025,Resolved,5
4003907,1033237,2033237,03-02-25,Claim Delay,Partner,03-10-25,Resolved,8
4003908,1033238,2033238,06-04-26,Claim Delay,Partner,06-06-26,Resolved,2
4003922,1033320,2033320,04-01-24,Claim Delay,Partner,04-07-24,Resolved,6
4003923,1033323,2033323,11-03-25,Claim Delay,Partner,11-14-2025,Resolved,11
4003959,1033553,2033553,5-16-2024,Claim Delay,Partner,5-27-2024,Resolved,11
4004033,1034166,2034166,10-24-2025,Claim Delay,Partner,11-05-25,Resolved,12
4004036,1034170,2034170,8-30-2024,Claim Delay,Partner,9-16-2024,Resolved,17
4004061,1034342,2034342,3-20-2025,Claim Delay,Partner,4-18-2025,Resolved,29
4004103,1034693,2034693,02-07-25,Claim Delay,Partner,03-01-25,Resolved,22
4004114,1034821,2034821,8-21-2024,Claim Delay,Partner,09-04-24,Resolved,14
4004129,1034937,2034937,11-21-2024,Claim Delay,Partner,12-14-2024,Resolved,23
4004192,1035498,2035498,9-22-2024,Claim Delay,Partner,9-26-2024,Resolved,4
4004369,1036910,2036910,11-28-2024,Claim Delay,Partner,12-17-2024,Resolved,19
4004391,1037091,2037091,1-24-2026,Claim Delay,Partner,02-01-26,Resolved,8
4004422,1037368,2037368,6-20-2026,Claim Delay,Partner,6-30-2026,Resolved,10
4004560,1038315,2038315,1-17-2026,Claim Delay,Partner,2-16-2026,Resolved,30
4004581,1038459,2038459,1-23-2026,Claim Delay,Partner,02-11-26,Resolved,19
4004594,1038567,2038567,7-31-2026,Claim Delay,Partner,08-01-26,Resolved,1
4004610,1038690,2038690,02-12-24,Claim Delay,Partner,2-17-2024,Resolved,5
4004684,1039304,2039304,1-16-2025,Claim Delay,Partner,02-04-25,Resolved,19
4004689,1039342,2039342,3-19-2025,Claim Delay,Partner,4-13-2025,Resolved,25
4004699,1039435,2039435,2-16-2026,Claim Delay,Partner,2-26-2026,Resolved,10
4004770,1040003,2040003,2-17-2025,Claim Delay,Partner,2-21-2025,Resolved,4
4004813,1040376,2040376,10-08-24,Claim Delay,Partner,10-13-2024,Resolved,5
4004833,1040547,2040547,10-03-25,Claim Delay,Partner,10-04-25,Resolved,1
4004961,1041688,2041688,7-18-2025,Claim Delay,Partner,8-15-2025,Resolved,28
4004966,1041741,2041741,4-16-2025,Claim Delay,Partner,5-15-2025,Resolved,29
4005036,1042342,2042342,12-10-25,Claim Delay,Partner,01-09-26,Resolved,30
4005038,1042344,2042344,1-14-2025,Claim Delay,Partner,02-02-25,Resolved,19
4005072,1042653,2042653,1-19-2025,Claim Delay,Partner,02-09-25,Resolved,21
4005090,1042818,2042818,9-24-2025,Claim Delay,Partner,9-27-2025,Resolved,3
4005341,1044904,2044904,9-27-2026,Claim Delay,Partner,10-10-26,Resolved,13
4005369,1045151,2045151,11-20-2025,Claim Delay,Partner,12-03-25,Resolved,13
4005378,1045255,2045255,12-09-24,Claim Delay,Partner,12-12-24,Resolved,3
4005397,1045419,2045419,06-09-24,Claim Delay,Partner,6-29-2024,Resolved,20
4005403,1045463,2045463,07-08-25,Claim Delay,Partner,7-24-2025,Resolved,16
4005425,1045654,2045654,8-18-2025,Claim Delay,Partner,09-11-25,Resolved,24
4005450,1045861,2045861,3-20-2025,Claim Delay,Partner,3-26-2025,Resolved,6
4005506,1046319,2046319,09-08-25,Claim Delay,Partner,9-17-2025,Resolved,9
4005541,1046592,2046592,2-28-2026,Claim Delay,Partner,03-10-26,Resolved,10
4005599,1047170,2047170,09-03-24,Claim Delay,Partner,09-06-24,Resolved,3
4005688,1048009,2048009,6-14-2026,Claim Delay,Partner,07-09-26,Resolved,25
4005700,1048137,2048137,8-14-2024,Claim Delay,Partner,8-15-2024,Resolved,1
4005771,1048697,2048697,6-26-2024,Claim Delay,Partner,7-24-2024,Resolved,28
4005774,1048726,2048726,03-03-25,Claim Delay,Partner,3-28-2025,Resolved,25
4005790,1048871,2048871,11-03-24,Claim Delay,Partner,11-29-2024,Resolved,26
4005793,1048932,2048932,3-29-2024,Claim Delay,Partner,04-04-24,Resolved,6
4005863,1049501,2049501,01-08-25,Claim Delay,Partner,01-12-25,Resolved,4
4005880,1049629,2049629,10-30-2025,Claim Delay,Partner,11-08-25,Resolved,9
4005890,1049661,2049661,9-18-2025,Claim Delay,Partner,9-29-2025,Resolved,11
4005993,1050491,2050491,08-07-25,Claim Delay,Partner,09-02-25,Resolved,26
4006009,1050595,2050595,7-20-2025,Claim Delay,Partner,7-29-2025,Resolved,9
4006042,1051002,2051002,10-06-25,Claim Delay,Partner,10-30-2025,Resolved,24
4006047,1051062,2051062,11-18-2024,Claim Delay,Partner,12-15-2024,Resolved,27
4006068,1051298,2051298,11-10-24,Claim Delay,Partner,12-03-24,Resolved,23
4006108,1051702,2051702,02-10-26,Claim Delay,Partner,03-04-26,Resolved,22
4006157,1052114,2052114,10-14-2024,Claim Delay,Partner,10-29-2024,Resolved,15
4006169,1052250,2052250,11-18-2025,Claim Delay,Partner,12-13-2025,Resolved,25
4006186,1052407,2052407,3-21-2026,Claim Delay,Partner,3-25-2026,Resolved,4
4006209,1052626,2052626,6-18-2026,Claim Delay,Partner,7-15-2026,Resolved,27
4006259,1053061,2053061,7-21-2025,Claim Delay,Partner,8-16-2025,Resolved,26
4006262,1053089,2053089,11-02-26,Claim Delay,Partner,11-17-2026,Resolved,15
4006386,1054051,2054051,3-29-2026,Claim Delay,Partner,4-28-2026,Resolved,30
4006399,1054165,2054165,8-24-2024,Claim Delay,Partner,8-29-2024,Resolved,5
4006443,1054491,2054491,10-13-2024,Claim Delay,Partner,11-12-24,Resolved,30
4006468,1054660,2054660,03-01-26,Claim Delay,Partner,3-15-2026,Resolved,14
4006524,1055182,2055182,10-30-2025,Claim Delay,Partner,11-29-2025,Resolved,30
4006636,1056027,2056027,08-05-26,Claim Delay,Partner,8-28-2026,Resolved,23
4006653,1056238,2056238,8-19-2024,Claim Delay,Partner,9-13-2024,Resolved,25
4006789,1057223,2057223,1-15-2025,Claim Delay,Partner,1-30-2025,Resolved,15
4006872,1057835,2057835,6-30-2025,Claim Delay,Partner,7-26-2025,Resolved,26
4006939,1058295,2058295,10-19-2025,Claim Delay,Partner,10-30-2025,Resolved,11
4007003,1058901,2058901,12-29-2025,Claim Delay,Partner,1-19-2026,Resolved,21
4007040,1059216,2059216,10-17-2024,Claim Delay,Partner,11-16-2024,Resolved,30
4007070,1059418,2059418,06-06-24,Claim Delay,Partner,06-09-24,Resolved,3
4007078,1059527,2059527,2-22-2025,Claim Delay,Partner,3-21-2025,Resolved,27
4007111,1059754,2059754,4-18-2025,Claim Delay,Partner,4-30-2025,Resolved,12
4007260,1060844,2060844,7-27-2024,Claim Delay,Partner,08-08-24,Resolved,12
4007264,1060870,2060870,3-30-2026,Claim Delay,Partner,04-01-26,Resolved,2
4007329,1061389,2061389,6-14-2026,Claim Delay,Partner,07-06-26,Resolved,22
4007482,1062680,2062680,7-15-2025,Claim Delay,Partner,7-30-2025,Resolved,15
4007550,1063368,2063368,10-25-2026,Claim Delay,Partner,11-09-26,Resolved,15
4007613,1063818,2063818,2-21-2026,Claim Delay,Partner,3-18-2026,Resolved,25
4007621,1063872,2063872,02-07-26,Claim Delay,Partner,2-20-2026,Resolved,13
4007729,1064748,2064748,10-02-24,Claim Delay,Partner,10-22-2024,Resolved,20
4007740,1064866,2064866,9-18-2025,Claim Delay,Partner,10-14-2025,Resolved,26
4007770,1065093,2065093,04-12-25,Claim Delay,Partner,05-08-25,Resolved,26
4007782,1065164,2065164,12-18-2025,Claim Delay,Partner,1-17-2026,Resolved,30
4007814,1065462,2065462,01-12-25,Claim Delay,Partner,1-19-2025,Resolved,7
4007829,1065559,2065559,1-28-2025,Claim Delay,Partner,02-08-25,Resolved,11
4007846,1065710,2065710,10-18-2025,Claim Delay,Partner,11-15-2025,Resolved,28
4007857,1065817,2065817,07-01-24,Claim Delay,Partner,07-06-24,Resolved,5
4007866,1065904,2065904,9-16-2025,Claim Delay,Partner,9-28-2025,Resolved,12
4007923,1066335,2066335,11-26-2025,Claim Delay,Partner,12-02-25,Resolved,6
4007929,1066388,2066388,2-22-2025,Claim Delay,Partner,3-20-2025,Resolved,26
4007956,1066555,2066555,08-03-26,Claim Delay,Partner,8-13-2026,Resolved,10
4007985,1066841,2066841,1-28-2026,Claim Delay,Partner,2-24-2026,Resolved,27
4008105,1067848,2067848,2-20-2025,Claim Delay,Partner,03-02-25,Resolved,10
4008133,1068089,2068089,03-12-25,Claim Delay,Partner,3-26-2025,Resolved,14
4008160,1068277,2068277,5-22-2026,Claim Delay,Partner,5-28-2026,Resolved,6
4008215,1068797,2068797,8-23-2026,Claim Delay,Partner,09-02-26,Resolved,10
4008249,1069084,2069084,3-15-2025,Claim Delay,Partner,3-20-2025,Resolved,5
4008305,1069520,2069520,1-16-2025,Claim Delay,Partner,1-21-2025,Resolved,5
4008306,1069525,2069525,6-18-2025,Claim Delay,Partner,07-08-25,Resolved,20
4008353,1069910,2069910,06-09-26,Claim Delay,Partner,07-09-26,Resolved,30
4008363,1069996,2069996,09-11-26,Claim Delay,Partner,9-25-2026,Resolved,14
4008376,1070146,2070146,02-06-26,Claim Delay,Partner,03-07-26,Resolved,29
4008405,1070433,2070433,8-19-2025,Claim Delay,Partner,09-11-25,Resolved,23
4008428,1070626,2070626,09-04-24,Claim Delay,Partner,9-16-2024,Resolved,12
4008443,1070737,2070737,03-02-26,Claim Delay,Partner,03-08-26,Resolved,6
4008462,1070915,2070915,11-16-2024,Claim Delay,Partner,11-25-2024,Resolved,9
4008482,1071100,2071100,12-30-2025,Claim Delay,Partner,01-08-26,Resolved,9
4008521,1071459,2071459,04-06-25,Claim Delay,Partner,4-24-2025,Resolved,18
4008546,1071696,2071696,6-30-2025,Claim Delay,Partner,7-18-2025,Resolved,18
4008617,1072329,2072329,2-26-2026,Claim Delay,Partner,03-04-26,Resolved,6
4008618,1072331,2072331,9-27-2025,Claim Delay,Partner,10-10-25,Resolved,13
4008778,1073703,2073703,07-04-25,Claim Delay,Partner,07-08-25,Resolved,4
4008823,1074127,2074127,04-08-25,Claim Delay,Partner,05-05-25,Resolved,27
4008862,1074397,2074397,9-22-2026,Claim Delay,Partner,10-08-26,Resolved,16
4008893,1074749,2074749,9-29-2024,Claim Delay,Partner,10-15-2024,Resolved,16
4008989,1075520,2075520,12-15-2025,Claim Delay,Partner,01-08-26,Resolved,24
4008990,1075522,2075522,9-13-2024,Claim Delay,Partner,9-18-2024,Resolved,5
4009025,1075761,2075761,12-07-24,Claim Delay,Partner,12-19-2024,Resolved,12
4009057,1076016,2076016,10-22-2026,Claim Delay,Partner,11-18-2026,Resolved,27
4009065,1076073,2076073,9-27-2025,Claim Delay,Partner,10-10-25,Resolved,13
4009171,1076850,2076850,1-17-2025,Claim Delay,Partner,02-08-25,Resolved,22
4009229,1077343,2077343,01-08-26,Claim Delay,Partner,1-18-2026,Resolved,10
4009381,1078766,2078766,05-06-24,Claim Delay,Partner,06-01-24,Resolved,26
4009401,1078943,2078943,1-16-2026,Claim Delay,Partner,02-09-26,Resolved,24
4009552,1080118,2080118,12-21-2025,Claim Delay,Partner,12-27-2025,Resolved,6
4009612,1080528,2080528,05-02-25,Claim Delay,Partner,5-16-2025,Resolved,14
4009617,1080603,2080603,01-07-25,Claim Delay,Partner,1-23-2025,Resolved,16
4009621,1080614,2080614,12-08-25,Claim Delay,Partner,12-09-25,Resolved,1
4009638,1080767,2080767,11-22-2024,Claim Delay,Partner,12-17-2024,Resolved,25
4009653,1080883,2080883,05-02-25,Claim Delay,Partner,5-24-2025,Resolved,22
4009672,1081005,2081005,10-28-2025,Claim Delay,Partner,11-10-25,Resolved,13
4009681,1081077,2081077,6-26-2024,Claim Delay,Partner,7-23-2024,Resolved,27
4009771,1081751,2081751,9-19-2024,Claim Delay,Partner,10-18-2024,Resolved,29
4009860,1082475,2082475,8-26-2025,Claim Delay,Partner,8-31-2025,Resolved,5
4009935,1083091,2083091,01-12-25,Claim Delay,Partner,1-29-2025,Resolved,17
4010024,1083838,2083838,4-27-2026,Claim Delay,Partner,05-10-26,Resolved,13
4010086,1084362,2084362,3-16-2025,Claim Delay,Partner,04-11-25,Resolved,26
4010122,1084684,2084684,10-22-2025,Claim Delay,Partner,10-30-2025,Resolved,8
4010168,1085115,2085115,2-22-2026,Claim Delay,Partner,03-02-26,Resolved,8
4010276,1086095,2086095,4-26-2025,Claim Delay,Partner,4-28-2025,Resolved,2
4010502,1087976,2087976,4-13-2024,Claim Delay,Partner,05-05-24,Resolved,22
4010503,1087977,2087977,3-14-2025,Claim Delay,Partner,04-07-25,Resolved,24
4010539,1088242,2088242,9-13-2025,Claim Delay,Partner,9-18-2025,Resolved,5
4010625,1088818,2088818,1-19-2025,Claim Delay,Partner,02-07-25,Resolved,19
4010688,1089383,2089383,11-29-2025,Claim Delay,Partner,12-28-2025,Resolved,29
4010716,1089649,2089649,5-18-2025,Claim Delay,Partner,6-16-2025,Resolved,29
4010794,1090304,2090304,3-19-2025,Claim Delay,Partner,3-23-2025,Resolved,4
4010846,1090739,2090739,08-10-26,Claim Delay,Partner,8-26-2026,Resolved,16
4010868,1090866,2090866,5-28-2024,Claim Delay,Partner,6-23-2024,Resolved,26
4011007,1092104,2092104,10-11-24,Claim Delay,Partner,10-21-2024,Resolved,10
4011080,1092593,2092593,11-23-2024,Claim Delay,Partner,11-28-2024,Resolved,5
4011112,1092889,2092889,10-04-24,Claim Delay,Partner,10-11-24,Resolved,7
4011114,1092902,2092902,03-09-25,Claim Delay,Partner,04-01-25,Resolved,23
4011126,1092985,2092985,4-18-2025,Claim Delay,Partner,4-23-2025,Resolved,5
4011134,1093064,2093064,06-10-25,Claim Delay,Partner,6-13-2025,Resolved,3
4011247,1093988,2093988,5-30-2025,Claim Delay,Partner,6-22-2025,Resolved,23
4011268,1094144,2094144,03-06-26,Claim Delay,Partner,3-24-2026,Resolved,18
4011425,1095614,2095614,12-13-2024,Claim Delay,Partner,12-19-2024,Resolved,6
4011495,1096253,2096253,06-12-24,Claim Delay,Partner,07-08-24,Resolved,26
4011571,1096929,2096929,6-28-2025,Claim Delay,Partner,07-10-25,Resolved,12
4011710,1098140,2098140,2-24-2026,Claim Delay,Partner,3-13-2026,Resolved,17
4011730,1098284,2098284,02-09-26,Claim Delay,Partner,03-02-26,Resolved,21
4011825,1099015,2099015,09-07-26,Claim Delay,Partner,9-15-2026,Resolved,8
4000061,1000570,2000570,07-12-25,Documentation,Partner,7-15-2025,Resolved,3
4000224,1002047,2002047,8-22-2026,Documentation,Partner,8-25-2026,Resolved,3
4000259,1002403,2002403,01-02-25,Documentation,Partner,01-11-25,Resolved,9
4000288,1002641,2002641,9-20-2024,Documentation,Partner,9-23-2024,Resolved,3
4000355,1003163,2003163,9-18-2025,Documentation,Partner,10-13-2025,Resolved,25
4000436,1003870,2003870,09-04-24,Documentation,Partner,9-27-2024,Resolved,23
4000496,1004355,2004355,6-18-2024,Documentation,Partner,07-05-24,Resolved,17
4000600,1005276,2005276,04-01-26,Documentation,Partner,4-28-2026,Resolved,27
4000622,1005469,2005469,10-28-2025,Documentation,Partner,10-31-2025,Resolved,3
4000674,1005909,2005909,8-27-2024,Documentation,Partner,09-09-24,Resolved,13
4000724,1006275,2006275,12-24-2024,Documentation,Partner,01-01-25,Resolved,8
4000737,1006443,2006443,06-11-25,Documentation,Partner,6-28-2025,Resolved,17
4000762,1006654,2006654,9-16-2026,Documentation,Partner,10-05-26,Resolved,19
4000779,1006808,2006808,3-17-2025,Documentation,Partner,04-01-25,Resolved,15
4000810,1007115,2007115,10-02-25,Documentation,Partner,10-30-2025,Resolved,28
4000815,1007138,2007138,12-07-24,Documentation,Partner,12-14-2024,Resolved,7
4000831,1007304,2007304,04-05-26,Documentation,Partner,04-08-26,Resolved,3
4000839,1007365,2007365,7-23-2026,Documentation,Partner,08-08-26,Resolved,16
4000869,1007604,2007604,08-05-26,Documentation,Partner,8-27-2026,Resolved,22
4000943,1008158,2008158,08-01-25,Documentation,Partner,08-10-25,Resolved,9
4001012,1008707,2008707,4-13-2026,Documentation,Partner,05-02-26,Resolved,19
4001063,1009066,2009066,6-18-2024,Documentation,Partner,07-12-24,Resolved,24
4001069,1009135,2009135,10-20-2025,Documentation,Partner,10-27-2025,Resolved,7
4001104,1009379,2009379,2-22-2026,Documentation,Partner,3-15-2026,Resolved,21
4001116,1009456,2009456,06-09-26,Documentation,Partner,6-17-2026,Resolved,8
4001210,1010353,2010353,6-18-2026,Documentation,Partner,6-26-2026,Resolved,8
4001244,1010628,2010628,9-17-2025,Documentation,Partner,10-04-25,Resolved,17
4001257,1010795,2010795,5-14-2025,Documentation,Partner,5-30-2025,Resolved,16
4001280,1010973,2010973,8-28-2025,Documentation,Partner,9-21-2025,Resolved,24
4001289,1011008,2011008,10-11-26,Documentation,Partner,11-02-26,Resolved,22
4001383,1011807,2011807,02-07-25,Documentation,Partner,2-22-2025,Resolved,15
4001406,1011955,2011955,10-13-2024,Documentation,Partner,11-03-24,Resolved,21
4001477,1012572,2012572,9-17-2025,Documentation,Partner,9-20-2025,Resolved,3
4001504,1012784,2012784,2-24-2025,Documentation,Partner,3-16-2025,Resolved,20
4001568,1013344,2013344,01-06-26,Documentation,Partner,1-24-2026,Resolved,18
4001578,1013430,2013430,06-05-25,Documentation,Partner,6-18-2025,Resolved,13
4001671,1014101,2014101,5-26-2024,Documentation,Partner,6-23-2024,Resolved,28
4001736,1014708,2014708,08-05-26,Documentation,Partner,08-12-26,Resolved,7
4001747,1014825,2014825,11-30-2024,Documentation,Partner,12-17-2024,Resolved,17
4001798,1015248,2015248,9-13-2024,Documentation,Partner,9-14-2024,Resolved,1
4001801,1015284,2015284,4-15-2026,Documentation,Partner,4-19-2026,Resolved,4
4001811,1015351,2015351,4-14-2025,Documentation,Partner,4-26-2025,Resolved,12
4001846,1015668,2015668,10-19-2024,Documentation,Partner,11-02-24,Resolved,14
4001952,1016513,2016513,08-02-25,Documentation,Partner,8-25-2025,Resolved,23
4002042,1017255,2017255,03-08-25,Documentation,Partner,3-27-2025,Resolved,19
4002093,1017697,2017697,5-29-2025,Documentation,Partner,5-31-2025,Resolved,2
4002133,1018032,2018032,1-19-2025,Documentation,Partner,2-14-2025,Resolved,26
4002274,1019393,2019393,07-11-25,Documentation,Partner,7-20-2025,Resolved,9
4002334,1019914,2019914,12-16-2024,Documentation,Partner,12-25-2024,Resolved,9
4002342,1019960,2019960,1-27-2026,Documentation,Partner,2-25-2026,Resolved,29
4002388,1020281,2020281,11-12-25,Documentation,Partner,11-23-2025,Resolved,11
4002538,1021495,2021495,09-08-25,Documentation,Partner,9-24-2025,Resolved,16
4002543,1021530,2021530,10-30-2026,Documentation,Partner,11-10-26,Resolved,11
4002549,1021560,2021560,12-15-2024,Documentation,Partner,01-04-25,Resolved,20
4002897,1024377,2024377,7-14-2024,Documentation,Partner,08-11-24,Resolved,28
4002962,1024994,2024994,7-26-2026,Documentation,Partner,08-05-26,Resolved,10
4002996,1025246,2025246,3-27-2025,Documentation,Partner,4-24-2025,Resolved,28
4003001,1025281,2025281,4-13-2025,Documentation,Partner,4-19-2025,Resolved,6
4003023,1025410,2025410,6-15-2025,Documentation,Partner,7-14-2025,Resolved,29
4003029,1025469,2025469,8-13-2024,Documentation,Partner,09-01-24,Resolved,19
4003031,1025475,2025475,4-18-2025,Documentation,Partner,05-09-25,Resolved,21
4003064,1025719,2025719,07-10-26,Documentation,Partner,7-25-2026,Resolved,15
4003075,1025813,2025813,5-18-2026,Documentation,Partner,6-15-2026,Resolved,28
4003101,1026028,2026028,1-21-2026,Documentation,Partner,1-25-2026,Resolved,4
4003115,1026103,2026103,11-14-2025,Documentation,Partner,11-25-2025,Resolved,11
4003126,1026201,2026201,8-28-2025,Documentation,Partner,9-26-2025,Resolved,29
4003233,1027244,2027244,10-14-2024,Documentation,Partner,10-29-2024,Resolved,15
4003255,1027439,2027439,2-19-2025,Documentation,Partner,2-22-2025,Resolved,3
4003269,1027515,2027515,8-25-2025,Documentation,Partner,9-16-2025,Resolved,22
4003290,1027669,2027669,7-30-2026,Documentation,Partner,8-24-2026,Resolved,25
4003319,1027946,2027946,12-15-2025,Documentation,Partner,01-02-26,Resolved,18
4003349,1028150,2028150,06-08-25,Documentation,Partner,07-01-25,Resolved,23
4003383,1028475,2028475,08-04-26,Documentation,Partner,8-30-2026,Resolved,26
4003431,1028903,2028903,3-20-2026,Documentation,Partner,4-14-2026,Resolved,25
4003434,1028922,2028922,9-14-2025,Documentation,Partner,9-29-2025,Resolved,15
4003445,1028998,2028998,08-05-25,Documentation,Partner,08-07-25,Resolved,2
4003495,1029547,2029547,11-16-2026,Documentation,Partner,12-11-26,Resolved,25
4003520,1029758,2029758,9-30-2024,Documentation,Partner,10-10-24,Resolved,10
4003539,1029941,2029941,11-21-2025,Documentation,Partner,12-04-25,Resolved,13
4003632,1030843,2030843,5-20-2026,Documentation,Partner,5-29-2026,Resolved,9
4003633,1030849,2030849,12-21-2024,Documentation,Partner,1-19-2025,Resolved,29
4003706,1031460,2031460,08-06-25,Documentation,Partner,8-25-2025,Resolved,19
4003724,1031597,2031597,12-03-24,Documentation,Partner,12-13-2024,Resolved,10
4003727,1031609,2031609,11-06-24,Documentation,Partner,11-30-2024,Resolved,24
4003779,1032107,2032107,06-03-26,Documentation,Partner,06-12-26,Resolved,9
4003799,1032266,2032266,07-04-25,Documentation,Partner,7-30-2025,Resolved,26
4003910,1033244,2033244,3-15-2025,Documentation,Partner,04-11-25,Resolved,27
4003964,1033584,2033584,2-22-2025,Documentation,Partner,03-06-25,Resolved,12
4004014,1034026,2034026,4-28-2024,Documentation,Partner,05-07-24,Resolved,9
4004037,1034178,2034178,1-25-2025,Documentation,Partner,2-18-2025,Resolved,24
4004086,1034520,2034520,11-23-2025,Documentation,Partner,12-08-25,Resolved,15
4004098,1034613,2034613,12-15-2024,Documentation,Partner,12-24-2024,Resolved,9
4004165,1035277,2035277,3-25-2026,Documentation,Partner,4-21-2026,Resolved,27
4004169,1035312,2035312,04-03-25,Documentation,Partner,4-13-2025,Resolved,10
4004187,1035446,2035446,3-18-2026,Documentation,Partner,04-07-26,Resolved,20
4004252,1035967,2035967,8-26-2024,Documentation,Partner,9-15-2024,Resolved,20
4004336,1036650,2036650,02-05-26,Documentation,Partner,03-03-26,Resolved,26
4004349,1036759,2036759,12-24-2024,Documentation,Partner,01-02-25,Resolved,9
4004395,1037152,2037152,12-17-2024,Documentation,Partner,01-11-25,Resolved,25
4004396,1037159,2037159,3-20-2025,Documentation,Partner,04-09-25,Resolved,20
4004409,1037272,2037272,02-07-26,Documentation,Partner,2-21-2026,Resolved,14
4004521,1038079,2038079,7-26-2024,Documentation,Partner,08-07-24,Resolved,12
4004614,1038703,2038703,04-01-24,Documentation,Partner,04-02-24,Resolved,1
4004620,1038769,2038769,6-27-2025,Documentation,Partner,6-28-2025,Resolved,1
4004646,1038988,2038988,10-19-2025,Documentation,Partner,11-06-25,Resolved,18
4004656,1039065,2039065,09-05-25,Documentation,Partner,9-21-2025,Resolved,16
4004663,1039125,2039125,12-25-2025,Documentation,Partner,1-16-2026,Resolved,22
4004682,1039267,2039267,9-27-2026,Documentation,Partner,9-29-2026,Resolved,2
4004771,1040004,2040004,4-19-2024,Documentation,Partner,05-06-24,Resolved,17
4004816,1040398,2040398,11-09-25,Documentation,Partner,11-20-2025,Resolved,11
4004825,1040475,2040475,04-11-25,Documentation,Partner,4-17-2025,Resolved,6
4004850,1040698,2040698,06-09-26,Documentation,Partner,6-23-2026,Resolved,14
4004913,1041226,2041226,10-12-24,Documentation,Partner,11-01-24,Resolved,20
4005013,1042161,2042161,04-02-25,Documentation,Partner,04-12-25,Resolved,10
4005061,1042561,2042561,01-05-25,Documentation,Partner,01-10-25,Resolved,5
4005076,1042672,2042672,06-03-25,Documentation,Partner,06-09-25,Resolved,6
4005120,1043049,2043049,09-10-24,Documentation,Partner,9-28-2024,Resolved,18
4005127,1043099,2043099,2-26-2025,Documentation,Partner,2-28-2025,Resolved,2
4005148,1043276,2043276,04-03-26,Documentation,Partner,4-27-2026,Resolved,24
4005168,1043447,2043447,12-14-2025,Documentation,Partner,12-20-2025,Resolved,6
4005187,1043627,2043627,8-19-2025,Documentation,Partner,9-16-2025,Resolved,28
4005309,1044673,2044673,01-07-26,Documentation,Partner,02-04-26,Resolved,28
4005311,1044718,2044718,11-29-2024,Documentation,Partner,12-25-2024,Resolved,26
4005391,1045386,2045386,03-01-26,Documentation,Partner,03-11-26,Resolved,10
4005392,1045392,2045392,2-27-2025,Documentation,Partner,03-04-25,Resolved,5
4005526,1046483,2046483,11-30-2024,Documentation,Partner,12-12-24,Resolved,12
4005554,1046766,2046766,9-20-2024,Documentation,Partner,10-08-24,Resolved,18
4005630,1047487,2047487,01-07-26,Documentation,Partner,1-13-2026,Resolved,6
4005667,1047858,2047858,06-11-26,Documentation,Partner,07-04-26,Resolved,23
4005690,1048028,2048028,3-25-2024,Documentation,Partner,04-10-24,Resolved,16
4005720,1048292,2048292,8-28-2025,Documentation,Partner,09-07-25,Resolved,10
4005750,1048494,2048494,08-01-24,Documentation,Partner,8-30-2024,Resolved,29
4005926,1049977,2049977,04-08-26,Documentation,Partner,05-05-26,Resolved,27
4006065,1051268,2051268,05-12-25,Documentation,Partner,5-22-2025,Resolved,10
4006084,1051457,2051457,07-01-25,Documentation,Partner,7-16-2025,Resolved,15
4006298,1053320,2053320,4-16-2025,Documentation,Partner,05-05-25,Resolved,19
4006307,1053380,2053380,05-01-25,Documentation,Partner,5-24-2025,Resolved,23
4006309,1053417,2053417,04-11-25,Documentation,Partner,05-04-25,Resolved,23
4006344,1053724,2053724,06-03-26,Documentation,Partner,6-19-2026,Resolved,16
4006497,1054966,2054966,10-29-2025,Documentation,Partner,11-05-25,Resolved,7
4006553,1055395,2055395,06-01-25,Documentation,Partner,07-01-25,Resolved,30
4006559,1055438,2055438,8-16-2025,Documentation,Partner,8-21-2025,Resolved,5
4006568,1055508,2055508,10-03-24,Documentation,Partner,10-22-2024,Resolved,19
4006657,1056269,2056269,12-06-25,Documentation,Partner,12-24-2025,Resolved,18
4006709,1056636,2056636,10-27-2024,Documentation,Partner,11-21-2024,Resolved,25
4006837,1057562,2057562,9-30-2024,Documentation,Partner,10-10-24,Resolved,10
4006930,1058240,2058240,12-29-2024,Documentation,Partner,01-06-25,Resolved,8
4006936,1058273,2058273,1-15-2025,Documentation,Partner,1-26-2025,Resolved,11
4006954,1058402,2058402,5-28-2024,Documentation,Partner,6-23-2024,Resolved,26
4007030,1059131,2059131,9-23-2024,Documentation,Partner,10-16-2024,Resolved,23
4007079,1059531,2059531,05-03-25,Documentation,Partner,5-24-2025,Resolved,21
4007141,1059936,2059936,6-26-2024,Documentation,Partner,7-25-2024,Resolved,29
4007149,1059976,2059976,9-13-2025,Documentation,Partner,10-01-25,Resolved,18
4007207,1060437,2060437,01-04-26,Documentation,Partner,01-06-26,Resolved,2
4007320,1061326,2061326,10-09-25,Documentation,Partner,10-27-2025,Resolved,18
4007371,1061759,2061759,04-09-25,Documentation,Partner,4-17-2025,Resolved,8
4007442,1062319,2062319,06-07-24,Documentation,Partner,07-02-24,Resolved,25
4007591,1063636,2063636,9-14-2024,Documentation,Partner,10-02-24,Resolved,18
4007595,1063697,2063697,9-25-2025,Documentation,Partner,10-21-2025,Resolved,26
4007657,1064186,2064186,12-20-2024,Documentation,Partner,01-07-25,Resolved,18
4007955,1066554,2066554,11-28-2025,Documentation,Partner,12-09-25,Resolved,11
4007966,1066697,2066697,09-03-25,Documentation,Partner,9-18-2025,Resolved,15
4007988,1066884,2066884,4-20-2026,Documentation,Partner,4-21-2026,Resolved,1
4007999,1066954,2066954,01-01-26,Documentation,Partner,1-14-2026,Resolved,13
4008032,1067221,2067221,04-06-25,Documentation,Partner,4-17-2025,Resolved,11
4008039,1067284,2067284,12-29-2025,Documentation,Partner,1-18-2026,Resolved,20
4008045,1067309,2067309,04-03-26,Documentation,Partner,04-08-26,Resolved,5
4008141,1068153,2068153,5-26-2026,Documentation,Partner,6-24-2026,Resolved,29
4008149,1068204,2068204,3-20-2026,Documentation,Partner,04-09-26,Resolved,20
4008184,1068481,2068481,05-09-25,Documentation,Partner,5-25-2025,Resolved,16
4008240,1069024,2069024,09-08-24,Documentation,Partner,09-12-24,Resolved,4
4008267,1069217,2069217,02-12-26,Documentation,Partner,03-02-26,Resolved,18
4008300,1069487,2069487,2-18-2025,Documentation,Partner,03-09-25,Resolved,19
4008347,1069878,2069878,6-19-2024,Documentation,Partner,7-19-2024,Resolved,30
4008419,1070541,2070541,9-13-2025,Documentation,Partner,10-03-25,Resolved,20
4008495,1071209,2071209,03-10-26,Documentation,Partner,03-11-26,Resolved,1
4008514,1071404,2071404,8-14-2025,Documentation,Partner,8-15-2025,Resolved,1
4008660,1072730,2072730,6-24-2025,Documentation,Partner,07-10-25,Resolved,16
4008693,1073044,2073044,9-19-2025,Documentation,Partner,10-19-2025,Resolved,30
4008715,1073209,2073209,05-09-25,Documentation,Partner,5-26-2025,Resolved,17
4008737,1073360,2073360,09-08-24,Documentation,Partner,9-14-2024,Resolved,6
4008787,1073787,2073787,4-27-2026,Documentation,Partner,05-01-26,Resolved,4
4008799,1073865,2073865,6-28-2025,Documentation,Partner,7-22-2025,Resolved,24
4008818,1074032,2074032,8-20-2025,Documentation,Partner,8-25-2025,Resolved,5
4008836,1074214,2074214,07-06-26,Documentation,Partner,7-24-2026,Resolved,18
4008857,1074353,2074353,2-25-2026,Documentation,Partner,3-18-2026,Resolved,21
4008907,1074870,2074870,6-28-2025,Documentation,Partner,07-02-25,Resolved,4
4008954,1075266,2075266,12-05-24,Documentation,Partner,12-11-24,Resolved,6
4009030,1075794,2075794,5-23-2025,Documentation,Partner,06-06-25,Resolved,14
4009093,1076270,2076270,1-18-2025,Documentation,Partner,02-09-25,Resolved,22
4009120,1076457,2076457,06-05-24,Documentation,Partner,6-18-2024,Resolved,13
4009196,1077037,2077037,11-25-2025,Documentation,Partner,12-20-2025,Resolved,25
4009198,1077045,2077045,4-21-2025,Documentation,Partner,4-22-2025,Resolved,1
4009228,1077331,2077331,08-04-24,Documentation,Partner,08-08-24,Resolved,4
4009288,1077964,2077964,11-03-25,Documentation,Partner,11-04-25,Resolved,1
4009289,1077969,2077969,9-27-2025,Documentation,Partner,10-10-25,Resolved,13
4009304,1078072,2078072,10-25-2024,Documentation,Partner,11-11-24,Resolved,17
4009379,1078741,2078741,11-21-2024,Documentation,Partner,12-04-24,Resolved,13
4009393,1078873,2078873,12-18-2024,Documentation,Partner,01-02-25,Resolved,15
4009444,1079261,2079261,3-15-2025,Documentation,Partner,3-24-2025,Resolved,9
4009456,1079342,2079342,4-28-2024,Documentation,Partner,5-25-2024,Resolved,27
4009496,1079676,2079676,12-21-2025,Documentation,Partner,01-10-26,Resolved,20
4009513,1079812,2079812,1-16-2026,Documentation,Partner,02-12-26,Resolved,27
4009548,1080086,2080086,7-22-2025,Documentation,Partner,8-13-2025,Resolved,22
4009567,1080212,2080212,11-04-25,Documentation,Partner,11-10-25,Resolved,6
4009652,1080866,2080866,11-22-2025,Documentation,Partner,11-28-2025,Resolved,6
4009678,1081062,2081062,05-11-25,Documentation,Partner,5-13-2025,Resolved,2
4009695,1081174,2081174,12-13-2024,Documentation,Partner,12-24-2024,Resolved,11
4010014,1083775,2083775,05-08-25,Documentation,Partner,5-27-2025,Resolved,19
4010088,1084374,2084374,03-06-26,Documentation,Partner,03-10-26,Resolved,4
4010124,1084686,2084686,03-12-24,Documentation,Partner,3-18-2024,Resolved,6
4010133,1084790,2084790,08-07-24,Documentation,Partner,09-03-24,Resolved,27
4010139,1084831,2084831,12-11-24,Documentation,Partner,01-02-25,Resolved,22
4010150,1084955,2084955,12-23-2025,Documentation,Partner,12-28-2025,Resolved,5
4010153,1084967,2084967,8-29-2024,Documentation,Partner,8-31-2024,Resolved,2
4010211,1085458,2085458,8-25-2025,Documentation,Partner,9-22-2025,Resolved,28
4010212,1085464,2085464,10-07-25,Documentation,Partner,10-11-25,Resolved,4
4010252,1085881,2085881,1-24-2025,Documentation,Partner,1-28-2025,Resolved,4
4010315,1086415,2086415,12-17-2024,Documentation,Partner,01-05-25,Resolved,19
4010437,1087504,2087504,09-03-25,Documentation,Partner,09-06-25,Resolved,3
4010466,1087704,2087704,9-30-2025,Documentation,Partner,10-16-2025,Resolved,16
4010505,1087991,2087991,5-28-2025,Documentation,Partner,6-20-2025,Resolved,23
4010583,1088589,2088589,4-21-2025,Documentation,Partner,5-21-2025,Resolved,30
4010642,1088920,2088920,11-23-2024,Documentation,Partner,12-03-24,Resolved,10
4010652,1089026,2089026,11-28-2025,Documentation,Partner,12-07-25,Resolved,9
4010658,1089102,2089102,7-19-2025,Documentation,Partner,7-26-2025,Resolved,7
4010702,1089509,2089509,6-29-2025,Documentation,Partner,07-11-25,Resolved,12
4010804,1090385,2090385,08-05-24,Documentation,Partner,8-19-2024,Resolved,14
4010853,1090787,2090787,11-14-2025,Documentation,Partner,12-04-25,Resolved,20
4010883,1090970,2090970,8-13-2025,Documentation,Partner,09-01-25,Resolved,19
4010890,1091042,2091042,10-17-2025,Documentation,Partner,10-27-2025,Resolved,10
4010895,1091074,2091074,1-27-2026,Documentation,Partner,02-01-26,Resolved,5
4010915,1091335,2091335,09-01-25,Documentation,Partner,9-28-2025,Resolved,27
4010966,1091787,2091787,8-25-2024,Documentation,Partner,09-11-24,Resolved,17
4010980,1091904,2091904,03-02-25,Documentation,Partner,03-08-25,Resolved,6
4011001,1092024,2092024,11-10-25,Documentation,Partner,12-06-25,Resolved,26
4011051,1092378,2092378,02-02-25,Documentation,Partner,2-28-2025,Resolved,26
4011130,1093022,2093022,01-11-26,Documentation,Partner,1-19-2026,Resolved,8
4011225,1093822,2093822,4-26-2026,Documentation,Partner,05-12-26,Resolved,16
4011320,1094679,2094679,5-14-2025,Documentation,Partner,5-16-2025,Resolved,2
4011355,1094915,2094915,8-22-2025,Documentation,Partner,8-29-2025,Resolved,7
4011506,1096373,2096373,6-29-2025,Documentation,Partner,07-11-25,Resolved,12
4011564,1096871,2096871,12-19-2024,Documentation,Partner,1-15-2025,Resolved,27
4011567,1096880,2096880,09-11-24,Documentation,Partner,10-10-24,Resolved,29
4011653,1097730,2097730,2-28-2025,Documentation,Partner,3-28-2025,Resolved,28
4011667,1097843,2097843,6-17-2025,Documentation,Partner,6-21-2025,Resolved,4
4011741,1098391,2098391,02-03-26,Documentation,Partner,03-01-26,Resolved,26
4011743,1098408,2098408,10-26-2025,Documentation,Partner,11-01-25,Resolved,6
4011851,1099221,2099221,4-20-2024,Documentation,Partner,05-03-24,Resolved,13
4011903,1099609,2099609,4-28-2026,Documentation,Partner,5-17-2026,Resolved,19
4000007,1000087,2000087,8-17-2024,Policy Cancellation,Partner,09-06-24,Resolved,20
4000089,1000812,2000812,11-02-25,Policy Cancellation,Partner,11-25-2025,Resolved,23
4000108,1000974,2000974,2-23-2026,Policy Cancellation,Partner,03-01-26,Resolved,6
4000136,1001228,2001228,10-21-2025,Policy Cancellation,Partner,11-04-25,Resolved,14
4000193,1001771,2001771,12-30-2025,Policy Cancellation,Partner,1-19-2026,Resolved,20
4000249,1002342,2002342,5-22-2024,Policy Cancellation,Partner,06-05-24,Resolved,14
4000253,1002368,2002368,08-05-25,Policy Cancellation,Partner,8-21-2025,Resolved,16
4000255,1002385,2002385,04-04-25,Policy Cancellation,Partner,4-18-2025,Resolved,14
4000320,1002888,2002888,6-26-2024,Policy Cancellation,Partner,7-18-2024,Resolved,22
4000364,1003224,2003224,1-16-2025,Policy Cancellation,Partner,1-22-2025,Resolved,6
4000583,1005133,2005133,09-09-24,Policy Cancellation,Partner,9-14-2024,Resolved,5
4000608,1005336,2005336,03-07-26,Policy Cancellation,Partner,04-01-26,Resolved,25
4000671,1005886,2005886,7-29-2026,Policy Cancellation,Partner,8-23-2026,Resolved,25
4000716,1006207,2006207,6-22-2025,Policy Cancellation,Partner,07-01-25,Resolved,9
4000878,1007698,2007698,12-20-2025,Policy Cancellation,Partner,01-08-26,Resolved,19
4000880,1007702,2007702,2-26-2025,Policy Cancellation,Partner,3-22-2025,Resolved,24
4000902,1007849,2007849,6-28-2026,Policy Cancellation,Partner,07-05-26,Resolved,7
4001065,1009094,2009094,3-22-2026,Policy Cancellation,Partner,04-12-26,Resolved,21
4001070,1009148,2009148,02-09-25,Policy Cancellation,Partner,2-25-2025,Resolved,16
4001093,1009311,2009311,9-28-2024,Policy Cancellation,Partner,10-01-24,Resolved,3
4001097,1009340,2009340,11-21-2025,Policy Cancellation,Partner,12-05-25,Resolved,14
4001193,1010226,2010226,11-14-2025,Policy Cancellation,Partner,11-26-2025,Resolved,12
4001201,1010287,2010287,7-16-2024,Policy Cancellation,Partner,08-02-24,Resolved,17
4001321,1011269,2011269,9-28-2024,Policy Cancellation,Partner,10-20-2024,Resolved,22
4001363,1011632,2011632,12-29-2025,Policy Cancellation,Partner,1-18-2026,Resolved,20
4001368,1011671,2011671,4-30-2024,Policy Cancellation,Partner,5-25-2024,Resolved,25
4001379,1011769,2011769,01-11-25,Policy Cancellation,Partner,1-26-2025,Resolved,15
4001417,1012085,2012085,10-12-25,Policy Cancellation,Partner,10-13-2025,Resolved,1
4001442,1012340,2012340,3-16-2026,Policy Cancellation,Partner,04-09-26,Resolved,24
4001502,1012771,2012771,2-20-2026,Policy Cancellation,Partner,3-15-2026,Resolved,23
4001528,1013011,2013011,06-01-25,Policy Cancellation,Partner,6-23-2025,Resolved,22
4001583,1013493,2013493,10-29-2024,Policy Cancellation,Partner,11-06-24,Resolved,8
4001625,1013789,2013789,09-01-25,Policy Cancellation,Partner,09-04-25,Resolved,3
4001684,1014292,2014292,11-01-25,Policy Cancellation,Partner,11-05-25,Resolved,4
4001728,1014665,2014665,2-21-2026,Policy Cancellation,Partner,3-15-2026,Resolved,22
4001858,1015785,2015785,12-20-2025,Policy Cancellation,Partner,01-01-26,Resolved,12
4001901,1016186,2016186,7-28-2024,Policy Cancellation,Partner,8-16-2024,Resolved,19
4001940,1016434,2016434,9-27-2025,Policy Cancellation,Partner,10-16-2025,Resolved,19
4002019,1017129,2017129,06-10-26,Policy Cancellation,Partner,07-09-26,Resolved,29
4002022,1017143,2017143,08-05-25,Policy Cancellation,Partner,8-29-2025,Resolved,24
4002063,1017445,2017445,04-01-25,Policy Cancellation,Partner,04-05-25,Resolved,4
4002068,1017467,2017467,11-03-24,Policy Cancellation,Partner,11-22-2024,Resolved,19
4002116,1017898,2017898,11-19-2024,Policy Cancellation,Partner,11-25-2024,Resolved,6
4002119,1017908,2017908,3-14-2026,Policy Cancellation,Partner,3-19-2026,Resolved,5
4002234,1019045,2019045,8-16-2025,Policy Cancellation,Partner,09-07-25,Resolved,22
4002308,1019720,2019720,05-03-26,Policy Cancellation,Partner,5-21-2026,Resolved,18
4002386,1020267,2020267,04-11-25,Policy Cancellation,Partner,4-17-2025,Resolved,6
4002422,1020482,2020482,7-22-2026,Policy Cancellation,Partner,08-01-26,Resolved,10
4002467,1020867,2020867,01-06-26,Policy Cancellation,Partner,1-14-2026,Resolved,8
4002535,1021475,2021475,09-09-24,Policy Cancellation,Partner,10-04-24,Resolved,25
4002577,1021858,2021858,5-28-2025,Policy Cancellation,Partner,06-04-25,Resolved,7
4002643,1022438,2022438,7-23-2025,Policy Cancellation,Partner,8-22-2025,Resolved,30
4002676,1022715,2022715,10-26-2025,Policy Cancellation,Partner,11-08-25,Resolved,13
4002678,1022728,2022728,10-16-2026,Policy Cancellation,Partner,10-22-2026,Resolved,6
4002687,1022796,2022796,06-07-24,Policy Cancellation,Partner,6-26-2024,Resolved,19
4002694,1022838,2022838,03-11-24,Policy Cancellation,Partner,04-07-24,Resolved,27
4002906,1024458,2024458,4-19-2025,Policy Cancellation,Partner,5-16-2025,Resolved,27
4002992,1025210,2025210,12-05-25,Policy Cancellation,Partner,12-27-2025,Resolved,22
4003054,1025622,2025622,09-02-25,Policy Cancellation,Partner,9-26-2025,Resolved,24
4003095,1026007,2026007,05-04-25,Policy Cancellation,Partner,05-06-25,Resolved,2
4003103,1026039,2026039,07-12-24,Policy Cancellation,Partner,7-30-2024,Resolved,18
4003133,1026289,2026289,8-21-2025,Policy Cancellation,Partner,09-06-25,Resolved,16
4003204,1027019,2027019,06-10-25,Policy Cancellation,Partner,07-01-25,Resolved,21
4003274,1027576,2027576,2-22-2026,Policy Cancellation,Partner,3-16-2026,Resolved,22
4003386,1028509,2028509,1-20-2025,Policy Cancellation,Partner,1-29-2025,Resolved,9
4003395,1028592,2028592,05-11-26,Policy Cancellation,Partner,5-25-2026,Resolved,14
4003396,1028596,2028596,7-19-2025,Policy Cancellation,Partner,08-05-25,Resolved,17
4003532,1029902,2029902,10-03-24,Policy Cancellation,Partner,10-22-2024,Resolved,19
4003549,1030065,2030065,5-20-2024,Policy Cancellation,Partner,5-28-2024,Resolved,8
4003567,1030230,2030230,05-07-24,Policy Cancellation,Partner,06-01-24,Resolved,25
4003577,1030349,2030349,06-01-25,Policy Cancellation,Partner,06-05-25,Resolved,4
4003601,1030492,2030492,11-11-24,Policy Cancellation,Partner,12-03-24,Resolved,22
4003602,1030499,2030499,10-27-2025,Policy Cancellation,Partner,10-30-2025,Resolved,3
4003603,1030500,2030500,09-09-24,Policy Cancellation,Partner,10-05-24,Resolved,26
4003605,1030518,2030518,5-13-2025,Policy Cancellation,Partner,5-26-2025,Resolved,13
4003619,1030699,2030699,05-11-26,Policy Cancellation,Partner,5-17-2026,Resolved,6
4003693,1031356,2031356,05-01-25,Policy Cancellation,Partner,05-07-25,Resolved,6
4003777,1032091,2032091,1-29-2026,Policy Cancellation,Partner,02-07-26,Resolved,9
4003784,1032144,2032144,8-29-2026,Policy Cancellation,Partner,9-28-2026,Resolved,30
4003856,1032778,2032778,2-27-2025,Policy Cancellation,Partner,3-23-2025,Resolved,24
4003875,1032984,2032984,08-09-25,Policy Cancellation,Partner,09-05-25,Resolved,27
4003880,1033004,2033004,8-16-2025,Policy Cancellation,Partner,8-21-2025,Resolved,5
4003902,1033202,2033202,1-31-2026,Policy Cancellation,Partner,2-18-2026,Resolved,18
4004044,1034225,2034225,12-20-2025,Policy Cancellation,Partner,12-28-2025,Resolved,8
4004050,1034292,2034292,10-28-2024,Policy Cancellation,Partner,11-26-2024,Resolved,29
4004134,1034969,2034969,08-02-24,Policy Cancellation,Partner,8-21-2024,Resolved,19
4004148,1035090,2035090,10-02-24,Policy Cancellation,Partner,10-28-2024,Resolved,26
4004149,1035094,2035094,12-09-25,Policy Cancellation,Partner,12-22-2025,Resolved,13
4004255,1036008,2036008,03-02-25,Policy Cancellation,Partner,03-07-25,Resolved,5
4004281,1036223,2036223,4-13-2026,Policy Cancellation,Partner,4-23-2026,Resolved,10
4004295,1036400,2036400,12-22-2025,Policy Cancellation,Partner,01-03-26,Resolved,12
4004300,1036434,2036434,6-18-2026,Policy Cancellation,Partner,6-28-2026,Resolved,10
4004303,1036463,2036463,2-14-2026,Policy Cancellation,Partner,03-07-26,Resolved,21
4004313,1036510,2036510,10-04-26,Policy Cancellation,Partner,10-10-26,Resolved,6
4004402,1037215,2037215,3-29-2025,Policy Cancellation,Partner,3-30-2025,Resolved,1
4004416,1037342,2037342,12-14-2025,Policy Cancellation,Partner,12-19-2025,Resolved,5
4004426,1037395,2037395,5-26-2025,Policy Cancellation,Partner,06-11-25,Resolved,16
4004481,1037764,2037764,5-20-2026,Policy Cancellation,Partner,5-31-2026,Resolved,11
4004504,1037959,2037959,4-26-2025,Policy Cancellation,Partner,05-08-25,Resolved,12
4004510,1038007,2038007,12-07-25,Policy Cancellation,Partner,12-29-2025,Resolved,22
4004537,1038174,2038174,3-30-2025,Policy Cancellation,Partner,4-13-2025,Resolved,14
4004557,1038308,2038308,01-04-26,Policy Cancellation,Partner,01-11-26,Resolved,7
4004757,1039879,2039879,09-04-25,Policy Cancellation,Partner,10-02-25,Resolved,28
4004868,1040867,2040867,04-09-25,Policy Cancellation,Partner,4-14-2025,Resolved,5
4005009,1042081,2042081,07-03-26,Policy Cancellation,Partner,7-15-2026,Resolved,12
4005099,1042894,2042894,12-04-25,Policy Cancellation,Partner,12-07-25,Resolved,3
4005170,1043470,2043470,12-06-25,Policy Cancellation,Partner,01-05-26,Resolved,30
4005188,1043630,2043630,9-25-2024,Policy Cancellation,Partner,10-07-24,Resolved,12
4005253,1044198,2044198,06-05-26,Policy Cancellation,Partner,6-15-2026,Resolved,10
4005261,1044266,2044266,7-29-2026,Policy Cancellation,Partner,08-12-26,Resolved,14
4005300,1044611,2044611,11-14-2024,Policy Cancellation,Partner,12-07-24,Resolved,23
4005308,1044663,2044663,04-09-26,Policy Cancellation,Partner,4-14-2026,Resolved,5
4005372,1045162,2045162,8-22-2025,Policy Cancellation,Partner,9-16-2025,Resolved,25
4005390,1045368,2045368,02-10-25,Policy Cancellation,Partner,2-14-2025,Resolved,4
4005406,1045496,2045496,6-21-2026,Policy Cancellation,Partner,07-06-26,Resolved,15
4005441,1045771,2045771,08-09-25,Policy Cancellation,Partner,09-05-25,Resolved,27
4005443,1045802,2045802,5-21-2026,Policy Cancellation,Partner,6-20-2026,Resolved,30
4005455,1045904,2045904,10-29-2025,Policy Cancellation,Partner,11-22-2025,Resolved,24
4005471,1046029,2046029,11-03-24,Policy Cancellation,Partner,11-27-2024,Resolved,24
4005654,1047687,2047687,05-07-25,Policy Cancellation,Partner,5-29-2025,Resolved,22
4005661,1047793,2047793,02-12-26,Policy Cancellation,Partner,2-23-2026,Resolved,11
4005740,1048437,2048437,10-20-2025,Policy Cancellation,Partner,11-18-2025,Resolved,29
4005782,1048788,2048788,03-06-25,Policy Cancellation,Partner,3-27-2025,Resolved,21
4005801,1049011,2049011,04-11-26,Policy Cancellation,Partner,4-26-2026,Resolved,15
4005948,1050171,2050171,09-05-24,Policy Cancellation,Partner,9-20-2024,Resolved,15
4005974,1050352,2050352,3-27-2026,Policy Cancellation,Partner,4-26-2026,Resolved,30
4005983,1050419,2050419,10-26-2024,Policy Cancellation,Partner,11-02-24,Resolved,7
4006044,1051037,2051037,10-06-25,Policy Cancellation,Partner,10-10-25,Resolved,4
4006052,1051103,2051103,12-06-24,Policy Cancellation,Partner,12-22-2024,Resolved,16
4006070,1051320,2051320,4-24-2025,Policy Cancellation,Partner,4-27-2025,Resolved,3
4006093,1051517,2051517,12-02-24,Policy Cancellation,Partner,12-21-2024,Resolved,19
4006142,1051998,2051998,9-19-2026,Policy Cancellation,Partner,9-27-2026,Resolved,8
4006233,1052869,2052869,04-11-25,Policy Cancellation,Partner,4-16-2025,Resolved,5
4006338,1053676,2053676,8-15-2025,Policy Cancellation,Partner,09-07-25,Resolved,23
4006353,1053820,2053820,6-24-2024,Policy Cancellation,Partner,07-10-24,Resolved,16
4006398,1054138,2054138,01-10-25,Policy Cancellation,Partner,1-18-2025,Resolved,8
4006409,1054242,2054242,3-16-2026,Policy Cancellation,Partner,04-01-26,Resolved,16
4006419,1054327,2054327,10-06-25,Policy Cancellation,Partner,10-29-2025,Resolved,23
4006542,1055300,2055300,06-05-25,Policy Cancellation,Partner,07-02-25,Resolved,27
4006603,1055819,2055819,12-10-25,Policy Cancellation,Partner,12-16-2025,Resolved,6
4006612,1055866,2055866,08-12-25,Policy Cancellation,Partner,09-05-25,Resolved,24
4006632,1056003,2056003,10-17-2025,Policy Cancellation,Partner,10-29-2025,Resolved,12
4006665,1056308,2056308,05-07-25,Policy Cancellation,Partner,5-20-2025,Resolved,13
4006683,1056472,2056472,02-12-26,Policy Cancellation,Partner,03-08-26,Resolved,24
4006687,1056511,2056511,7-27-2024,Policy Cancellation,Partner,8-15-2024,Resolved,19
4006748,1056950,2056950,7-17-2025,Policy Cancellation,Partner,7-24-2025,Resolved,7
4006882,1057887,2057887,01-01-25,Policy Cancellation,Partner,1-16-2025,Resolved,15
4006920,1058172,2058172,07-07-24,Policy Cancellation,Partner,7-14-2024,Resolved,7
4006931,1058241,2058241,7-30-2025,Policy Cancellation,Partner,08-10-25,Resolved,11
4006967,1058543,2058543,7-23-2025,Policy Cancellation,Partner,8-15-2025,Resolved,23
4006998,1058838,2058838,04-05-25,Policy Cancellation,Partner,4-23-2025,Resolved,18
4007073,1059429,2059429,12-24-2025,Policy Cancellation,Partner,1-15-2026,Resolved,22
4007211,1060491,2060491,01-12-26,Policy Cancellation,Partner,02-03-26,Resolved,22
4007409,1062057,2062057,5-13-2024,Policy Cancellation,Partner,5-30-2024,Resolved,17
4007533,1063186,2063186,3-26-2025,Policy Cancellation,Partner,04-10-25,Resolved,15
4007543,1063291,2063291,4-14-2025,Policy Cancellation,Partner,4-30-2025,Resolved,16
4007560,1063481,2063481,11-10-25,Policy Cancellation,Partner,11-23-2025,Resolved,13
4007619,1063854,2063854,11-16-2024,Policy Cancellation,Partner,11-23-2024,Resolved,7
4007656,1064185,2064185,09-01-25,Policy Cancellation,Partner,09-11-25,Resolved,10
4007728,1064744,2064744,6-21-2025,Policy Cancellation,Partner,6-23-2025,Resolved,2
4007733,1064799,2064799,8-26-2024,Policy Cancellation,Partner,09-05-24,Resolved,10
4007793,1065256,2065256,3-28-2024,Policy Cancellation,Partner,4-18-2024,Resolved,21
4007935,1066427,2066427,7-27-2025,Policy Cancellation,Partner,08-04-25,Resolved,8
4007936,1066428,2066428,05-09-25,Policy Cancellation,Partner,5-24-2025,Resolved,15
4007978,1066774,2066774,3-23-2025,Policy Cancellation,Partner,3-29-2025,Resolved,6
4008062,1067426,2067426,05-02-24,Policy Cancellation,Partner,5-15-2024,Resolved,13
4008119,1067998,2067998,8-14-2024,Policy Cancellation,Partner,8-21-2024,Resolved,7
4008147,1068197,2068197,08-05-25,Policy Cancellation,Partner,08-11-25,Resolved,6
4008200,1068622,2068622,05-01-24,Policy Cancellation,Partner,05-11-24,Resolved,10
4008265,1069205,2069205,3-23-2026,Policy Cancellation,Partner,04-02-26,Resolved,10
4008379,1070167,2070167,04-01-25,Policy Cancellation,Partner,04-08-25,Resolved,7
4008384,1070210,2070210,3-29-2025,Policy Cancellation,Partner,4-20-2025,Resolved,22
4008393,1070322,2070322,8-15-2024,Policy Cancellation,Partner,8-27-2024,Resolved,12
4008450,1070829,2070829,11-06-24,Policy Cancellation,Partner,11-18-2024,Resolved,12
4008502,1071279,2071279,10-10-26,Policy Cancellation,Partner,11-07-26,Resolved,28
4008558,1071834,2071834,6-15-2024,Policy Cancellation,Partner,6-20-2024,Resolved,5
4008604,1072211,2072211,08-12-24,Policy Cancellation,Partner,09-03-24,Resolved,22
4008696,1073057,2073057,4-18-2025,Policy Cancellation,Partner,4-28-2025,Resolved,10
4008706,1073108,2073108,03-12-26,Policy Cancellation,Partner,3-25-2026,Resolved,13
4008709,1073133,2073133,10-12-24,Policy Cancellation,Partner,10-24-2024,Resolved,12
4008728,1073293,2073293,7-29-2025,Policy Cancellation,Partner,8-26-2025,Resolved,28
4008731,1073322,2073322,01-06-25,Policy Cancellation,Partner,1-15-2025,Resolved,9
4008741,1073410,2073410,06-08-25,Policy Cancellation,Partner,6-21-2025,Resolved,13
4008766,1073601,2073601,07-09-25,Policy Cancellation,Partner,08-05-25,Resolved,27
4008817,1074025,2074025,08-05-26,Policy Cancellation,Partner,09-02-26,Resolved,28
4008827,1074146,2074146,01-11-25,Policy Cancellation,Partner,1-17-2025,Resolved,6
4008925,1075033,2075033,02-11-26,Policy Cancellation,Partner,3-13-2026,Resolved,30
4008971,1075365,2075365,4-16-2024,Policy Cancellation,Partner,05-03-24,Resolved,17
4008983,1075485,2075485,10-11-24,Policy Cancellation,Partner,10-23-2024,Resolved,12
4009026,1075770,2075770,12-19-2024,Policy Cancellation,Partner,01-01-25,Resolved,13
4009040,1075868,2075868,9-19-2025,Policy Cancellation,Partner,9-22-2025,Resolved,3
4009059,1076034,2076034,03-09-25,Policy Cancellation,Partner,3-28-2025,Resolved,19
4009141,1076594,2076594,03-11-26,Policy Cancellation,Partner,3-23-2026,Resolved,12
4009177,1076899,2076899,06-11-25,Policy Cancellation,Partner,07-01-25,Resolved,20
4009183,1076963,2076963,11-25-2024,Policy Cancellation,Partner,12-18-2024,Resolved,23
4009193,1077027,2077027,8-24-2024,Policy Cancellation,Partner,09-09-24,Resolved,16
4009208,1077164,2077164,4-26-2026,Policy Cancellation,Partner,4-30-2026,Resolved,4
4009299,1078049,2078049,4-19-2025,Policy Cancellation,Partner,5-13-2025,Resolved,24
4009314,1078178,2078178,12-26-2025,Policy Cancellation,Partner,1-16-2026,Resolved,21
4009317,1078198,2078198,08-05-25,Policy Cancellation,Partner,09-04-25,Resolved,30
4009375,1078699,2078699,06-04-25,Policy Cancellation,Partner,06-11-25,Resolved,7
4009378,1078721,2078721,6-27-2025,Policy Cancellation,Partner,07-01-25,Resolved,4
4009382,1078767,2078767,11-20-2024,Policy Cancellation,Partner,11-29-2024,Resolved,9
4009384,1078774,2078774,11-05-25,Policy Cancellation,Partner,11-29-2025,Resolved,24
4009440,1079238,2079238,3-22-2026,Policy Cancellation,Partner,04-10-26,Resolved,19
4009602,1080451,2080451,04-11-26,Policy Cancellation,Partner,05-11-26,Resolved,30
4009629,1080696,2080696,03-08-25,Policy Cancellation,Partner,03-09-25,Resolved,1
4009631,1080724,2080724,11-28-2024,Policy Cancellation,Partner,12-12-24,Resolved,14
4009700,1081212,2081212,8-23-2024,Policy Cancellation,Partner,8-24-2024,Resolved,1
4009793,1081903,2081903,10-31-2024,Policy Cancellation,Partner,11-07-24,Resolved,7
4009973,1083425,2083425,09-06-25,Policy Cancellation,Partner,10-04-25,Resolved,28
4009985,1083542,2083542,02-06-25,Policy Cancellation,Partner,2-24-2025,Resolved,18
4010022,1083814,2083814,1-25-2026,Policy Cancellation,Partner,2-16-2026,Resolved,22
4010039,1083976,2083976,07-04-25,Policy Cancellation,Partner,7-14-2025,Resolved,10
4010041,1083983,2083983,10-12-25,Policy Cancellation,Partner,11-01-25,Resolved,20
4010052,1084059,2084059,10-14-2025,Policy Cancellation,Partner,11-12-25,Resolved,29
4010069,1084232,2084232,01-07-26,Policy Cancellation,Partner,1-30-2026,Resolved,23
4010180,1085187,2085187,12-17-2025,Policy Cancellation,Partner,12-30-2025,Resolved,13
4010218,1085547,2085547,2-16-2025,Policy Cancellation,Partner,2-26-2025,Resolved,10
4010228,1085618,2085618,08-12-26,Policy Cancellation,Partner,09-05-26,Resolved,24
4010259,1085924,2085924,11-30-2025,Policy Cancellation,Partner,12-29-2025,Resolved,29
4010279,1086101,2086101,07-12-24,Policy Cancellation,Partner,7-14-2024,Resolved,2
4010326,1086569,2086569,10-14-2024,Policy Cancellation,Partner,10-20-2024,Resolved,6
4010331,1086627,2086627,6-24-2025,Policy Cancellation,Partner,07-04-25,Resolved,10
4010424,1087414,2087414,04-12-25,Policy Cancellation,Partner,4-18-2025,Resolved,6
4010560,1088410,2088410,11-08-24,Policy Cancellation,Partner,11-21-2024,Resolved,13
4010676,1089302,2089302,12-10-25,Policy Cancellation,Partner,12-18-2025,Resolved,8
4010775,1090136,2090136,04-11-26,Policy Cancellation,Partner,4-20-2026,Resolved,9
4010816,1090496,2090496,10-28-2024,Policy Cancellation,Partner,11-24-2024,Resolved,27
4010916,1091344,2091344,08-02-25,Policy Cancellation,Partner,8-19-2025,Resolved,17
4010928,1091425,2091425,07-02-25,Policy Cancellation,Partner,7-30-2025,Resolved,28
4010986,1091933,2091933,9-25-2025,Policy Cancellation,Partner,10-07-25,Resolved,12
4011023,1092231,2092231,7-19-2025,Policy Cancellation,Partner,08-05-25,Resolved,17
4011071,1092513,2092513,4-21-2026,Policy Cancellation,Partner,4-26-2026,Resolved,5
4011099,1092750,2092750,1-15-2026,Policy Cancellation,Partner,02-02-26,Resolved,18
4011147,1093177,2093177,8-20-2024,Policy Cancellation,Partner,09-12-24,Resolved,23
4011159,1093299,2093299,03-10-26,Policy Cancellation,Partner,3-26-2026,Resolved,16
4011273,1094175,2094175,1-26-2025,Policy Cancellation,Partner,02-03-25,Resolved,8
4011297,1094386,2094386,5-18-2026,Policy Cancellation,Partner,06-09-26,Resolved,22
4011309,1094529,2094529,04-01-25,Policy Cancellation,Partner,4-13-2025,Resolved,12
4011370,1095059,2095059,4-29-2026,Policy Cancellation,Partner,05-02-26,Resolved,3
4011439,1095746,2095746,8-22-2026,Policy Cancellation,Partner,8-26-2026,Resolved,4
4011481,1096149,2096149,06-03-26,Policy Cancellation,Partner,06-11-26,Resolved,8
4011531,1096623,2096623,03-05-25,Policy Cancellation,Partner,3-25-2025,Resolved,20
4011658,1097773,2097773,09-07-25,Policy Cancellation,Partner,10-03-25,Resolved,26
4011683,1097975,2097975,7-14-2026,Policy Cancellation,Partner,08-06-26,Resolved,23
4011785,1098702,2098702,11-09-24,Policy Cancellation,Partner,11-15-2024,Resolved,6
4011865,1099293,2099293,06-04-26,Policy Cancellation,Partner,6-28-2026,Resolved,24
4011872,1099350,2099350,06-07-25,Policy Cancellation,Partner,6-19-2025,Resolved,12
4000077,1000690,2000690,10-27-2024,App/Website,Partner,10-31-2024,Resolved,4
4000097,1000867,2000867,3-13-2025,App/Website,Partner,04-05-25,Resolved,23
4000204,1001848,2001848,7-15-2024,App/Website,Partner,7-28-2024,Resolved,13
4000289,1002660,2002660,4-16-2026,App/Website,Partner,05-06-26,Resolved,20
4000332,1002970,2002970,4-28-2025,App/Website,Partner,05-11-25,Resolved,13
4000362,1003211,2003211,5-22-2025,App/Website,Partner,5-26-2025,Resolved,4
4000378,1003386,2003386,2-26-2025,App/Website,Partner,3-18-2025,Resolved,20
4000533,1004693,2004693,10-07-25,App/Website,Partner,10-20-2025,Resolved,13
4000665,1005820,2005820,6-16-2025,App/Website,Partner,07-10-25,Resolved,24
4000678,1005920,2005920,12-14-2025,App/Website,Partner,12-27-2025,Resolved,13
4000702,1006085,2006085,4-23-2025,App/Website,Partner,05-07-25,Resolved,14
4000711,1006165,2006165,04-11-26,App/Website,Partner,4-18-2026,Resolved,7
4000742,1006478,2006478,4-30-2025,App/Website,Partner,05-02-25,Resolved,2
4000805,1007064,2007064,8-28-2024,App/Website,Partner,9-21-2024,Resolved,24
4000912,1007961,2007961,01-02-25,App/Website,Partner,1-30-2025,Resolved,28
4001090,1009295,2009295,04-11-26,App/Website,Partner,4-23-2026,Resolved,12
4001115,1009451,2009451,12-27-2025,App/Website,Partner,12-28-2025,Resolved,1
4001211,1010359,2010359,6-29-2024,App/Website,Partner,07-05-24,Resolved,6
4001281,1010978,2010978,2-23-2026,App/Website,Partner,3-17-2026,Resolved,22
4001360,1011594,2011594,11-09-24,App/Website,Partner,11-19-2024,Resolved,10
4001362,1011629,2011629,3-18-2025,App/Website,Partner,3-27-2025,Resolved,9
4001398,1011892,2011892,12-11-24,App/Website,Partner,12-27-2024,Resolved,16
4001527,1013009,2013009,3-18-2025,App/Website,Partner,3-26-2025,Resolved,8
4001575,1013408,2013408,12-23-2024,App/Website,Partner,1-18-2025,Resolved,26
4001597,1013610,2013610,10-28-2024,App/Website,Partner,11-26-2024,Resolved,29
4001610,1013685,2013685,4-21-2025,App/Website,Partner,4-27-2025,Resolved,6
4001709,1014461,2014461,09-05-26,App/Website,Partner,09-06-26,Resolved,1
4001716,1014553,2014553,12-12-24,App/Website,Partner,01-07-25,Resolved,26
4001797,1015220,2015220,03-03-25,App/Website,Partner,3-28-2025,Resolved,25
4001848,1015692,2015692,06-03-25,App/Website,Partner,06-10-25,Resolved,7
4001850,1015701,2015701,11-01-25,App/Website,Partner,11-16-2025,Resolved,15
4001888,1016076,2016076,8-22-2024,App/Website,Partner,8-24-2024,Resolved,2
4001889,1016078,2016078,7-15-2024,App/Website,Partner,08-04-24,Resolved,20
4001913,1016235,2016235,6-21-2025,App/Website,Partner,7-14-2025,Resolved,23
4002013,1017086,2017086,1-24-2025,App/Website,Partner,1-28-2025,Resolved,4
4002056,1017363,2017363,02-02-25,App/Website,Partner,03-03-25,Resolved,29
4002072,1017486,2017486,10-31-2024,App/Website,Partner,11-05-24,Resolved,5
4002080,1017559,2017559,3-18-2025,App/Website,Partner,04-09-25,Resolved,22
4002186,1018511,2018511,01-02-26,App/Website,Partner,01-03-26,Resolved,1
4002190,1018570,2018570,03-03-25,App/Website,Partner,3-19-2025,Resolved,16
4002248,1019174,2019174,02-06-26,App/Website,Partner,02-09-26,Resolved,3
4002252,1019194,2019194,5-25-2025,App/Website,Partner,6-17-2025,Resolved,23
4002366,1020102,2020102,4-15-2025,App/Website,Partner,4-19-2025,Resolved,4
4002380,1020202,2020202,3-23-2025,App/Website,Partner,3-27-2025,Resolved,4
4002395,1020332,2020332,12-07-25,App/Website,Partner,01-04-26,Resolved,28
4002486,1020998,2020998,08-02-24,App/Website,Partner,8-30-2024,Resolved,28
4002523,1021351,2021351,5-16-2024,App/Website,Partner,06-10-24,Resolved,25
4002540,1021517,2021517,06-02-24,App/Website,Partner,6-18-2024,Resolved,16
4002561,1021710,2021710,9-19-2025,App/Website,Partner,10-19-2025,Resolved,30
4002585,1021916,2021916,04-01-25,App/Website,Partner,04-05-25,Resolved,4
4002758,1023335,2023335,05-02-26,App/Website,Partner,5-19-2026,Resolved,17
4002767,1023381,2023381,10-28-2025,App/Website,Partner,11-20-2025,Resolved,23
4002778,1023523,2023523,08-07-25,App/Website,Partner,8-22-2025,Resolved,15
4002795,1023632,2023632,1-31-2026,App/Website,Partner,2-13-2026,Resolved,13
4002815,1023729,2023729,06-04-25,App/Website,Partner,06-05-25,Resolved,1
4002827,1023809,2023809,03-11-26,App/Website,Partner,04-03-26,Resolved,23
4002915,1024567,2024567,7-30-2025,App/Website,Partner,8-23-2025,Resolved,24
4002950,1024880,2024880,4-19-2025,App/Website,Partner,05-08-25,Resolved,19
4003004,1025294,2025294,10-19-2025,App/Website,Partner,11-02-25,Resolved,14
4003072,1025767,2025767,6-21-2025,App/Website,Partner,7-21-2025,Resolved,30
4003074,1025794,2025794,7-15-2025,App/Website,Partner,8-14-2025,Resolved,30
4003083,1025876,2025876,06-01-26,App/Website,Partner,6-20-2026,Resolved,19
4003112,1026091,2026091,12-16-2025,App/Website,Partner,12-19-2025,Resolved,3
4003179,1026758,2026758,01-03-25,App/Website,Partner,01-04-25,Resolved,1
4003199,1026973,2026973,12-20-2024,App/Website,Partner,01-10-25,Resolved,21
4003227,1027214,2027214,08-05-24,App/Website,Partner,8-23-2024,Resolved,18
4003231,1027237,2027237,09-06-26,App/Website,Partner,9-13-2026,Resolved,7
4003329,1027984,2027984,10-11-25,App/Website,Partner,10-22-2025,Resolved,11
4003330,1027991,2027991,12-22-2024,App/Website,Partner,1-20-2025,Resolved,29
4003339,1028062,2028062,02-11-25,App/Website,Partner,2-23-2025,Resolved,12
4003355,1028193,2028193,09-08-25,App/Website,Partner,09-11-25,Resolved,3
4003381,1028464,2028464,10-25-2024,App/Website,Partner,11-20-2024,Resolved,26
4003447,1029024,2029024,1-27-2025,App/Website,Partner,02-07-25,Resolved,11
4003613,1030663,2030663,03-05-26,App/Website,Partner,3-21-2026,Resolved,16
4003644,1030997,2030997,2-23-2026,App/Website,Partner,03-09-26,Resolved,14
4003723,1031595,2031595,10-25-2026,App/Website,Partner,11-14-2026,Resolved,20
4003905,1033219,2033219,08-09-25,App/Website,Partner,8-24-2025,Resolved,15
4003951,1033511,2033511,02-09-25,App/Website,Partner,2-17-2025,Resolved,8
4004017,1034039,2034039,10-31-2024,App/Website,Partner,11-23-2024,Resolved,23
4004031,1034147,2034147,7-14-2025,App/Website,Partner,7-19-2025,Resolved,5
4004046,1034246,2034246,7-27-2026,App/Website,Partner,8-17-2026,Resolved,21
4004101,1034638,2034638,3-27-2026,App/Website,Partner,4-23-2026,Resolved,27
4004128,1034933,2034933,12-02-24,App/Website,Partner,12-09-24,Resolved,7
4004166,1035290,2035290,09-06-25,App/Website,Partner,09-10-25,Resolved,4
4004198,1035576,2035576,05-06-25,App/Website,Partner,05-10-25,Resolved,4
4004217,1035688,2035688,10-06-25,App/Website,Partner,10-14-2025,Resolved,8
4004261,1036041,2036041,08-01-26,App/Website,Partner,08-07-26,Resolved,6
4004302,1036458,2036458,5-24-2025,App/Website,Partner,06-03-25,Resolved,10
4004366,1036891,2036891,3-31-2026,App/Website,Partner,04-07-26,Resolved,7
4004381,1037008,2037008,12-04-25,App/Website,Partner,12-31-2025,Resolved,27
4004441,1037485,2037485,5-14-2025,App/Website,Partner,5-21-2025,Resolved,7
4004612,1038699,2038699,10-07-25,App/Website,Partner,10-21-2025,Resolved,14
4004617,1038745,2038745,10-14-2024,App/Website,Partner,10-17-2024,Resolved,3
4004627,1038813,2038813,11-25-2025,App/Website,Partner,12-06-25,Resolved,11
4004637,1038897,2038897,12-09-24,App/Website,Partner,01-07-25,Resolved,29
4004806,1040295,2040295,3-17-2025,App/Website,Partner,4-14-2025,Resolved,28
4004871,1040884,2040884,6-27-2025,App/Website,Partner,07-04-25,Resolved,7
4004889,1041027,2041027,11-10-24,App/Website,Partner,12-03-24,Resolved,23
4004912,1041222,2041222,6-23-2026,App/Website,Partner,7-14-2026,Resolved,21
4004998,1041942,2041942,6-18-2024,App/Website,Partner,07-02-24,Resolved,14
4005054,1042490,2042490,9-30-2025,App/Website,Partner,10-18-2025,Resolved,18
4005064,1042579,2042579,04-05-26,App/Website,Partner,4-27-2026,Resolved,22
4005083,1042758,2042758,11-25-2024,App/Website,Partner,11-27-2024,Resolved,2
4005113,1042995,2042995,5-18-2025,App/Website,Partner,6-17-2025,Resolved,30
4005130,1043115,2043115,3-23-2026,App/Website,Partner,3-24-2026,Resolved,1
4005173,1043488,2043488,2-22-2025,App/Website,Partner,3-19-2025,Resolved,25
4005231,1044029,2044029,05-08-25,App/Website,Partner,5-26-2025,Resolved,18
4005367,1045130,2045130,4-14-2025,App/Website,Partner,4-16-2025,Resolved,2
4005396,1045418,2045418,7-30-2025,App/Website,Partner,8-19-2025,Resolved,20
4005402,1045449,2045449,12-04-24,App/Website,Partner,12-15-2024,Resolved,11
4005427,1045661,2045661,04-06-26,App/Website,Partner,4-20-2026,Resolved,14
4005498,1046262,2046262,4-29-2025,App/Website,Partner,05-03-25,Resolved,4
4005508,1046340,2046340,4-23-2025,App/Website,Partner,05-10-25,Resolved,17
4005647,1047627,2047627,12-13-2025,App/Website,Partner,12-30-2025,Resolved,17
4005729,1048340,2048340,6-19-2025,App/Website,Partner,7-13-2025,Resolved,24
4005788,1048837,2048837,03-10-26,App/Website,Partner,03-12-26,Resolved,2
4005842,1049328,2049328,08-08-24,App/Website,Partner,8-29-2024,Resolved,21
4005903,1049775,2049775,1-27-2024,App/Website,Partner,02-06-24,Resolved,10
4005945,1050153,2050153,8-14-2025,App/Website,Partner,8-15-2025,Resolved,1
4005981,1050406,2050406,11-06-24,App/Website,Partner,11-27-2024,Resolved,21
4006013,1050678,2050678,2-26-2026,App/Website,Partner,3-18-2026,Resolved,20
4006059,1051177,2051177,04-12-26,App/Website,Partner,4-20-2026,Resolved,8
4006137,1051991,2051991,10-05-24,App/Website,Partner,10-07-24,Resolved,2
4006215,1052653,2052653,4-26-2025,App/Website,Partner,05-06-25,Resolved,10
4006267,1053113,2053113,11-21-2026,App/Website,Partner,12-20-2026,Resolved,29
4006274,1053163,2053163,11-14-2024,App/Website,Partner,11-19-2024,Resolved,5
4006289,1053257,2053257,11-23-2024,App/Website,Partner,12-10-24,Resolved,17
4006304,1053364,2053364,01-08-26,App/Website,Partner,1-28-2026,Resolved,20
4006335,1053667,2053667,07-05-24,App/Website,Partner,08-04-24,Resolved,30
4006536,1055233,2055233,04-08-25,App/Website,Partner,05-03-25,Resolved,25
4006646,1056155,2056155,2-26-2024,App/Website,Partner,3-20-2024,Resolved,23
4006673,1056365,2056365,10-27-2025,App/Website,Partner,10-29-2025,Resolved,2
4006857,1057718,2057718,2-20-2025,App/Website,Partner,3-21-2025,Resolved,29
4006896,1058011,2058011,12-21-2025,App/Website,Partner,01-09-26,Resolved,19
4007034,1059153,2059153,1-14-2026,App/Website,Partner,02-07-26,Resolved,24
4007088,1059601,2059601,01-06-26,App/Website,Partner,1-18-2026,Resolved,12
4007209,1060473,2060473,7-18-2025,App/Website,Partner,08-08-25,Resolved,21
4007238,1060663,2060663,4-21-2025,App/Website,Partner,5-20-2025,Resolved,29
4007299,1061139,2061139,07-06-25,App/Website,Partner,7-28-2025,Resolved,22
4007315,1061287,2061287,7-28-2025,App/Website,Partner,7-30-2025,Resolved,2
4007340,1061547,2061547,03-09-25,App/Website,Partner,03-10-25,Resolved,1
4007362,1061701,2061701,03-08-26,App/Website,Partner,3-28-2026,Resolved,20
4007388,1061878,2061878,08-06-25,App/Website,Partner,8-28-2025,Resolved,22
4007415,1062114,2062114,11-13-2024,App/Website,Partner,12-04-24,Resolved,21
4007428,1062238,2062238,11-25-2025,App/Website,Partner,12-07-25,Resolved,12
4007542,1063288,2063288,1-22-2025,App/Website,Partner,02-08-25,Resolved,17
4007553,1063388,2063388,12-23-2024,App/Website,Partner,12-24-2024,Resolved,1
4007707,1064582,2064582,8-17-2025,App/Website,Partner,8-31-2025,Resolved,14
4007725,1064730,2064730,12-07-24,App/Website,Partner,12-18-2024,Resolved,11
4007748,1064923,2064923,2-21-2025,App/Website,Partner,2-27-2025,Resolved,6
4007749,1064926,2064926,10-20-2026,App/Website,Partner,11-10-26,Resolved,21
4007783,1065170,2065170,05-04-26,App/Website,Partner,5-22-2026,Resolved,18
4007785,1065193,2065193,7-17-2025,App/Website,Partner,7-23-2025,Resolved,6
4007875,1065958,2065958,06-05-25,App/Website,Partner,6-22-2025,Resolved,17
4007886,1066036,2066036,10-20-2024,App/Website,Partner,11-15-2024,Resolved,26
4007958,1066567,2066567,06-11-24,App/Website,Partner,07-06-24,Resolved,25
4008003,1066973,2066973,4-29-2024,App/Website,Partner,05-01-24,Resolved,2
4008018,1067101,2067101,10-04-25,App/Website,Partner,10-30-2025,Resolved,26
4008088,1067672,2067672,06-09-25,App/Website,Partner,6-24-2025,Resolved,15
4008210,1068755,2068755,11-10-24,App/Website,Partner,11-13-2024,Resolved,3
4008239,1069019,2069019,1-19-2026,App/Website,Partner,1-28-2026,Resolved,9
4008313,1069601,2069601,9-26-2025,App/Website,Partner,10-02-25,Resolved,6
4008375,1070126,2070126,03-03-25,App/Website,Partner,03-09-25,Resolved,6
4008381,1070181,2070181,1-20-2025,App/Website,Partner,1-31-2025,Resolved,11
4008390,1070317,2070317,4-22-2025,App/Website,Partner,05-02-25,Resolved,10
4008433,1070676,2070676,1-23-2026,App/Website,Partner,02-07-26,Resolved,15
4008471,1071013,2071013,3-19-2025,App/Website,Partner,4-14-2025,Resolved,26
4008476,1071072,2071072,02-11-26,App/Website,Partner,2-16-2026,Resolved,5
4008478,1071083,2071083,07-10-25,App/Website,Partner,7-30-2025,Resolved,20
4008631,1072495,2072495,9-14-2024,App/Website,Partner,10-05-24,Resolved,21
4008641,1072556,2072556,12-11-24,App/Website,Partner,12-15-2024,Resolved,4
4008732,1073332,2073332,4-20-2025,App/Website,Partner,5-18-2025,Resolved,28
4008736,1073348,2073348,04-02-25,App/Website,Partner,4-15-2025,Resolved,13
4008831,1074166,2074166,11-18-2026,App/Website,Partner,12-17-2026,Resolved,29
4008841,1074267,2074267,4-28-2026,App/Website,Partner,05-11-26,Resolved,13
4008904,1074832,2074832,9-13-2025,App/Website,Partner,9-14-2025,Resolved,1
4008947,1075220,2075220,8-13-2026,App/Website,Partner,8-15-2026,Resolved,2
4009016,1075715,2075715,12-17-2024,App/Website,Partner,01-07-25,Resolved,21
4009046,1075943,2075943,7-29-2025,App/Website,Partner,08-01-25,Resolved,3
4009062,1076056,2076056,6-14-2025,App/Website,Partner,07-10-25,Resolved,26
4009119,1076451,2076451,7-15-2025,App/Website,Partner,8-14-2025,Resolved,30
4009179,1076938,2076938,12-18-2024,App/Website,Partner,12-20-2024,Resolved,2
4009237,1077414,2077414,08-06-26,App/Website,Partner,09-03-26,Resolved,28
4009331,1078301,2078301,01-07-26,App/Website,Partner,1-22-2026,Resolved,15
4009364,1078637,2078637,5-21-2025,App/Website,Partner,06-05-25,Resolved,15
4009374,1078696,2078696,3-26-2025,App/Website,Partner,4-21-2025,Resolved,26
4009427,1079135,2079135,10-30-2025,App/Website,Partner,11-13-2025,Resolved,14
4009429,1079164,2079164,10-26-2024,App/Website,Partner,11-21-2024,Resolved,26
4009442,1079245,2079245,7-20-2025,App/Website,Partner,7-26-2025,Resolved,6
4009443,1079246,2079246,10-31-2025,App/Website,Partner,11-26-2025,Resolved,26
4009453,1079309,2079309,1-21-2026,App/Website,Partner,02-02-26,Resolved,12
4009610,1080515,2080515,12-30-2025,App/Website,Partner,1-17-2026,Resolved,18
4009679,1081072,2081072,6-28-2026,App/Website,Partner,7-27-2026,Resolved,29
4009732,1081438,2081438,5-24-2025,App/Website,Partner,6-16-2025,Resolved,23
4009741,1081516,2081516,03-12-25,App/Website,Partner,3-18-2025,Resolved,6
4009750,1081586,2081586,03-08-24,App/Website,Partner,03-10-24,Resolved,2
4009776,1081806,2081806,02-07-26,App/Website,Partner,02-12-26,Resolved,5
4009836,1082256,2082256,04-02-25,App/Website,Partner,4-19-2025,Resolved,17
4009842,1082301,2082301,01-12-26,App/Website,Partner,1-17-2026,Resolved,5
4009856,1082438,2082438,2-26-2026,App/Website,Partner,03-04-26,Resolved,6
4009944,1083180,2083180,10-15-2024,App/Website,Partner,10-17-2024,Resolved,2
4009992,1083601,2083601,10-15-2025,App/Website,Partner,11-12-25,Resolved,28
4010147,1084918,2084918,3-28-2026,App/Website,Partner,4-24-2026,Resolved,27
4010152,1084965,2084965,10-01-24,App/Website,Partner,10-16-2024,Resolved,15
4010286,1086166,2086166,10-29-2025,App/Website,Partner,11-01-25,Resolved,3
4010324,1086537,2086537,4-18-2024,App/Website,Partner,4-28-2024,Resolved,10
4010355,1086822,2086822,4-18-2025,App/Website,Partner,05-11-25,Resolved,23
4010367,1086906,2086906,2-27-2026,App/Website,Partner,2-28-2026,Resolved,1
4010388,1087152,2087152,6-16-2025,App/Website,Partner,7-15-2025,Resolved,29
4010406,1087245,2087245,10-16-2025,App/Website,Partner,11-08-25,Resolved,23
4010440,1087508,2087508,12-21-2024,App/Website,Partner,01-09-25,Resolved,19
4010454,1087602,2087602,05-07-25,App/Website,Partner,5-31-2025,Resolved,24
4010518,1088109,2088109,04-08-25,App/Website,Partner,4-16-2025,Resolved,8
4010591,1088646,2088646,2-24-2025,App/Website,Partner,03-07-25,Resolved,11
4010599,1088705,2088705,2-18-2026,App/Website,Partner,2-19-2026,Resolved,1
4010615,1088773,2088773,3-14-2025,App/Website,Partner,4-13-2025,Resolved,30
4010624,1088816,2088816,9-29-2025,App/Website,Partner,10-08-25,Resolved,9
4010687,1089377,2089377,07-08-26,App/Website,Partner,7-13-2026,Resolved,5
4010694,1089450,2089450,07-09-24,App/Website,Partner,7-22-2024,Resolved,13
4010708,1089579,2089579,9-27-2024,App/Website,Partner,10-13-2024,Resolved,16
4010713,1089600,2089600,8-17-2025,App/Website,Partner,9-13-2025,Resolved,27
4010798,1090325,2090325,4-23-2025,App/Website,Partner,5-14-2025,Resolved,21
4010799,1090326,2090326,1-17-2025,App/Website,Partner,1-20-2025,Resolved,3
4010824,1090573,2090573,9-30-2024,App/Website,Partner,10-08-24,Resolved,8
4010835,1090630,2090630,11-21-2025,App/Website,Partner,11-29-2025,Resolved,8
4010866,1090859,2090859,5-14-2025,App/Website,Partner,6-13-2025,Resolved,30
4010922,1091383,2091383,1-13-2026,App/Website,Partner,1-19-2026,Resolved,6
4010949,1091618,2091618,8-29-2024,App/Website,Partner,9-23-2024,Resolved,25
4010976,1091885,2091885,03-01-25,App/Website,Partner,03-06-25,Resolved,5
4011094,1092719,2092719,11-26-2025,App/Website,Partner,12-19-2025,Resolved,23
4011135,1093071,2093071,5-28-2025,App/Website,Partner,6-27-2025,Resolved,30
4011283,1094263,2094263,11-10-25,App/Website,Partner,11-20-2025,Resolved,10
4011333,1094750,2094750,10-17-2026,App/Website,Partner,11-06-26,Resolved,20
4011405,1095458,2095458,8-22-2025,App/Website,Partner,9-13-2025,Resolved,22
4011509,1096390,2096390,4-30-2025,App/Website,Partner,05-07-25,Resolved,7
4011547,1096772,2096772,02-09-25,App/Website,Partner,2-20-2025,Resolved,11
4011628,1097483,2097483,11-28-2025,App/Website,Partner,12-19-2025,Resolved,21
4011681,1097958,2097958,01-07-25,App/Website,Partner,1-13-2025,Resolved,6
4011690,1098023,2098023,7-27-2026,App/Website,Partner,8-14-2026,Resolved,18
4011706,1098118,2098118,01-09-25,App/Website,Partner,1-19-2025,Resolved,10
4011717,1098198,2098198,03-02-26,App/Website,Partner,04-01-26,Resolved,30
4011720,1098226,2098226,12-06-25,App/Website,Partner,12-30-2025,Resolved,24
4011791,1098739,2098739,11-01-25,App/Website,Partner,11-02-25,Resolved,1
4011812,1098889,2098889,11-24-2024,App/Website,Partner,12-22-2024,Resolved,28
4011829,1099043,2099043,3-29-2025,App/Website,Partner,4-24-2025,Resolved,26
4011866,1099299,2099299,04-12-26,App/Website,Partner,4-22-2026,Resolved,10
4011867,1099309,2099309,7-27-2026,App/Website,Partner,8-24-2026,Resolved,28
4011870,1099323,2099323,6-22-2024,App/Website,Partner,7-17-2024,Resolved,25
4011929,1099783,2099783,02-01-25,App/Website,Partner,02-11-25,Resolved,10
4000029,1000245,2000245,5-20-2026,Service Quality,Partner,5-31-2026,Resolved,11
4000177,1001593,2001593,10-04-25,Service Quality,Partner,11-02-25,Resolved,29
4000185,1001662,2001662,02-11-25,Service Quality,Partner,03-02-25,Resolved,19
4000207,1001871,2001871,05-07-25,Service Quality,Partner,5-30-2025,Resolved,23
4000218,1002001,2002001,01-03-26,Service Quality,Partner,01-09-26,Resolved,6
4000241,1002281,2002281,5-19-2025,Service Quality,Partner,06-11-25,Resolved,23
4000328,1002936,2002936,8-22-2024,Service Quality,Partner,09-01-24,Resolved,10
4000431,1003827,2003827,2-17-2025,Service Quality,Partner,2-20-2025,Resolved,3
4000440,1003931,2003931,11-20-2025,Service Quality,Partner,11-30-2025,Resolved,10
4000520,1004551,2004551,8-14-2025,Service Quality,Partner,8-29-2025,Resolved,15
4000548,1004810,2004810,05-06-26,Service Quality,Partner,05-08-26,Resolved,2
4000561,1004906,2004906,03-08-25,Service Quality,Partner,04-06-25,Resolved,29
4000571,1005041,2005041,12-07-25,Service Quality,Partner,01-03-26,Resolved,27
4000590,1005208,2005208,4-23-2026,Service Quality,Partner,5-18-2026,Resolved,25
4000736,1006410,2006410,03-07-25,Service Quality,Partner,3-24-2025,Resolved,17
4000974,1008325,2008325,9-13-2025,Service Quality,Partner,9-20-2025,Resolved,7
4001021,1008766,2008766,10-04-25,Service Quality,Partner,10-18-2025,Resolved,14
4001023,1008773,2008773,5-22-2025,Service Quality,Partner,5-29-2025,Resolved,7
4001134,1009651,2009651,5-13-2025,Service Quality,Partner,5-25-2025,Resolved,12
4001172,1009941,2009941,07-07-26,Service Quality,Partner,07-09-26,Resolved,2
4001247,1010680,2010680,11-18-2025,Service Quality,Partner,12-02-25,Resolved,14
4001299,1011092,2011092,12-17-2024,Service Quality,Partner,12-28-2024,Resolved,11
4001305,1011140,2011140,5-19-2026,Service Quality,Partner,5-30-2026,Resolved,11
4001355,1011531,2011531,07-03-26,Service Quality,Partner,7-14-2026,Resolved,11
4001397,1011881,2011881,8-30-2026,Service Quality,Partner,9-23-2026,Resolved,24
4001455,1012416,2012416,5-26-2024,Service Quality,Partner,5-27-2024,Resolved,1
4001523,1012960,2012960,3-18-2025,Service Quality,Partner,04-07-25,Resolved,20
4001537,1013123,2013123,04-03-25,Service Quality,Partner,4-22-2025,Resolved,19
4001541,1013163,2013163,9-17-2024,Service Quality,Partner,10-09-24,Resolved,22
4001601,1013625,2013625,5-31-2026,Service Quality,Partner,06-07-26,Resolved,7
4001612,1013701,2013701,1-14-2026,Service Quality,Partner,1-20-2026,Resolved,6
4001656,1014004,2014004,04-12-26,Service Quality,Partner,4-18-2026,Resolved,6
4001672,1014108,2014108,12-06-25,Service Quality,Partner,12-16-2025,Resolved,10
4001767,1014948,2014948,12-21-2025,Service Quality,Partner,12-24-2025,Resolved,3
4001876,1015982,2015982,03-05-25,Service Quality,Partner,3-13-2025,Resolved,8
4001885,1016052,2016052,10-26-2024,Service Quality,Partner,11-09-24,Resolved,14
4001941,1016457,2016457,1-29-2025,Service Quality,Partner,2-18-2025,Resolved,20
4002143,1018141,2018141,11-13-2025,Service Quality,Partner,11-21-2025,Resolved,8
4002147,1018180,2018180,05-10-26,Service Quality,Partner,5-23-2026,Resolved,13
4002157,1018255,2018255,2-26-2025,Service Quality,Partner,3-27-2025,Resolved,29
4002183,1018491,2018491,07-09-25,Service Quality,Partner,7-25-2025,Resolved,16
4002212,1018842,2018842,9-20-2025,Service Quality,Partner,10-18-2025,Resolved,28
4002254,1019215,2019215,03-06-26,Service Quality,Partner,3-17-2026,Resolved,11
4002267,1019307,2019307,5-25-2025,Service Quality,Partner,06-02-25,Resolved,8
4002292,1019554,2019554,10-24-2024,Service Quality,Partner,11-19-2024,Resolved,26
4002396,1020334,2020334,11-23-2024,Service Quality,Partner,11-24-2024,Resolved,1
4002406,1020400,2020400,7-20-2026,Service Quality,Partner,8-17-2026,Resolved,28
4002410,1020429,2020429,8-24-2026,Service Quality,Partner,09-04-26,Resolved,11
4002428,1020538,2020538,12-07-24,Service Quality,Partner,12-23-2024,Resolved,16
4002517,1021280,2021280,01-06-25,Service Quality,Partner,1-31-2025,Resolved,25
4002598,1022038,2022038,4-17-2026,Service Quality,Partner,4-30-2026,Resolved,13
4002624,1022289,2022289,9-19-2024,Service Quality,Partner,9-20-2024,Resolved,1
4002638,1022389,2022389,02-07-25,Service Quality,Partner,03-03-25,Resolved,24
4002706,1022900,2022900,02-02-25,Service Quality,Partner,03-03-25,Resolved,29
4002715,1022967,2022967,8-30-2025,Service Quality,Partner,09-04-25,Resolved,5
4002718,1022993,2022993,9-25-2025,Service Quality,Partner,10-13-2025,Resolved,18
4002744,1023181,2023181,12-26-2024,Service Quality,Partner,12-29-2024,Resolved,3
4002774,1023508,2023508,10-13-2025,Service Quality,Partner,11-10-25,Resolved,28
4002779,1023525,2023525,11-30-2024,Service Quality,Partner,12-18-2024,Resolved,18
4002821,1023768,2023768,10-20-2024,Service Quality,Partner,11-13-2024,Resolved,24
4002849,1023950,2023950,11-06-25,Service Quality,Partner,12-04-25,Resolved,28
4002880,1024199,2024199,2-26-2025,Service Quality,Partner,03-09-25,Resolved,11
4002924,1024655,2024655,10-27-2025,Service Quality,Partner,10-31-2025,Resolved,4
4002936,1024812,2024812,3-27-2026,Service Quality,Partner,04-10-26,Resolved,14
4002961,1024969,2024969,11-05-24,Service Quality,Partner,11-08-24,Resolved,3
4003145,1026428,2026428,11-29-2025,Service Quality,Partner,12-27-2025,Resolved,28
4003251,1027409,2027409,8-31-2024,Service Quality,Partner,9-30-2024,Resolved,30
4003258,1027445,2027445,12-24-2025,Service Quality,Partner,1-21-2026,Resolved,28
4003278,1027603,2027603,11-28-2024,Service Quality,Partner,12-07-24,Resolved,9
4003308,1027832,2027832,05-07-24,Service Quality,Partner,5-18-2024,Resolved,11
4003486,1029427,2029427,5-22-2025,Service Quality,Partner,6-20-2025,Resolved,29
4003497,1029570,2029570,10-29-2025,Service Quality,Partner,11-04-25,Resolved,6
4003562,1030172,2030172,3-23-2025,Service Quality,Partner,04-07-25,Resolved,15
4003581,1030374,2030374,1-18-2026,Service Quality,Partner,02-07-26,Resolved,20
4003618,1030694,2030694,12-01-24,Service Quality,Partner,12-03-24,Resolved,2
4003668,1031177,2031177,12-12-25,Service Quality,Partner,01-10-26,Resolved,29
4003687,1031328,2031328,06-10-25,Service Quality,Partner,07-04-25,Resolved,24
4003736,1031719,2031719,12-02-24,Service Quality,Partner,12-29-2024,Resolved,27
4003782,1032122,2032122,9-24-2025,Service Quality,Partner,10-09-25,Resolved,15
4003837,1032586,2032586,4-29-2024,Service Quality,Partner,5-20-2024,Resolved,21
4003841,1032628,2032628,5-24-2025,Service Quality,Partner,06-09-25,Resolved,16
4003842,1032629,2032629,07-11-26,Service Quality,Partner,08-01-26,Resolved,21
4003857,1032783,2032783,03-05-26,Service Quality,Partner,3-14-2026,Resolved,9
4003898,1033156,2033156,9-24-2025,Service Quality,Partner,9-28-2025,Resolved,4
4003941,1033446,2033446,6-16-2025,Service Quality,Partner,6-28-2025,Resolved,12
4004010,1033988,2033988,12-16-2025,Service Quality,Partner,12-26-2025,Resolved,10
4004106,1034734,2034734,10-22-2025,Service Quality,Partner,11-21-2025,Resolved,30
4004340,1036682,2036682,06-08-26,Service Quality,Partner,6-14-2026,Resolved,6
4004361,1036864,2036864,2-28-2026,Service Quality,Partner,3-18-2026,Resolved,18
4004463,1037636,2037636,9-24-2024,Service Quality,Partner,10-05-24,Resolved,11
4004471,1037703,2037703,9-29-2024,Service Quality,Partner,10-11-24,Resolved,12
4004482,1037770,2037770,10-16-2024,Service Quality,Partner,10-27-2024,Resolved,11
4004553,1038283,2038283,10-26-2024,Service Quality,Partner,10-30-2024,Resolved,4
4004563,1038326,2038326,10-29-2024,Service Quality,Partner,11-06-24,Resolved,8
4004583,1038462,2038462,05-03-26,Service Quality,Partner,5-17-2026,Resolved,14
4004601,1038625,2038625,9-27-2024,Service Quality,Partner,10-16-2024,Resolved,19
4004707,1039490,2039490,12-26-2025,Service Quality,Partner,12-30-2025,Resolved,4
4004834,1040557,2040557,7-28-2026,Service Quality,Partner,08-08-26,Resolved,11
4004852,1040704,2040704,10-26-2024,Service Quality,Partner,10-29-2024,Resolved,3
4004999,1041958,2041958,2-23-2026,Service Quality,Partner,3-15-2026,Resolved,20
4005025,1042277,2042277,12-31-2024,Service Quality,Partner,01-01-25,Resolved,1
4005069,1042629,2042629,05-09-26,Service Quality,Partner,5-25-2026,Resolved,16
4005082,1042756,2042756,11-09-24,Service Quality,Partner,11-15-2024,Resolved,6
4005131,1043121,2043121,12-17-2025,Service Quality,Partner,12-27-2025,Resolved,10
4005176,1043551,2043551,02-03-25,Service Quality,Partner,02-09-25,Resolved,6
4005249,1044182,2044182,06-11-26,Service Quality,Partner,07-08-26,Resolved,27
4005279,1044435,2044435,01-07-26,Service Quality,Partner,1-24-2026,Resolved,17
4005420,1045623,2045623,12-02-25,Service Quality,Partner,12-14-2025,Resolved,12
4005499,1046270,2046270,01-09-25,Service Quality,Partner,02-05-25,Resolved,27
4005697,1048114,2048114,10-05-24,Service Quality,Partner,11-03-24,Resolved,29
4005784,1048807,2048807,9-26-2024,Service Quality,Partner,10-04-24,Resolved,8
4005891,1049662,2049662,12-27-2024,Service Quality,Partner,01-05-25,Resolved,9
4005988,1050465,2050465,10-07-25,Service Quality,Partner,10-15-2025,Resolved,8
4005991,1050477,2050477,8-22-2026,Service Quality,Partner,9-17-2026,Resolved,26
4006028,1050846,2050846,11-16-2025,Service Quality,Partner,11-29-2025,Resolved,13
4006043,1051034,2051034,06-05-24,Service Quality,Partner,06-10-24,Resolved,5
4006094,1051520,2051520,4-27-2026,Service Quality,Partner,5-15-2026,Resolved,18
4006095,1051534,2051534,09-03-25,Service Quality,Partner,10-02-25,Resolved,29
4006107,1051693,2051693,6-20-2025,Service Quality,Partner,6-28-2025,Resolved,8
4006134,1051960,2051960,01-07-26,Service Quality,Partner,02-04-26,Resolved,28
4006135,1051965,2051965,07-03-24,Service Quality,Partner,07-09-24,Resolved,6
4006181,1052352,2052352,9-15-2025,Service Quality,Partner,10-01-25,Resolved,16
4006205,1052587,2052587,09-06-24,Service Quality,Partner,09-11-24,Resolved,5
4006221,1052737,2052737,5-14-2026,Service Quality,Partner,5-26-2026,Resolved,12
4006279,1053192,2053192,11-08-25,Service Quality,Partner,12-06-25,Resolved,28
4006327,1053620,2053620,1-14-2025,Service Quality,Partner,02-06-25,Resolved,23
4006431,1054414,2054414,3-21-2026,Service Quality,Partner,3-24-2026,Resolved,3
4006456,1054591,2054591,03-08-26,Service Quality,Partner,3-17-2026,Resolved,9
4006494,1054918,2054918,3-26-2025,Service Quality,Partner,3-30-2025,Resolved,4
4006505,1055008,2055008,10-01-24,Service Quality,Partner,10-07-24,Resolved,6
4006561,1055459,2055459,09-02-24,Service Quality,Partner,9-15-2024,Resolved,13
4006605,1055821,2055821,6-29-2026,Service Quality,Partner,7-17-2026,Resolved,18
4006660,1056288,2056288,1-22-2026,Service Quality,Partner,1-31-2026,Resolved,9
4006702,1056589,2056589,04-12-25,Service Quality,Partner,4-17-2025,Resolved,5
4006763,1057035,2057035,11-15-2025,Service Quality,Partner,12-10-25,Resolved,25
4006835,1057550,2057550,3-31-2026,Service Quality,Partner,4-27-2026,Resolved,27
4006846,1057620,2057620,9-25-2026,Service Quality,Partner,10-21-2026,Resolved,26
4006879,1057872,2057872,8-31-2026,Service Quality,Partner,9-23-2026,Resolved,23
4006982,1058669,2058669,3-14-2026,Service Quality,Partner,3-26-2026,Resolved,12
4007055,1059303,2059303,08-08-25,Service Quality,Partner,8-14-2025,Resolved,6
4007080,1059534,2059534,3-27-2025,Service Quality,Partner,4-20-2025,Resolved,24
4007083,1059576,2059576,02-09-26,Service Quality,Partner,2-13-2026,Resolved,4
4007097,1059654,2059654,2-19-2025,Service Quality,Partner,2-27-2025,Resolved,8
4007184,1060328,2060328,07-12-25,Service Quality,Partner,7-28-2025,Resolved,16
4007203,1060420,2060420,05-06-25,Service Quality,Partner,05-10-25,Resolved,4
4007225,1060597,2060597,7-23-2025,Service Quality,Partner,8-15-2025,Resolved,23
4007287,1061087,2061087,2-24-2025,Service Quality,Partner,03-01-25,Resolved,5
4007438,1062298,2062298,9-28-2026,Service Quality,Partner,10-22-2026,Resolved,24
4007518,1063027,2063027,5-22-2024,Service Quality,Partner,6-19-2024,Resolved,28
4007568,1063519,2063519,3-15-2026,Service Quality,Partner,3-21-2026,Resolved,6
4007623,1063883,2063883,9-22-2024,Service Quality,Partner,10-11-24,Resolved,19
4007849,1065729,2065729,11-23-2024,Service Quality,Partner,12-21-2024,Resolved,28
4007888,1066053,2066053,4-29-2026,Service Quality,Partner,5-23-2026,Resolved,24
4007967,1066713,2066713,11-26-2024,Service Quality,Partner,12-17-2024,Resolved,21
4007970,1066730,2066730,11-07-25,Service Quality,Partner,12-07-25,Resolved,30
4008014,1067054,2067054,10-27-2024,Service Quality,Partner,11-25-2024,Resolved,29
4008054,1067365,2067365,4-19-2024,Service Quality,Partner,4-25-2024,Resolved,6
4008219,1068808,2068808,6-19-2025,Service Quality,Partner,07-05-25,Resolved,16
4008271,1069247,2069247,4-25-2026,Service Quality,Partner,05-03-26,Resolved,8
4008279,1069304,2069304,8-14-2026,Service Quality,Partner,09-10-26,Resolved,27
4008299,1069472,2069472,9-16-2024,Service Quality,Partner,9-20-2024,Resolved,4
4008400,1070380,2070380,05-07-24,Service Quality,Partner,5-28-2024,Resolved,21
4008408,1070447,2070447,5-16-2025,Service Quality,Partner,06-10-25,Resolved,25
4008513,1071390,2071390,9-28-2024,Service Quality,Partner,10-24-2024,Resolved,26
4008577,1072044,2072044,10-17-2024,Service Quality,Partner,11-16-2024,Resolved,30
4008585,1072081,2072081,12-06-24,Service Quality,Partner,12-28-2024,Resolved,22
4008597,1072147,2072147,06-02-25,Service Quality,Partner,6-14-2025,Resolved,12
4008599,1072172,2072172,11-02-24,Service Quality,Partner,11-03-24,Resolved,1
4008632,1072499,2072499,3-26-2025,Service Quality,Partner,4-16-2025,Resolved,21
4008636,1072537,2072537,2-21-2026,Service Quality,Partner,3-17-2026,Resolved,24
4008638,1072547,2072547,5-15-2026,Service Quality,Partner,6-13-2026,Resolved,29
4008653,1072653,2072653,02-09-26,Service Quality,Partner,2-23-2026,Resolved,14
4008663,1072757,2072757,2-14-2025,Service Quality,Partner,2-24-2025,Resolved,10
4008668,1072789,2072789,1-25-2025,Service Quality,Partner,02-01-25,Resolved,7
4008695,1073047,2073047,2-21-2025,Service Quality,Partner,3-23-2025,Resolved,30
4008895,1074759,2074759,08-01-26,Service Quality,Partner,08-10-26,Resolved,9
4008939,1075143,2075143,01-11-26,Service Quality,Partner,1-17-2026,Resolved,6
4008943,1075169,2075169,07-10-25,Service Quality,Partner,7-13-2025,Resolved,3
4008959,1075295,2075295,3-17-2025,Service Quality,Partner,04-01-25,Resolved,15
4008977,1075405,2075405,12-18-2025,Service Quality,Partner,01-05-26,Resolved,18
4008996,1075555,2075555,05-02-26,Service Quality,Partner,05-12-26,Resolved,10
4009009,1075651,2075651,10-11-25,Service Quality,Partner,10-28-2025,Resolved,17
4009015,1075704,2075704,03-05-25,Service Quality,Partner,03-06-25,Resolved,1
4009156,1076760,2076760,07-12-24,Service Quality,Partner,7-16-2024,Resolved,4
4009160,1076782,2076782,11-30-2025,Service Quality,Partner,12-12-25,Resolved,12
4009256,1077563,2077563,01-05-26,Service Quality,Partner,1-30-2026,Resolved,25
4009285,1077921,2077921,07-01-24,Service Quality,Partner,7-24-2024,Resolved,23
4009449,1079285,2079285,05-07-25,Service Quality,Partner,5-20-2025,Resolved,13
4009477,1079526,2079526,06-10-26,Service Quality,Partner,07-05-26,Resolved,25
4009498,1079678,2079678,8-14-2024,Service Quality,Partner,8-17-2024,Resolved,3
4009531,1079971,2079971,1-19-2026,Service Quality,Partner,2-13-2026,Resolved,25
4009571,1080244,2080244,4-21-2025,Service Quality,Partner,05-03-25,Resolved,12
4009575,1080270,2080270,10-28-2025,Service Quality,Partner,11-01-25,Resolved,4
4009605,1080486,2080486,3-15-2025,Service Quality,Partner,04-03-25,Resolved,19
4009632,1080726,2080726,01-04-26,Service Quality,Partner,01-10-26,Resolved,6
4009674,1081007,2081007,2-19-2025,Service Quality,Partner,2-28-2025,Resolved,9
4009680,1081074,2081074,03-03-25,Service Quality,Partner,3-26-2025,Resolved,23
4009697,1081190,2081190,02-10-26,Service Quality,Partner,02-11-26,Resolved,1
4009761,1081671,2081671,9-26-2024,Service Quality,Partner,10-08-24,Resolved,12
4009939,1083128,2083128,6-13-2025,Service Quality,Partner,07-06-25,Resolved,23
4010047,1084031,2084031,6-25-2025,Service Quality,Partner,7-20-2025,Resolved,25
4010323,1086513,2086513,1-29-2025,Service Quality,Partner,02-09-25,Resolved,11
4010339,1086719,2086719,3-19-2026,Service Quality,Partner,3-31-2026,Resolved,12
4010363,1086879,2086879,12-14-2025,Service Quality,Partner,01-01-26,Resolved,18
4010366,1086893,2086893,2-16-2025,Service Quality,Partner,3-13-2025,Resolved,25
4010374,1086969,2086969,05-01-25,Service Quality,Partner,05-06-25,Resolved,5
4010394,1087167,2087167,03-05-26,Service Quality,Partner,03-10-26,Resolved,5
4010492,1087895,2087895,5-27-2026,Service Quality,Partner,06-05-26,Resolved,9
4010590,1088642,2088642,8-18-2024,Service Quality,Partner,09-02-24,Resolved,15
4010629,1088856,2088856,02-11-26,Service Quality,Partner,03-02-26,Resolved,19
4010735,1089821,2089821,02-05-25,Service Quality,Partner,2-18-2025,Resolved,13
4010805,1090388,2090388,6-20-2025,Service Quality,Partner,7-20-2025,Resolved,30
4010828,1090592,2090592,09-01-25,Service Quality,Partner,09-12-25,Resolved,11
4010897,1091088,2091088,6-29-2025,Service Quality,Partner,7-22-2025,Resolved,23
4010917,1091355,2091355,1-27-2025,Service Quality,Partner,02-06-25,Resolved,10
4010939,1091537,2091537,03-12-25,Service Quality,Partner,04-02-25,Resolved,21
4010947,1091594,2091594,8-16-2025,Service Quality,Partner,09-06-25,Resolved,21
4010996,1091998,2091998,3-31-2026,Service Quality,Partner,4-30-2026,Resolved,30
4011005,1092089,2092089,7-21-2026,Service Quality,Partner,7-26-2026,Resolved,5
4011082,1092607,2092607,04-02-24,Service Quality,Partner,4-24-2024,Resolved,22
4011108,1092836,2092836,12-31-2024,Service Quality,Partner,01-05-25,Resolved,5
4011182,1093490,2093490,8-22-2025,Service Quality,Partner,8-27-2025,Resolved,5
4011196,1093582,2093582,7-18-2026,Service Quality,Partner,8-17-2026,Resolved,30
4011206,1093696,2093696,1-29-2026,Service Quality,Partner,2-25-2026,Resolved,27
4011233,1093883,2093883,03-11-26,Service Quality,Partner,04-08-26,Resolved,28
4011299,1094414,2094414,06-02-25,Service Quality,Partner,6-15-2025,Resolved,13
4011315,1094587,2094587,09-11-25,Service Quality,Partner,9-17-2025,Resolved,6
4011409,1095470,2095470,7-23-2025,Service Quality,Partner,8-18-2025,Resolved,26
4011468,1096035,2096035,11-27-2025,Service Quality,Partner,12-22-2025,Resolved,25
4011500,1096307,2096307,4-25-2024,Service Quality,Partner,5-24-2024,Resolved,29
4011581,1097093,2097093,3-16-2026,Service Quality,Partner,04-09-26,Resolved,24
4011607,1097309,2097309,8-30-2025,Service Quality,Partner,09-12-25,Resolved,13
4011619,1097411,2097411,07-05-25,Service Quality,Partner,07-07-25,Resolved,2
4011643,1097627,2097627,1-28-2026,Service Quality,Partner,1-30-2026,Resolved,2
4011655,1097766,2097766,6-19-2025,Service Quality,Partner,07-02-25,Resolved,13
4011662,1097788,2097788,02-10-25,Service Quality,Partner,2-21-2025,Resolved,11
4011880,1099440,2099440,11-19-2025,Service Quality,Partner,12-12-25,Resolved,23
4011901,1099571,2099571,3-19-2025,Service Quality,Partner,3-20-2025,Resolved,1
4011910,1099676,2099676,04-08-26,Service Quality,Partner,04-10-26,Resolved,2
4000018,1000173,2000173,9-26-2024,App/Website,Mobile App,10-01-24,Resolved,5
4000082,1000750,2000750,6-14-2025,App/Website,Mobile App,6-16-2025,Resolved,2
4000171,1001546,2001546,07-03-24,App/Website,Mobile App,7-24-2024,Resolved,21
4000213,1001957,2001957,06-06-25,App/Website,Mobile App,07-03-25,Resolved,27
4000239,1002266,2002266,09-09-24,App/Website,Mobile App,9-28-2024,Resolved,19
4000276,1002553,2002553,01-01-26,App/Website,Mobile App,1-26-2026,Resolved,25
4000282,1002576,2002576,10-05-25,App/Website,Mobile App,10-28-2025,Resolved,23
4000504,1004463,2004463,1-20-2025,App/Website,Mobile App,02-08-25,Resolved,19
4000513,1004495,2004495,9-21-2024,App/Website,Mobile App,10-20-2024,Resolved,29
4000515,1004502,2004502,4-24-2025,App/Website,Mobile App,5-20-2025,Resolved,26
4000547,1004804,2004804,12-18-2025,App/Website,Mobile App,12-28-2025,Resolved,10
4000587,1005195,2005195,5-25-2025,App/Website,Mobile App,5-26-2025,Resolved,1
4000615,1005387,2005387,07-04-25,App/Website,Mobile App,7-19-2025,Resolved,15
4000632,1005573,2005573,6-20-2026,App/Website,Mobile App,07-02-26,Resolved,12
4000768,1006699,2006699,11-28-2024,App/Website,Mobile App,12-26-2024,Resolved,28
4000829,1007293,2007293,09-12-24,App/Website,Mobile App,9-26-2024,Resolved,14
4000934,1008091,2008091,3-17-2026,App/Website,Mobile App,3-29-2026,Resolved,12
4000976,1008335,2008335,2-13-2025,App/Website,Mobile App,2-25-2025,Resolved,12
4001026,1008791,2008791,3-27-2026,App/Website,Mobile App,3-28-2026,Resolved,1
4001158,1009805,2009805,2-28-2024,App/Website,Mobile App,3-25-2024,Resolved,26
4001162,1009836,2009836,05-09-25,App/Website,Mobile App,5-30-2025,Resolved,21
4001329,1011300,2011300,9-29-2025,App/Website,Mobile App,10-25-2025,Resolved,26
4001385,1011815,2011815,11-06-25,App/Website,Mobile App,11-30-2025,Resolved,24
4001513,1012904,2012904,08-01-24,App/Website,Mobile App,8-19-2024,Resolved,18
4001525,1012989,2012989,4-20-2024,App/Website,Mobile App,05-08-24,Resolved,18
4001552,1013250,2013250,01-05-25,App/Website,Mobile App,1-24-2025,Resolved,19
4001636,1013871,2013871,10-10-24,App/Website,Mobile App,10-11-24,Resolved,1
4001642,1013901,2013901,07-12-24,App/Website,Mobile App,08-10-24,Resolved,29
4001650,1013933,2013933,12-25-2025,App/Website,Mobile App,1-21-2026,Resolved,27
4001678,1014196,2014196,04-02-25,App/Website,Mobile App,04-06-25,Resolved,4
4001729,1014671,2014671,08-07-24,App/Website,Mobile App,8-23-2024,Resolved,16
4001735,1014699,2014699,4-13-2025,App/Website,Mobile App,4-29-2025,Resolved,16
4001742,1014780,2014780,11-21-2025,App/Website,Mobile App,12-02-25,Resolved,11
4001775,1015027,2015027,10-05-24,App/Website,Mobile App,10-18-2024,Resolved,13
4001784,1015132,2015132,12-03-25,App/Website,Mobile App,12-04-25,Resolved,1
4001807,1015329,2015329,09-05-26,App/Website,Mobile App,9-17-2026,Resolved,12
4001859,1015789,2015789,12-20-2024,App/Website,Mobile App,01-12-25,Resolved,23
4001898,1016164,2016164,9-18-2025,App/Website,Mobile App,10-05-25,Resolved,17
4001980,1016721,2016721,04-06-26,App/Website,Mobile App,05-02-26,Resolved,26
4002050,1017323,2017323,12-31-2025,App/Website,Mobile App,1-15-2026,Resolved,15
4002136,1018061,2018061,04-01-26,App/Website,Mobile App,4-24-2026,Resolved,23
4002146,1018177,2018177,08-04-26,App/Website,Mobile App,8-28-2026,Resolved,24
4002220,1018886,2018886,4-14-2026,App/Website,Mobile App,4-28-2026,Resolved,14
4002251,1019192,2019192,5-20-2024,App/Website,Mobile App,06-07-24,Resolved,18
4002296,1019581,2019581,12-03-25,App/Website,Mobile App,12-08-25,Resolved,5
4002306,1019699,2019699,09-12-25,App/Website,Mobile App,10-04-25,Resolved,22
4002381,1020206,2020206,08-07-25,App/Website,Mobile App,8-13-2025,Resolved,6
4002421,1020479,2020479,4-28-2026,App/Website,Mobile App,05-01-26,Resolved,3
4002429,1020550,2020550,02-08-25,App/Website,Mobile App,03-07-25,Resolved,27
4002442,1020675,2020675,05-03-25,App/Website,Mobile App,5-26-2025,Resolved,23
4002480,1020951,2020951,8-27-2024,App/Website,Mobile App,8-30-2024,Resolved,3
4002490,1021032,2021032,09-06-25,App/Website,Mobile App,9-29-2025,Resolved,23
4002587,1021938,2021938,07-02-26,App/Website,Mobile App,7-25-2026,Resolved,23
4002603,1022086,2022086,04-04-26,App/Website,Mobile App,4-28-2026,Resolved,24
4002662,1022602,2022602,6-17-2025,App/Website,Mobile App,6-23-2025,Resolved,6
4002682,1022768,2022768,12-17-2024,App/Website,Mobile App,12-19-2024,Resolved,2
4002783,1023544,2023544,02-10-26,App/Website,Mobile App,2-21-2026,Resolved,11
4002803,1023657,2023657,02-04-26,App/Website,Mobile App,2-21-2026,Resolved,17
4002804,1023667,2023667,1-23-2025,App/Website,Mobile App,1-25-2025,Resolved,2
4002855,1023991,2023991,4-24-2026,App/Website,Mobile App,5-15-2026,Resolved,21
4002886,1024258,2024258,3-15-2026,App/Website,Mobile App,04-03-26,Resolved,19
4002890,1024309,2024309,08-09-26,App/Website,Mobile App,09-08-26,Resolved,30
4002901,1024417,2024417,9-25-2025,App/Website,Mobile App,10-25-2025,Resolved,30
4002953,1024892,2024892,10-11-24,App/Website,Mobile App,10-20-2024,Resolved,9
4003008,1025332,2025332,5-20-2025,App/Website,Mobile App,5-23-2025,Resolved,3
4003014,1025360,2025360,7-26-2025,App/Website,Mobile App,8-21-2025,Resolved,26
4003028,1025446,2025446,5-13-2025,App/Website,Mobile App,06-05-25,Resolved,23
4003116,1026126,2026126,1-31-2026,App/Website,Mobile App,2-22-2026,Resolved,22
4003143,1026419,2026419,09-01-25,App/Website,Mobile App,09-11-25,Resolved,10
4003186,1026851,2026851,3-28-2025,App/Website,Mobile App,04-07-25,Resolved,10
4003228,1027218,2027218,07-06-24,App/Website,Mobile App,7-23-2024,Resolved,17
4003268,1027510,2027510,12-16-2024,App/Website,Mobile App,01-10-25,Resolved,25
4003362,1028277,2028277,02-03-26,App/Website,Mobile App,02-06-26,Resolved,3
4003424,1028838,2028838,9-22-2024,App/Website,Mobile App,9-24-2024,Resolved,2
4003428,1028884,2028884,11-23-2025,App/Website,Mobile App,12-07-25,Resolved,14
4003480,1029314,2029314,9-15-2024,App/Website,Mobile App,9-28-2024,Resolved,13
4003496,1029555,2029555,11-08-25,App/Website,Mobile App,12-02-25,Resolved,24
4003510,1029696,2029696,08-01-26,App/Website,Mobile App,08-11-26,Resolved,10
4003583,1030380,2030380,10-19-2025,App/Website,Mobile App,10-21-2025,Resolved,2
4003639,1030947,2030947,8-21-2024,App/Website,Mobile App,09-11-24,Resolved,21
4003666,1031158,2031158,8-26-2024,App/Website,Mobile App,9-14-2024,Resolved,19
4003754,1031851,2031851,7-17-2024,App/Website,Mobile App,7-27-2024,Resolved,10
4003851,1032722,2032722,11-21-2024,App/Website,Mobile App,11-23-2024,Resolved,2
4003878,1033001,2033001,09-02-26,App/Website,Mobile App,09-12-26,Resolved,10
4003955,1033529,2033529,10-05-25,App/Website,Mobile App,10-20-2025,Resolved,15
4003987,1033820,2033820,9-28-2024,App/Website,Mobile App,10-05-24,Resolved,7
4004204,1035610,2035610,6-17-2025,App/Website,Mobile App,6-30-2025,Resolved,13
4004207,1035630,2035630,7-17-2024,App/Website,Mobile App,7-24-2024,Resolved,7
4004210,1035657,2035657,5-22-2024,App/Website,Mobile App,5-24-2024,Resolved,2
4004315,1036517,2036517,10-07-25,App/Website,Mobile App,10-27-2025,Resolved,20
4004326,1036581,2036581,11-13-2025,App/Website,Mobile App,11-16-2025,Resolved,3
4004375,1036970,2036970,02-07-24,App/Website,Mobile App,02-09-24,Resolved,2
4004388,1037064,2037064,01-12-26,App/Website,Mobile App,1-25-2026,Resolved,13
4004440,1037478,2037478,4-18-2026,App/Website,Mobile App,4-23-2026,Resolved,5
4004498,1037904,2037904,11-01-24,App/Website,Mobile App,11-23-2024,Resolved,22
4004530,1038134,2038134,9-22-2025,App/Website,Mobile App,10-10-25,Resolved,18
4004540,1038193,2038193,9-28-2025,App/Website,Mobile App,10-24-2025,Resolved,26
4004593,1038546,2038546,5-26-2026,App/Website,Mobile App,06-01-26,Resolved,6
4004623,1038783,2038783,12-23-2025,App/Website,Mobile App,12-25-2025,Resolved,2
4004630,1038834,2038834,09-07-25,App/Website,Mobile App,9-21-2025,Resolved,14
4004647,1038993,2038993,12-05-24,App/Website,Mobile App,12-13-2024,Resolved,8
4004745,1039771,2039771,5-16-2026,App/Website,Mobile App,06-03-26,Resolved,18
4004776,1040039,2040039,02-01-26,App/Website,Mobile App,2-24-2026,Resolved,23
4004785,1040110,2040110,7-18-2025,App/Website,Mobile App,7-28-2025,Resolved,10
4004875,1040900,2040900,09-04-26,App/Website,Mobile App,9-20-2026,Resolved,16
4004918,1041249,2041249,1-28-2026,App/Website,Mobile App,02-05-26,Resolved,8
4004932,1041420,2041420,06-06-24,App/Website,Mobile App,07-02-24,Resolved,26
4004941,1041504,2041504,5-31-2026,App/Website,Mobile App,06-08-26,Resolved,8
4005206,1043758,2043758,02-10-25,App/Website,Mobile App,03-03-25,Resolved,21
4005328,1044818,2044818,09-03-24,App/Website,Mobile App,9-29-2024,Resolved,26
4005346,1044927,2044927,2-15-2026,App/Website,Mobile App,2-25-2026,Resolved,10
4005350,1044964,2044964,6-17-2026,App/Website,Mobile App,07-07-26,Resolved,20
4005383,1045350,2045350,05-03-26,App/Website,Mobile App,05-04-26,Resolved,1
4005523,1046461,2046461,5-24-2025,App/Website,Mobile App,06-05-25,Resolved,12
4005586,1047059,2047059,1-23-2025,App/Website,Mobile App,1-27-2025,Resolved,4
4005637,1047563,2047563,01-12-26,App/Website,Mobile App,1-17-2026,Resolved,5
4005744,1048467,2048467,01-01-26,App/Website,Mobile App,1-19-2026,Resolved,18
4005816,1049130,2049130,7-24-2025,App/Website,Mobile App,8-21-2025,Resolved,28
4005889,1049659,2049659,10-13-2024,App/Website,Mobile App,10-19-2024,Resolved,6
4005923,1049937,2049937,06-08-25,App/Website,Mobile App,07-05-25,Resolved,27
4005949,1050176,2050176,4-18-2026,App/Website,Mobile App,5-18-2026,Resolved,30
4006038,1050980,2050980,5-14-2025,App/Website,Mobile App,5-19-2025,Resolved,5
4006050,1051089,2051089,05-07-26,App/Website,Mobile App,5-22-2026,Resolved,15
4006056,1051143,2051143,11-20-2025,App/Website,Mobile App,12-16-2025,Resolved,26
4006121,1051788,2051788,10-08-25,App/Website,Mobile App,10-11-25,Resolved,3
4006138,1051993,2051993,12-16-2024,App/Website,Mobile App,01-01-25,Resolved,16
4006203,1052564,2052564,06-01-24,App/Website,Mobile App,6-30-2024,Resolved,29
4006250,1053021,2053021,5-18-2024,App/Website,Mobile App,5-28-2024,Resolved,10
4006261,1053082,2053082,10-05-24,App/Website,Mobile App,10-23-2024,Resolved,18
4006273,1053153,2053153,11-24-2025,App/Website,Mobile App,12-15-2025,Resolved,21
4006286,1053242,2053242,11-14-2024,App/Website,Mobile App,11-15-2024,Resolved,1
4006405,1054208,2054208,1-26-2026,App/Website,Mobile App,2-13-2026,Resolved,18
4006415,1054305,2054305,7-17-2025,App/Website,Mobile App,7-21-2025,Resolved,4
4006422,1054339,2054339,11-08-25,App/Website,Mobile App,11-09-25,Resolved,1
4006433,1054417,2054417,03-06-25,App/Website,Mobile App,3-20-2025,Resolved,14
4006446,1054513,2054513,4-22-2025,App/Website,Mobile App,05-07-25,Resolved,15
4006447,1054523,2054523,9-20-2025,App/Website,Mobile App,10-01-25,Resolved,11
4006495,1054921,2054921,11-19-2024,App/Website,Mobile App,11-30-2024,Resolved,11
4006664,1056307,2056307,6-30-2025,App/Website,Mobile App,7-19-2025,Resolved,19
4006671,1056352,2056352,9-16-2025,App/Website,Mobile App,10-11-25,Resolved,25
4006680,1056440,2056440,1-22-2025,App/Website,Mobile App,2-13-2025,Resolved,22
4006796,1057270,2057270,3-26-2026,App/Website,Mobile App,4-17-2026,Resolved,22
4006836,1057561,2057561,08-11-25,App/Website,Mobile App,8-27-2025,Resolved,16
4006852,1057658,2057658,1-25-2025,App/Website,Mobile App,02-10-25,Resolved,16
4006863,1057781,2057781,12-27-2024,App/Website,Mobile App,1-17-2025,Resolved,21
4006897,1058012,2058012,2-16-2025,App/Website,Mobile App,03-05-25,Resolved,17
4006917,1058148,2058148,07-05-25,App/Website,Mobile App,07-08-25,Resolved,3
4006997,1058814,2058814,7-16-2025,App/Website,Mobile App,08-11-25,Resolved,26
4007068,1059396,2059396,8-29-2025,App/Website,Mobile App,09-01-25,Resolved,3
4007190,1060359,2060359,9-20-2025,App/Website,Mobile App,10-19-2025,Resolved,29
4007210,1060487,2060487,12-18-2024,App/Website,Mobile App,01-09-25,Resolved,22
4007270,1060941,2060941,12-23-2025,App/Website,Mobile App,12-29-2025,Resolved,6
4007342,1061555,2061555,04-09-26,App/Website,Mobile App,04-12-26,Resolved,3
4007374,1061782,2061782,3-25-2026,App/Website,Mobile App,4-15-2026,Resolved,21
4007454,1062374,2062374,09-01-24,App/Website,Mobile App,9-15-2024,Resolved,14
4007462,1062421,2062421,2-22-2025,App/Website,Mobile App,3-19-2025,Resolved,25
4007511,1062968,2062968,07-04-25,App/Website,Mobile App,7-25-2025,Resolved,21
4007646,1064068,2064068,12-31-2024,App/Website,Mobile App,01-07-25,Resolved,7
4007701,1064530,2064530,02-11-25,App/Website,Mobile App,02-12-25,Resolved,1
4007865,1065895,2065895,03-10-26,App/Website,Mobile App,04-09-26,Resolved,30
4007908,1066222,2066222,7-18-2025,App/Website,Mobile App,08-07-25,Resolved,20
4007933,1066416,2066416,07-02-24,App/Website,Mobile App,7-22-2024,Resolved,20
4007995,1066923,2066923,1-24-2025,App/Website,Mobile App,02-05-25,Resolved,12
4008055,1067368,2067368,1-25-2025,App/Website,Mobile App,02-06-25,Resolved,12
4008068,1067452,2067452,02-04-25,App/Website,Mobile App,02-06-25,Resolved,2
4008076,1067538,2067538,6-26-2025,App/Website,Mobile App,07-02-25,Resolved,6
4008139,1068148,2068148,08-01-26,App/Website,Mobile App,8-23-2026,Resolved,22
4008157,1068260,2068260,7-20-2024,App/Website,Mobile App,8-15-2024,Resolved,26
4008167,1068331,2068331,01-08-25,App/Website,Mobile App,1-19-2025,Resolved,11
4008174,1068382,2068382,6-13-2025,App/Website,Mobile App,6-18-2025,Resolved,5
4008175,1068383,2068383,12-26-2024,App/Website,Mobile App,1-15-2025,Resolved,20
4008192,1068549,2068549,6-16-2025,App/Website,Mobile App,6-24-2025,Resolved,8
4008194,1068570,2068570,4-22-2024,App/Website,Mobile App,5-15-2024,Resolved,23
4008261,1069185,2069185,4-13-2025,App/Website,Mobile App,4-20-2025,Resolved,7
4008274,1069265,2069265,6-29-2026,App/Website,Mobile App,6-30-2026,Resolved,1
4008523,1071468,2071468,3-21-2024,App/Website,Mobile App,4-16-2024,Resolved,26
4008545,1071695,2071695,3-26-2025,App/Website,Mobile App,04-02-25,Resolved,7
4008572,1071985,2071985,4-17-2024,App/Website,Mobile App,5-16-2024,Resolved,29
4008713,1073154,2073154,11-27-2025,App/Website,Mobile App,12-16-2025,Resolved,19
4008742,1073430,2073430,1-27-2026,App/Website,Mobile App,2-17-2026,Resolved,21
4008879,1074571,2074571,07-05-26,App/Website,Mobile App,7-15-2026,Resolved,10
4008889,1074682,2074682,5-24-2026,App/Website,Mobile App,06-05-26,Resolved,12
4008934,1075085,2075085,3-22-2025,App/Website,Mobile App,04-04-25,Resolved,13
4008944,1075187,2075187,09-08-25,App/Website,Mobile App,9-27-2025,Resolved,19
4009094,1076279,2076279,12-17-2025,App/Website,Mobile App,01-07-26,Resolved,21
4009146,1076635,2076635,07-07-25,App/Website,Mobile App,7-19-2025,Resolved,12
4009186,1076985,2076985,8-29-2025,App/Website,Mobile App,09-01-25,Resolved,3
4009290,1077977,2077977,7-31-2025,App/Website,Mobile App,8-29-2025,Resolved,29
4009312,1078154,2078154,3-17-2026,App/Website,Mobile App,3-30-2026,Resolved,13
4009371,1078672,2078672,04-09-25,App/Website,Mobile App,4-27-2025,Resolved,18
4009387,1078814,2078814,04-06-26,App/Website,Mobile App,05-03-26,Resolved,27
4009410,1079017,2079017,05-08-25,App/Website,Mobile App,05-10-25,Resolved,2
4009441,1079242,2079242,5-26-2026,App/Website,Mobile App,06-09-26,Resolved,14
4009478,1079549,2079549,12-10-24,App/Website,Mobile App,12-11-24,Resolved,1
4009566,1080211,2080211,07-05-25,App/Website,Mobile App,7-27-2025,Resolved,22
4009586,1080359,2080359,3-18-2025,App/Website,Mobile App,04-02-25,Resolved,15
4009735,1081451,2081451,10-01-25,App/Website,Mobile App,10-12-25,Resolved,11
4009845,1082343,2082343,8-22-2026,App/Website,Mobile App,8-29-2026,Resolved,7
4009863,1082492,2082492,07-03-25,App/Website,Mobile App,7-13-2025,Resolved,10
4009868,1082504,2082504,1-26-2026,App/Website,Mobile App,1-31-2026,Resolved,5
4009936,1083093,2083093,07-11-24,App/Website,Mobile App,08-04-24,Resolved,24
4009956,1083293,2083293,9-15-2025,App/Website,Mobile App,9-17-2025,Resolved,2
4009987,1083561,2083561,1-13-2026,App/Website,Mobile App,02-03-26,Resolved,21
4010101,1084504,2084504,10-15-2024,App/Website,Mobile App,10-19-2024,Resolved,4
4010193,1085287,2085287,2-14-2025,App/Website,Mobile App,03-11-25,Resolved,25
4010232,1085669,2085669,1-22-2026,App/Website,Mobile App,2-13-2026,Resolved,22
4010278,1086099,2086099,12-17-2024,App/Website,Mobile App,12-25-2024,Resolved,8
4010345,1086766,2086766,02-10-25,App/Website,Mobile App,2-23-2025,Resolved,13
4010368,1086913,2086913,10-30-2026,App/Website,Mobile App,11-24-2026,Resolved,25
4010536,1088225,2088225,08-07-26,App/Website,Mobile App,09-02-26,Resolved,26
4010621,1088792,2088792,12-04-25,App/Website,Mobile App,12-25-2025,Resolved,21
4010649,1088990,2088990,3-27-2026,App/Website,Mobile App,04-06-26,Resolved,10
4010690,1089429,2089429,11-10-24,App/Website,Mobile App,11-23-2024,Resolved,13
4010777,1090174,2090174,7-20-2025,App/Website,Mobile App,08-11-25,Resolved,22
4010819,1090541,2090541,10-15-2024,App/Website,Mobile App,11-03-24,Resolved,19
4010836,1090695,2090695,7-19-2026,App/Website,Mobile App,7-31-2026,Resolved,12
4010952,1091631,2091631,07-07-24,App/Website,Mobile App,7-16-2024,Resolved,9
4011057,1092415,2092415,12-24-2024,App/Website,Mobile App,1-17-2025,Resolved,24
4011115,1092904,2092904,4-27-2026,App/Website,Mobile App,05-02-26,Resolved,5
4011179,1093473,2093473,03-09-26,App/Website,Mobile App,3-25-2026,Resolved,16
4011199,1093631,2093631,8-29-2025,App/Website,Mobile App,9-16-2025,Resolved,18
4011210,1093717,2093717,8-25-2025,App/Website,Mobile App,8-26-2025,Resolved,1
4011329,1094740,2094740,5-30-2024,App/Website,Mobile App,6-27-2024,Resolved,28
4011334,1094759,2094759,2-26-2025,App/Website,Mobile App,03-03-25,Resolved,5
4011339,1094789,2094789,09-12-25,App/Website,Mobile App,10-04-25,Resolved,22
4011406,1095461,2095461,1-28-2025,App/Website,Mobile App,02-04-25,Resolved,7
4011454,1095865,2095865,09-06-25,App/Website,Mobile App,09-11-25,Resolved,5
4011483,1096158,2096158,11-27-2025,App/Website,Mobile App,12-02-25,Resolved,5
4011525,1096541,2096541,11-06-25,App/Website,Mobile App,11-21-2025,Resolved,15
4011543,1096732,2096732,06-10-26,App/Website,Mobile App,07-02-26,Resolved,22
4011580,1097078,2097078,4-19-2026,App/Website,Mobile App,05-05-26,Resolved,16
4011665,1097815,2097815,03-10-26,App/Website,Mobile App,3-27-2026,Resolved,17
4011787,1098722,2098722,9-17-2024,App/Website,Mobile App,10-09-24,Resolved,22
4011843,1099148,2099148,03-12-25,App/Website,Mobile App,3-22-2025,Resolved,10
4011902,1099586,2099586,6-19-2024,App/Website,Mobile App,6-20-2024,Resolved,1
4011906,1099650,2099650,01-10-25,App/Website,Mobile App,1-19-2025,Resolved,9
4011945,1099926,2099926,10-06-25,App/Website,Mobile App,10-09-25,Resolved,3
4000047,1000415,2000415,02-01-25,Premium Issue,Mobile App,2-28-2025,Resolved,27
4000056,1000490,2000490,05-02-25,Premium Issue,Mobile App,5-19-2025,Resolved,17
4000059,1000522,2000522,2-13-2025,Premium Issue,Mobile App,2-20-2025,Resolved,7
4000080,1000737,2000737,10-05-25,Premium Issue,Mobile App,11-01-25,Resolved,27
4000104,1000951,2000951,02-11-25,Premium Issue,Mobile App,03-11-25,Resolved,28
4000159,1001426,2001426,7-14-2025,Premium Issue,Mobile App,08-05-25,Resolved,22
4000201,1001818,2001818,09-06-24,Premium Issue,Mobile App,9-18-2024,Resolved,12
4000221,1002032,2002032,03-11-24,Premium Issue,Mobile App,04-07-24,Resolved,27
4000257,1002396,2002396,4-26-2024,Premium Issue,Mobile App,4-28-2024,Resolved,2
4000284,1002624,2002624,7-29-2025,Premium Issue,Mobile App,08-01-25,Resolved,3
4000302,1002785,2002785,4-13-2024,Premium Issue,Mobile App,4-16-2024,Resolved,3
4000392,1003503,2003503,07-04-26,Premium Issue,Mobile App,07-08-26,Resolved,4
4000541,1004743,2004743,12-10-25,Premium Issue,Mobile App,12-24-2025,Resolved,14
4000566,1004997,2004997,09-01-25,Premium Issue,Mobile App,9-24-2025,Resolved,23
4000575,1005078,2005078,8-15-2024,Premium Issue,Mobile App,09-11-24,Resolved,27
4000758,1006629,2006629,1-25-2026,Premium Issue,Mobile App,02-07-26,Resolved,13
4000763,1006660,2006660,10-28-2025,Premium Issue,Mobile App,11-02-25,Resolved,5
4000806,1007071,2007071,2-27-2026,Premium Issue,Mobile App,03-11-26,Resolved,12
4000822,1007184,2007184,02-01-25,Premium Issue,Mobile App,02-02-25,Resolved,1
4000863,1007535,2007535,9-19-2024,Premium Issue,Mobile App,9-24-2024,Resolved,5
4001000,1008572,2008572,12-13-2024,Premium Issue,Mobile App,01-06-25,Resolved,24
4001009,1008676,2008676,10-27-2026,Premium Issue,Mobile App,11-13-2026,Resolved,17
4001025,1008787,2008787,11-08-25,Premium Issue,Mobile App,11-15-2025,Resolved,7
4001028,1008797,2008797,08-03-24,Premium Issue,Mobile App,8-14-2024,Resolved,11
4001031,1008810,2008810,12-27-2024,Premium Issue,Mobile App,12-28-2024,Resolved,1
4001037,1008843,2008843,3-23-2024,Premium Issue,Mobile App,04-12-24,Resolved,20
4001043,1008894,2008894,04-08-24,Premium Issue,Mobile App,4-30-2024,Resolved,22
4001118,1009464,2009464,10-21-2024,Premium Issue,Mobile App,11-06-24,Resolved,16
4001155,1009775,2009775,11-30-2024,Premium Issue,Mobile App,12-22-2024,Resolved,22
4001191,1010196,2010196,10-22-2025,Premium Issue,Mobile App,10-25-2025,Resolved,3
4001318,1011245,2011245,9-13-2026,Premium Issue,Mobile App,9-26-2026,Resolved,13
4001403,1011932,2011932,3-26-2026,Premium Issue,Mobile App,4-14-2026,Resolved,19
4001472,1012544,2012544,1-21-2025,Premium Issue,Mobile App,02-12-25,Resolved,22
4001480,1012606,2012606,11-01-24,Premium Issue,Mobile App,11-23-2024,Resolved,22
4001535,1013075,2013075,2-17-2026,Premium Issue,Mobile App,03-06-26,Resolved,17
4001598,1013611,2013611,07-11-25,Premium Issue,Mobile App,08-03-25,Resolved,23
4001640,1013892,2013892,2-26-2026,Premium Issue,Mobile App,3-14-2026,Resolved,16
4001664,1014063,2014063,10-18-2025,Premium Issue,Mobile App,11-12-25,Resolved,25
4001725,1014636,2014636,2-24-2026,Premium Issue,Mobile App,3-24-2026,Resolved,28
4001782,1015108,2015108,1-31-2025,Premium Issue,Mobile App,2-17-2025,Resolved,17
4001791,1015179,2015179,1-25-2025,Premium Issue,Mobile App,1-28-2025,Resolved,3
4001855,1015772,2015772,12-17-2025,Premium Issue,Mobile App,12-25-2025,Resolved,8
4001860,1015818,2015818,6-24-2024,Premium Issue,Mobile App,7-23-2024,Resolved,29
4001892,1016112,2016112,1-26-2026,Premium Issue,Mobile App,02-08-26,Resolved,13
4001899,1016174,2016174,09-03-25,Premium Issue,Mobile App,9-26-2025,Resolved,23
4001931,1016373,2016373,11-21-2025,Premium Issue,Mobile App,12-20-2025,Resolved,29
4002053,1017340,2017340,8-15-2024,Premium Issue,Mobile App,8-22-2024,Resolved,7
4002054,1017352,2017352,9-28-2024,Premium Issue,Mobile App,10-26-2024,Resolved,28
4002120,1017916,2017916,04-08-26,Premium Issue,Mobile App,4-19-2026,Resolved,11
4002153,1018210,2018210,4-23-2025,Premium Issue,Mobile App,05-11-25,Resolved,18
4002276,1019411,2019411,3-17-2024,Premium Issue,Mobile App,4-13-2024,Resolved,27
4002295,1019576,2019576,04-12-25,Premium Issue,Mobile App,05-02-25,Resolved,20
4002314,1019780,2019780,09-05-25,Premium Issue,Mobile App,9-27-2025,Resolved,22
4002320,1019811,2019811,7-23-2025,Premium Issue,Mobile App,08-12-25,Resolved,20
4002328,1019869,2019869,02-11-25,Premium Issue,Mobile App,2-19-2025,Resolved,8
4002338,1019943,2019943,9-28-2026,Premium Issue,Mobile App,10-14-2026,Resolved,16
4002456,1020779,2020779,8-24-2026,Premium Issue,Mobile App,09-12-26,Resolved,19
4002534,1021449,2021449,09-02-26,Premium Issue,Mobile App,09-05-26,Resolved,3
4002702,1022890,2022890,11-13-2024,Premium Issue,Mobile App,12-05-24,Resolved,22
4002716,1022968,2022968,12-10-25,Premium Issue,Mobile App,12-31-2025,Resolved,21
4002792,1023616,2023616,1-21-2025,Premium Issue,Mobile App,1-30-2025,Resolved,9
4002819,1023757,2023757,9-17-2025,Premium Issue,Mobile App,10-09-25,Resolved,22
4002828,1023811,2023811,8-15-2024,Premium Issue,Mobile App,8-20-2024,Resolved,5
4002839,1023908,2023908,5-30-2025,Premium Issue,Mobile App,6-14-2025,Resolved,15
4002872,1024127,2024127,2-25-2025,Premium Issue,Mobile App,3-20-2025,Resolved,23
4002873,1024135,2024135,08-02-25,Premium Issue,Mobile App,8-25-2025,Resolved,23
4002875,1024158,2024158,3-14-2024,Premium Issue,Mobile App,04-01-24,Resolved,18
4002920,1024615,2024615,10-31-2024,Premium Issue,Mobile App,11-22-2024,Resolved,22
4002928,1024697,2024697,1-18-2025,Premium Issue,Mobile App,02-05-25,Resolved,18
4002938,1024822,2024822,1-16-2026,Premium Issue,Mobile App,02-06-26,Resolved,21
4002988,1025187,2025187,10-24-2025,Premium Issue,Mobile App,11-19-2025,Resolved,26
4003045,1025557,2025557,07-04-24,Premium Issue,Mobile App,7-27-2024,Resolved,23
4003068,1025739,2025739,06-04-25,Premium Issue,Mobile App,06-09-25,Resolved,5
4003073,1025769,2025769,12-17-2024,Premium Issue,Mobile App,12-28-2024,Resolved,11
4003107,1026057,2026057,01-08-25,Premium Issue,Mobile App,1-21-2025,Resolved,13
4003161,1026630,2026630,10-26-2024,Premium Issue,Mobile App,10-27-2024,Resolved,1
4003213,1027091,2027091,09-09-25,Premium Issue,Mobile App,10-05-25,Resolved,26
4003275,1027591,2027591,01-04-25,Premium Issue,Mobile App,1-13-2025,Resolved,9
4003304,1027772,2027772,2-26-2026,Premium Issue,Mobile App,03-04-26,Resolved,6
4003444,1028981,2028981,7-29-2025,Premium Issue,Mobile App,08-05-25,Resolved,7
4003502,1029626,2029626,10-13-2026,Premium Issue,Mobile App,10-14-2026,Resolved,1
4003546,1030001,2030001,10-10-24,Premium Issue,Mobile App,10-28-2024,Resolved,18
4003612,1030646,2030646,02-10-26,Premium Issue,Mobile App,03-06-26,Resolved,24
4003682,1031273,2031273,07-04-25,Premium Issue,Mobile App,7-27-2025,Resolved,23
4003709,1031476,2031476,06-03-25,Premium Issue,Mobile App,6-18-2025,Resolved,15
4003715,1031535,2031535,11-01-24,Premium Issue,Mobile App,11-20-2024,Resolved,19
4003889,1033098,2033098,09-02-25,Premium Issue,Mobile App,09-10-25,Resolved,8
4003967,1033619,2033619,05-10-25,Premium Issue,Mobile App,5-29-2025,Resolved,19
4003994,1033867,2033867,3-15-2026,Premium Issue,Mobile App,3-20-2026,Resolved,5
4004012,1034000,2034000,3-19-2025,Premium Issue,Mobile App,04-08-25,Resolved,20
4004043,1034224,2034224,7-22-2025,Premium Issue,Mobile App,8-20-2025,Resolved,29
4004152,1035148,2035148,01-11-26,Premium Issue,Mobile App,1-14-2026,Resolved,3
4004211,1035665,2035665,6-21-2026,Premium Issue,Mobile App,07-07-26,Resolved,16
4004279,1036210,2036210,6-16-2025,Premium Issue,Mobile App,6-27-2025,Resolved,11
4004360,1036853,2036853,3-13-2026,Premium Issue,Mobile App,3-14-2026,Resolved,1
4004401,1037214,2037214,10-27-2025,Premium Issue,Mobile App,11-09-25,Resolved,13
4004516,1038046,2038046,8-23-2025,Premium Issue,Mobile App,9-21-2025,Resolved,29
4004605,1038651,2038651,3-15-2026,Premium Issue,Mobile App,04-06-26,Resolved,22
4004607,1038674,2038674,4-24-2025,Premium Issue,Mobile App,5-17-2025,Resolved,23
4004625,1038794,2038794,08-09-26,Premium Issue,Mobile App,09-04-26,Resolved,26
4004670,1039197,2039197,1-28-2026,Premium Issue,Mobile App,2-20-2026,Resolved,23
4004760,1039912,2039912,7-26-2025,Premium Issue,Mobile App,8-15-2025,Resolved,20
4004824,1040444,2040444,7-18-2025,Premium Issue,Mobile App,8-17-2025,Resolved,30
4004836,1040590,2040590,11-13-2025,Premium Issue,Mobile App,12-06-25,Resolved,23
4004895,1041054,2041054,12-27-2025,Premium Issue,Mobile App,1-19-2026,Resolved,23
4004929,1041388,2041388,11-16-2024,Premium Issue,Mobile App,11-20-2024,Resolved,4
4004939,1041487,2041487,9-30-2026,Premium Issue,Mobile App,10-25-2026,Resolved,25
4005060,1042549,2042549,10-08-25,Premium Issue,Mobile App,11-05-25,Resolved,28
4005081,1042755,2042755,12-27-2024,Premium Issue,Mobile App,01-12-25,Resolved,16
4005096,1042877,2042877,6-26-2025,Premium Issue,Mobile App,6-28-2025,Resolved,2
4005207,1043761,2043761,10-29-2026,Premium Issue,Mobile App,11-07-26,Resolved,9
4005305,1044652,2044652,07-12-25,Premium Issue,Mobile App,7-21-2025,Resolved,9
4005321,1044763,2044763,4-15-2026,Premium Issue,Mobile App,4-19-2026,Resolved,4
4005460,1045921,2045921,7-24-2024,Premium Issue,Mobile App,08-05-24,Resolved,12
4005487,1046179,2046179,12-11-25,Premium Issue,Mobile App,01-07-26,Resolved,27
4005495,1046240,2046240,10-15-2024,Premium Issue,Mobile App,11-12-24,Resolved,28
4005518,1046419,2046419,1-13-2025,Premium Issue,Mobile App,02-03-25,Resolved,21
4005601,1047181,2047181,10-09-26,Premium Issue,Mobile App,11-05-26,Resolved,27
4005642,1047597,2047597,05-09-25,Premium Issue,Mobile App,5-21-2025,Resolved,12
4005686,1047994,2047994,02-02-26,Premium Issue,Mobile App,02-09-26,Resolved,7
4005689,1048016,2048016,10-14-2025,Premium Issue,Mobile App,11-12-25,Resolved,29
4005704,1048176,2048176,4-14-2026,Premium Issue,Mobile App,05-11-26,Resolved,27
4005821,1049178,2049178,10-13-2024,Premium Issue,Mobile App,10-25-2024,Resolved,12
4005852,1049408,2049408,1-26-2026,Premium Issue,Mobile App,2-22-2026,Resolved,27
4005875,1049586,2049586,2-26-2025,Premium Issue,Mobile App,3-22-2025,Resolved,24
4005907,1049813,2049813,08-12-25,Premium Issue,Mobile App,8-30-2025,Resolved,18
4005927,1049997,2049997,01-12-25,Premium Issue,Mobile App,02-08-25,Resolved,27
4006002,1050554,2050554,12-26-2024,Premium Issue,Mobile App,12-31-2024,Resolved,5
4006024,1050810,2050810,5-29-2025,Premium Issue,Mobile App,6-17-2025,Resolved,19
4006039,1050992,2050992,1-26-2026,Premium Issue,Mobile App,02-05-26,Resolved,10
4006075,1051404,2051404,01-09-25,Premium Issue,Mobile App,1-21-2025,Resolved,12
4006079,1051431,2051431,12-01-25,Premium Issue,Mobile App,12-07-25,Resolved,6
4006222,1052771,2052771,2-16-2025,Premium Issue,Mobile App,03-08-25,Resolved,20
4006231,1052843,2052843,06-02-25,Premium Issue,Mobile App,06-08-25,Resolved,6
4006239,1052897,2052897,10-13-2025,Premium Issue,Mobile App,10-17-2025,Resolved,4
4006272,1053150,2053150,7-16-2026,Premium Issue,Mobile App,7-18-2026,Resolved,2
4006315,1053471,2053471,12-15-2024,Premium Issue,Mobile App,12-29-2024,Resolved,14
4006420,1054330,2054330,4-28-2025,Premium Issue,Mobile App,05-10-25,Resolved,12
4006459,1054620,2054620,05-11-24,Premium Issue,Mobile App,5-26-2024,Resolved,15
4006555,1055403,2055403,3-19-2025,Premium Issue,Mobile App,3-28-2025,Resolved,9
4006652,1056224,2056224,7-16-2025,Premium Issue,Mobile App,7-21-2025,Resolved,5
4006725,1056758,2056758,12-10-25,Premium Issue,Mobile App,01-05-26,Resolved,26
4006745,1056930,2056930,01-05-26,Premium Issue,Mobile App,1-31-2026,Resolved,26
4006747,1056946,2056946,4-25-2025,Premium Issue,Mobile App,05-08-25,Resolved,13
4007204,1060422,2060422,10-02-25,Premium Issue,Mobile App,10-28-2025,Resolved,26
4007268,1060906,2060906,3-21-2026,Premium Issue,Mobile App,04-11-26,Resolved,21
4007301,1061164,2061164,01-08-26,Premium Issue,Mobile App,1-20-2026,Resolved,12
4007324,1061362,2061362,08-04-26,Premium Issue,Mobile App,8-20-2026,Resolved,16
4007423,1062179,2062179,10-21-2025,Premium Issue,Mobile App,10-30-2025,Resolved,9
4007424,1062213,2062213,05-04-25,Premium Issue,Mobile App,5-20-2025,Resolved,16
4007528,1063136,2063136,01-08-25,Premium Issue,Mobile App,01-10-25,Resolved,2
4007549,1063367,2063367,09-10-26,Premium Issue,Mobile App,10-04-26,Resolved,24
4007629,1063942,2063942,01-07-25,Premium Issue,Mobile App,1-17-2025,Resolved,10
4007637,1064005,2064005,5-30-2025,Premium Issue,Mobile App,6-13-2025,Resolved,14
4007698,1064504,2064504,05-11-25,Premium Issue,Mobile App,5-29-2025,Resolved,18
4007750,1064933,2064933,10-13-2025,Premium Issue,Mobile App,10-24-2025,Resolved,11
4007762,1065031,2065031,12-20-2025,Premium Issue,Mobile App,12-26-2025,Resolved,6
4007763,1065033,2065033,5-27-2026,Premium Issue,Mobile App,5-30-2026,Resolved,3
4007775,1065116,2065116,11-01-24,Premium Issue,Mobile App,12-01-24,Resolved,30
4007779,1065145,2065145,6-26-2025,Premium Issue,Mobile App,7-15-2025,Resolved,19
4007786,1065210,2065210,11-30-2025,Premium Issue,Mobile App,12-19-2025,Resolved,19
4007912,1066256,2066256,5-31-2025,Premium Issue,Mobile App,06-04-25,Resolved,4
4007914,1066267,2066267,10-24-2025,Premium Issue,Mobile App,11-15-2025,Resolved,22
4007992,1066919,2066919,09-08-25,Premium Issue,Mobile App,10-01-25,Resolved,23
4008038,1067280,2067280,7-30-2026,Premium Issue,Mobile App,08-11-26,Resolved,12
4008127,1068046,2068046,09-10-24,Premium Issue,Mobile App,9-26-2024,Resolved,16
4008148,1068203,2068203,9-16-2026,Premium Issue,Mobile App,9-19-2026,Resolved,3
4008233,1068933,2068933,08-04-24,Premium Issue,Mobile App,8-29-2024,Resolved,25
4008318,1069643,2069643,10-18-2024,Premium Issue,Mobile App,10-21-2024,Resolved,3
4008355,1069930,2069930,08-07-25,Premium Issue,Mobile App,08-09-25,Resolved,2
4008358,1069958,2069958,07-07-26,Premium Issue,Mobile App,7-29-2026,Resolved,22
4008538,1071603,2071603,11-23-2024,Premium Issue,Mobile App,12-13-2024,Resolved,20
4008719,1073243,2073243,12-18-2025,Premium Issue,Mobile App,1-15-2026,Resolved,28
4008733,1073337,2073337,8-27-2025,Premium Issue,Mobile App,8-29-2025,Resolved,2
4008781,1073732,2073732,06-07-24,Premium Issue,Mobile App,6-19-2024,Resolved,12
4008815,1073996,2073996,5-30-2025,Premium Issue,Mobile App,6-24-2025,Resolved,25
4008878,1074549,2074549,8-15-2024,Premium Issue,Mobile App,8-20-2024,Resolved,5
4008882,1074627,2074627,02-04-26,Premium Issue,Mobile App,2-22-2026,Resolved,18
4008949,1075235,2075235,01-11-26,Premium Issue,Mobile App,02-08-26,Resolved,28
4009037,1075837,2075837,2-21-2025,Premium Issue,Mobile App,3-14-2025,Resolved,21
4009074,1076110,2076110,04-07-24,Premium Issue,Mobile App,4-27-2024,Resolved,20
4009076,1076122,2076122,5-25-2025,Premium Issue,Mobile App,6-22-2025,Resolved,28
4009131,1076519,2076519,06-05-25,Premium Issue,Mobile App,6-30-2025,Resolved,25
4009271,1077697,2077697,7-17-2026,Premium Issue,Mobile App,08-09-26,Resolved,23
4009315,1078184,2078184,10-23-2025,Premium Issue,Mobile App,10-24-2025,Resolved,1
4009338,1078371,2078371,5-16-2025,Premium Issue,Mobile App,5-23-2025,Resolved,7
4009376,1078705,2078705,09-06-25,Premium Issue,Mobile App,10-03-25,Resolved,27
4009400,1078926,2078926,06-02-25,Premium Issue,Mobile App,6-26-2025,Resolved,24
4009417,1079058,2079058,08-10-24,Premium Issue,Mobile App,09-03-24,Resolved,24
4009419,1079090,2079090,1-20-2025,Premium Issue,Mobile App,1-28-2025,Resolved,8
4009458,1079353,2079353,09-12-24,Premium Issue,Mobile App,9-13-2024,Resolved,1
4009472,1079489,2079489,10-15-2024,Premium Issue,Mobile App,11-11-24,Resolved,27
4009517,1079849,2079849,9-21-2024,Premium Issue,Mobile App,10-03-24,Resolved,12
4009527,1079945,2079945,9-27-2024,Premium Issue,Mobile App,10-01-24,Resolved,4
4009539,1080026,2080026,9-16-2024,Premium Issue,Mobile App,9-28-2024,Resolved,12
4009544,1080053,2080053,10-26-2024,Premium Issue,Mobile App,11-21-2024,Resolved,26
4009547,1080078,2080078,05-11-25,Premium Issue,Mobile App,5-28-2025,Resolved,17
4009581,1080325,2080325,04-05-25,Premium Issue,Mobile App,04-12-25,Resolved,7
4009667,1080980,2080980,10-15-2025,Premium Issue,Mobile App,11-10-25,Resolved,26
4009696,1081185,2081185,5-18-2026,Premium Issue,Mobile App,06-07-26,Resolved,20
4009729,1081425,2081425,08-12-24,Premium Issue,Mobile App,8-29-2024,Resolved,17
4009846,1082345,2082345,9-22-2025,Premium Issue,Mobile App,10-19-2025,Resolved,27
4009898,1082703,2082703,1-14-2025,Premium Issue,Mobile App,02-11-25,Resolved,28
4009919,1082932,2082932,2-22-2026,Premium Issue,Mobile App,03-10-26,Resolved,16
4009960,1083328,2083328,11-24-2025,Premium Issue,Mobile App,11-28-2025,Resolved,4
4009981,1083529,2083529,03-05-24,Premium Issue,Mobile App,04-03-24,Resolved,29
4010027,1083866,2083866,6-19-2025,Premium Issue,Mobile App,07-09-25,Resolved,20
4010028,1083874,2083874,05-06-25,Premium Issue,Mobile App,5-17-2025,Resolved,11
4010098,1084494,2084494,05-07-26,Premium Issue,Mobile App,05-10-26,Resolved,3
4010146,1084908,2084908,10-14-2024,Premium Issue,Mobile App,10-16-2024,Resolved,2
4010274,1086077,2086077,8-29-2026,Premium Issue,Mobile App,09-05-26,Resolved,7
4010335,1086670,2086670,4-20-2026,Premium Issue,Mobile App,5-19-2026,Resolved,29
4010356,1086824,2086824,3-14-2025,Premium Issue,Mobile App,3-21-2025,Resolved,7
4010370,1086920,2086920,8-26-2024,Premium Issue,Mobile App,9-18-2024,Resolved,23
4010476,1087804,2087804,7-31-2024,Premium Issue,Mobile App,08-12-24,Resolved,12
4010491,1087892,2087892,5-27-2024,Premium Issue,Mobile App,6-14-2024,Resolved,18
4010510,1088048,2088048,11-11-25,Premium Issue,Mobile App,12-03-25,Resolved,22
4010575,1088515,2088515,3-14-2025,Premium Issue,Mobile App,3-16-2025,Resolved,2
4010729,1089786,2089786,11-27-2025,Premium Issue,Mobile App,11-29-2025,Resolved,2
4010733,1089802,2089802,12-07-24,Premium Issue,Mobile App,12-26-2024,Resolved,19
4010773,1090133,2090133,11-08-25,Premium Issue,Mobile App,11-13-2025,Resolved,5
4010783,1090219,2090219,04-07-26,Premium Issue,Mobile App,4-13-2026,Resolved,6
4010787,1090239,2090239,6-24-2025,Premium Issue,Mobile App,7-23-2025,Resolved,29
4010838,1090699,2090699,5-29-2026,Premium Issue,Mobile App,6-17-2026,Resolved,19
4010942,1091546,2091546,05-03-24,Premium Issue,Mobile App,05-09-24,Resolved,6
4010983,1091920,2091920,8-25-2024,Premium Issue,Mobile App,09-07-24,Resolved,13
4011257,1094067,2094067,3-22-2026,Premium Issue,Mobile App,04-07-26,Resolved,16
4011264,1094120,2094120,09-01-25,Premium Issue,Mobile App,10-01-25,Resolved,30
4011366,1095037,2095037,07-10-24,Premium Issue,Mobile App,7-16-2024,Resolved,6
4011383,1095223,2095223,1-29-2026,Premium Issue,Mobile App,1-30-2026,Resolved,1
4011401,1095426,2095426,1-28-2025,Premium Issue,Mobile App,2-22-2025,Resolved,25
4011484,1096161,2096161,5-31-2025,Premium Issue,Mobile App,6-24-2025,Resolved,24
4011513,1096411,2096411,3-22-2025,Premium Issue,Mobile App,04-09-25,Resolved,18
4011551,1096801,2096801,2-20-2026,Premium Issue,Mobile App,03-02-26,Resolved,10
4011685,1097998,2097998,01-02-26,Premium Issue,Mobile App,1-28-2026,Resolved,26
4011693,1098043,2098043,01-01-25,Premium Issue,Mobile App,01-08-25,Resolved,7
4011728,1098274,2098274,10-28-2024,Premium Issue,Mobile App,10-29-2024,Resolved,1
4011738,1098343,2098343,06-04-26,Premium Issue,Mobile App,6-18-2026,Resolved,14
4011827,1099035,2099035,12-13-2024,Premium Issue,Mobile App,01-05-25,Resolved,23
4011877,1099384,2099384,8-27-2025,Premium Issue,Mobile App,09-08-25,Resolved,12
4011931,1099800,2099800,09-06-25,Premium Issue,Mobile App,9-22-2025,Resolved,16
4011948,1099932,2099932,10-14-2024,Premium Issue,Mobile App,11-09-24,Resolved,26
4000083,1000756,2000756,8-23-2025,Documentation,Mobile App,8-25-2025,Resolved,2
4000091,1000825,2000825,11-14-2025,Documentation,Mobile App,11-17-2025,Resolved,3
4000154,1001384,2001384,08-10-25,Documentation,Mobile App,09-09-25,Resolved,30
4000220,1002017,2002017,06-03-24,Documentation,Mobile App,6-22-2024,Resolved,19
4000256,1002391,2002391,01-11-26,Documentation,Mobile App,1-23-2026,Resolved,12
4000260,1002404,2002404,07-08-24,Documentation,Mobile App,08-01-24,Resolved,24
4000263,1002462,2002462,09-09-25,Documentation,Mobile App,10-04-25,Resolved,25
4000402,1003567,2003567,5-28-2025,Documentation,Mobile App,06-01-25,Resolved,4
4000556,1004859,2004859,7-22-2025,Documentation,Mobile App,08-04-25,Resolved,13
4000612,1005368,2005368,01-10-26,Documentation,Mobile App,01-11-26,Resolved,1
4000618,1005428,2005428,11-20-2025,Documentation,Mobile App,11-30-2025,Resolved,10
4000625,1005508,2005508,10-21-2025,Documentation,Mobile App,11-05-25,Resolved,15
4000659,1005754,2005754,4-17-2025,Documentation,Mobile App,05-12-25,Resolved,25
4000707,1006150,2006150,8-26-2024,Documentation,Mobile App,09-02-24,Resolved,7
4000741,1006460,2006460,11-15-2024,Documentation,Mobile App,12-15-2024,Resolved,30
4000764,1006669,2006669,03-02-26,Documentation,Mobile App,3-23-2026,Resolved,21
4000836,1007346,2007346,4-23-2025,Documentation,Mobile App,5-15-2025,Resolved,22
4000861,1007531,2007531,4-30-2024,Documentation,Mobile App,05-12-24,Resolved,12
4000889,1007743,2007743,8-25-2025,Documentation,Mobile App,9-17-2025,Resolved,23
4000965,1008275,2008275,05-05-26,Documentation,Mobile App,5-13-2026,Resolved,8
4001027,1008794,2008794,4-17-2026,Documentation,Mobile App,4-28-2026,Resolved,11
4001048,1008927,2008927,03-06-26,Documentation,Mobile App,3-21-2026,Resolved,15
4001066,1009106,2009106,07-01-25,Documentation,Mobile App,7-31-2025,Resolved,30
4001223,1010455,2010455,10-17-2024,Documentation,Mobile App,11-16-2024,Resolved,30
4001316,1011239,2011239,5-15-2024,Documentation,Mobile App,06-06-24,Resolved,22
4001416,1012080,2012080,3-22-2025,Documentation,Mobile App,04-07-25,Resolved,16
4001441,1012333,2012333,11-08-25,Documentation,Mobile App,11-10-25,Resolved,2
4001491,1012688,2012688,10-20-2025,Documentation,Mobile App,11-08-25,Resolved,19
4001521,1012946,2012946,9-28-2024,Documentation,Mobile App,10-07-24,Resolved,9
4001549,1013226,2013226,9-13-2025,Documentation,Mobile App,10-10-25,Resolved,27
4001551,1013246,2013246,7-30-2024,Documentation,Mobile App,08-06-24,Resolved,7
4001564,1013330,2013330,06-01-25,Documentation,Mobile App,6-13-2025,Resolved,12
4001662,1014051,2014051,10-29-2025,Documentation,Mobile App,11-12-25,Resolved,14
4001740,1014746,2014746,7-13-2025,Documentation,Mobile App,08-07-25,Resolved,25
4001779,1015089,2015089,3-16-2025,Documentation,Mobile App,3-17-2025,Resolved,1
4001868,1015933,2015933,06-01-24,Documentation,Mobile App,6-18-2024,Resolved,17
4001929,1016348,2016348,02-02-26,Documentation,Mobile App,2-27-2026,Resolved,25
4001938,1016421,2016421,11-05-25,Documentation,Mobile App,12-05-25,Resolved,30
4001966,1016604,2016604,1-27-2026,Documentation,Mobile App,02-09-26,Resolved,13
4002037,1017219,2017219,7-30-2024,Documentation,Mobile App,8-15-2024,Resolved,16
4002059,1017377,2017377,11-04-25,Documentation,Mobile App,11-14-2025,Resolved,10
4002108,1017846,2017846,10-20-2025,Documentation,Mobile App,10-31-2025,Resolved,11
4002121,1017930,2017930,9-23-2025,Documentation,Mobile App,10-09-25,Resolved,16
4002132,1018016,2018016,5-17-2026,Documentation,Mobile App,5-29-2026,Resolved,12
4002265,1019278,2019278,10-29-2025,Documentation,Mobile App,10-31-2025,Resolved,2
4002288,1019530,2019530,5-27-2025,Documentation,Mobile App,06-06-25,Resolved,10
4002294,1019566,2019566,03-10-25,Documentation,Mobile App,3-17-2025,Resolved,7
4002303,1019668,2019668,3-21-2026,Documentation,Mobile App,04-10-26,Resolved,20
4002311,1019738,2019738,10-08-24,Documentation,Mobile App,10-18-2024,Resolved,10
4002362,1020068,2020068,11-21-2025,Documentation,Mobile App,11-24-2025,Resolved,3
4002374,1020152,2020152,12-08-25,Documentation,Mobile App,01-01-26,Resolved,24
4002423,1020496,2020496,1-16-2025,Documentation,Mobile App,1-20-2025,Resolved,4
4002438,1020608,2020608,8-20-2025,Documentation,Mobile App,9-14-2025,Resolved,25
4002459,1020790,2020790,08-11-25,Documentation,Mobile App,09-05-25,Resolved,25
4002473,1020900,2020900,01-03-26,Documentation,Mobile App,01-10-26,Resolved,7
4002512,1021251,2021251,02-11-25,Documentation,Mobile App,2-24-2025,Resolved,13
4002521,1021313,2021313,10-18-2024,Documentation,Mobile App,11-01-24,Resolved,14
4002588,1021943,2021943,4-20-2024,Documentation,Mobile App,05-10-24,Resolved,20
4002621,1022268,2022268,5-18-2025,Documentation,Mobile App,5-29-2025,Resolved,11
4002631,1022341,2022341,12-21-2025,Documentation,Mobile App,1-19-2026,Resolved,29
4002714,1022962,2022962,03-05-25,Documentation,Mobile App,3-16-2025,Resolved,11
4002748,1023229,2023229,1-24-2025,Documentation,Mobile App,1-28-2025,Resolved,4
4002813,1023715,2023715,12-28-2024,Documentation,Mobile App,1-27-2025,Resolved,30
4002824,1023788,2023788,4-22-2025,Documentation,Mobile App,05-03-25,Resolved,11
4002829,1023819,2023819,12-24-2024,Documentation,Mobile App,12-28-2024,Resolved,4
4002868,1024100,2024100,1-14-2026,Documentation,Mobile App,1-29-2026,Resolved,15
4002871,1024123,2024123,12-29-2025,Documentation,Mobile App,01-08-26,Resolved,10
4002995,1025216,2025216,6-25-2024,Documentation,Mobile App,7-18-2024,Resolved,23
4002997,1025253,2025253,3-21-2026,Documentation,Mobile App,3-25-2026,Resolved,4
4003007,1025328,2025328,8-14-2025,Documentation,Mobile App,8-25-2025,Resolved,11
4003013,1025357,2025357,11-17-2024,Documentation,Mobile App,12-08-24,Resolved,21
4003098,1026020,2026020,2-17-2025,Documentation,Mobile App,3-14-2025,Resolved,25
4003139,1026349,2026349,11-12-25,Documentation,Mobile App,11-30-2025,Resolved,18
4003196,1026934,2026934,02-10-26,Documentation,Mobile App,03-05-26,Resolved,23
4003205,1027021,2027021,9-22-2024,Documentation,Mobile App,10-19-2024,Resolved,27
4003207,1027030,2027030,3-17-2026,Documentation,Mobile App,04-12-26,Resolved,26
4003272,1027550,2027550,09-12-24,Documentation,Mobile App,10-06-24,Resolved,24
4003356,1028196,2028196,7-18-2025,Documentation,Mobile App,7-24-2025,Resolved,6
4003435,1028924,2028924,2-17-2026,Documentation,Mobile App,2-26-2026,Resolved,9
4003441,1028972,2028972,11-22-2025,Documentation,Mobile App,12-18-2025,Resolved,26
4003475,1029273,2029273,12-06-24,Documentation,Mobile App,12-09-24,Resolved,3
4003514,1029717,2029717,3-19-2025,Documentation,Mobile App,3-29-2025,Resolved,10
4003677,1031243,2031243,08-09-26,Documentation,Mobile App,8-22-2026,Resolved,13
4003726,1031603,2031603,03-02-25,Documentation,Mobile App,3-27-2025,Resolved,25
4003767,1031997,2031997,7-17-2026,Documentation,Mobile App,8-16-2026,Resolved,30
4003849,1032712,2032712,11-03-24,Documentation,Mobile App,11-26-2024,Resolved,23
4003932,1033378,2033378,07-03-25,Documentation,Mobile App,07-06-25,Resolved,3
4003937,1033432,2033432,09-09-26,Documentation,Mobile App,9-18-2026,Resolved,9
4003943,1033455,2033455,9-19-2024,Documentation,Mobile App,10-13-2024,Resolved,24
4003949,1033486,2033486,5-28-2026,Documentation,Mobile App,6-15-2026,Resolved,18
4003956,1033531,2033531,2-25-2025,Documentation,Mobile App,3-26-2025,Resolved,29
4003972,1033665,2033665,11-14-2024,Documentation,Mobile App,11-19-2024,Resolved,5
4004032,1034157,2034157,3-30-2025,Documentation,Mobile App,4-14-2025,Resolved,15
4004052,1034311,2034311,02-12-25,Documentation,Mobile App,2-21-2025,Resolved,9
4004057,1034329,2034329,9-26-2025,Documentation,Mobile App,10-07-25,Resolved,11
4004110,1034770,2034770,5-14-2025,Documentation,Mobile App,5-22-2025,Resolved,8
4004189,1035472,2035472,3-15-2026,Documentation,Mobile App,4-14-2026,Resolved,30
4004265,1036094,2036094,02-02-26,Documentation,Mobile App,2-16-2026,Resolved,14
4004270,1036129,2036129,8-16-2025,Documentation,Mobile App,09-05-25,Resolved,20
4004271,1036134,2036134,9-21-2025,Documentation,Mobile App,10-21-2025,Resolved,30
4004417,1037343,2037343,5-27-2024,Documentation,Mobile App,6-25-2024,Resolved,29
4004473,1037719,2037719,07-05-25,Documentation,Mobile App,7-13-2025,Resolved,8
4004497,1037896,2037896,8-24-2024,Documentation,Mobile App,09-03-24,Resolved,10
4004549,1038248,2038248,10-27-2024,Documentation,Mobile App,11-02-24,Resolved,6
4004562,1038319,2038319,2-17-2025,Documentation,Mobile App,03-01-25,Resolved,12
4004577,1038410,2038410,12-27-2024,Documentation,Mobile App,1-21-2025,Resolved,25
4004667,1039164,2039164,7-28-2026,Documentation,Mobile App,8-14-2026,Resolved,17
4004688,1039327,2039327,05-02-26,Documentation,Mobile App,5-17-2026,Resolved,15
4004709,1039523,2039523,8-28-2025,Documentation,Mobile App,9-24-2025,Resolved,27
4004711,1039532,2039532,12-06-25,Documentation,Mobile App,12-21-2025,Resolved,15
4004718,1039584,2039584,03-02-25,Documentation,Mobile App,03-03-25,Resolved,1
4004840,1040614,2040614,12-25-2024,Documentation,Mobile App,1-24-2025,Resolved,30
4004892,1041037,2041037,10-04-25,Documentation,Mobile App,10-13-2025,Resolved,9
4004917,1041245,2041245,12-01-25,Documentation,Mobile App,12-12-25,Resolved,11
4004955,1041620,2041620,10-15-2025,Documentation,Mobile App,10-25-2025,Resolved,10
4004980,1041837,2041837,01-04-26,Documentation,Mobile App,01-09-26,Resolved,5
4005092,1042830,2042830,5-17-2025,Documentation,Mobile App,5-18-2025,Resolved,1
4005100,1042896,2042896,12-12-24,Documentation,Mobile App,12-21-2024,Resolved,9
4005111,1042991,2042991,8-22-2025,Documentation,Mobile App,09-12-25,Resolved,21
4005115,1043015,2043015,6-16-2024,Documentation,Mobile App,07-05-24,Resolved,19
4005242,1044136,2044136,9-18-2024,Documentation,Mobile App,10-12-24,Resolved,24
4005248,1044170,2044170,3-18-2026,Documentation,Mobile App,3-26-2026,Resolved,8
4005251,1044190,2044190,7-19-2025,Documentation,Mobile App,7-30-2025,Resolved,11
4005284,1044478,2044478,10-04-26,Documentation,Mobile App,10-15-2026,Resolved,11
4005358,1045028,2045028,06-11-26,Documentation,Mobile App,07-11-26,Resolved,30
4005418,1045612,2045612,05-10-25,Documentation,Mobile App,5-18-2025,Resolved,8
4005473,1046048,2046048,06-05-25,Documentation,Mobile App,6-30-2025,Resolved,25
4005494,1046239,2046239,4-18-2025,Documentation,Mobile App,05-06-25,Resolved,18
4005527,1046484,2046484,08-02-25,Documentation,Mobile App,08-06-25,Resolved,4
4005551,1046737,2046737,08-12-25,Documentation,Mobile App,09-08-25,Resolved,27
4005567,1046893,2046893,11-29-2024,Documentation,Mobile App,12-11-24,Resolved,12
4005651,1047677,2047677,06-12-24,Documentation,Mobile App,07-10-24,Resolved,28
4005718,1048287,2048287,11-29-2024,Documentation,Mobile App,12-09-24,Resolved,10
4005848,1049365,2049365,11-21-2025,Documentation,Mobile App,12-15-2025,Resolved,24
4005941,1050115,2050115,8-14-2025,Documentation,Mobile App,8-24-2025,Resolved,10
4005950,1050177,2050177,05-04-26,Documentation,Mobile App,05-10-26,Resolved,6
4006020,1050756,2050756,5-13-2026,Documentation,Mobile App,5-28-2026,Resolved,15
4006022,1050783,2050783,9-14-2025,Documentation,Mobile App,10-04-25,Resolved,20
4006106,1051683,2051683,12-14-2025,Documentation,Mobile App,12-31-2025,Resolved,17
4006131,1051934,2051934,05-03-26,Documentation,Mobile App,06-01-26,Resolved,29
4006164,1052201,2052201,03-02-25,Documentation,Mobile App,03-11-25,Resolved,9
4006190,1052439,2052439,08-02-25,Documentation,Mobile App,8-17-2025,Resolved,15
4006206,1052594,2052594,12-08-25,Documentation,Mobile App,01-07-26,Resolved,30
4006245,1052967,2052967,02-08-25,Documentation,Mobile App,02-11-25,Resolved,3
4006306,1053378,2053378,05-11-25,Documentation,Mobile App,5-16-2025,Resolved,5
4006342,1053705,2053705,08-02-25,Documentation,Mobile App,8-27-2025,Resolved,25
4006395,1054121,2054121,2-16-2026,Documentation,Mobile App,3-15-2026,Resolved,27
4006404,1054202,2054202,07-05-26,Documentation,Mobile App,7-17-2026,Resolved,12
4006421,1054332,2054332,2-18-2026,Documentation,Mobile App,2-26-2026,Resolved,8
4006515,1055102,2055102,02-04-25,Documentation,Mobile App,02-08-25,Resolved,4
4006522,1055161,2055161,4-14-2026,Documentation,Mobile App,4-29-2026,Resolved,15
4006557,1055420,2055420,05-07-25,Documentation,Mobile App,06-02-25,Resolved,26
4006600,1055811,2055811,3-23-2026,Documentation,Mobile App,04-10-26,Resolved,18
4006663,1056306,2056306,6-23-2026,Documentation,Mobile App,7-16-2026,Resolved,23
4006669,1056332,2056332,3-27-2024,Documentation,Mobile App,4-13-2024,Resolved,17
4006739,1056860,2056860,09-06-26,Documentation,Mobile App,9-19-2026,Resolved,13
4006759,1056998,2056998,04-05-25,Documentation,Mobile App,4-23-2025,Resolved,18
4006859,1057726,2057726,10-11-26,Documentation,Mobile App,11-03-26,Resolved,23
4006889,1057954,2057954,9-14-2025,Documentation,Mobile App,10-10-25,Resolved,26
4006894,1057983,2057983,05-05-26,Documentation,Mobile App,5-22-2026,Resolved,17
4006943,1058323,2058323,10-08-24,Documentation,Mobile App,10-12-24,Resolved,4
4006964,1058494,2058494,05-12-26,Documentation,Mobile App,5-17-2026,Resolved,5
4006972,1058618,2058618,09-07-25,Documentation,Mobile App,9-24-2025,Resolved,17
4006981,1058668,2058668,7-24-2025,Documentation,Mobile App,8-23-2025,Resolved,30
4007248,1060745,2060745,11-05-25,Documentation,Mobile App,11-07-25,Resolved,2
4007360,1061691,2061691,1-27-2025,Documentation,Mobile App,2-26-2025,Resolved,30
4007373,1061771,2061771,7-28-2026,Documentation,Mobile App,8-20-2026,Resolved,23
4007555,1063405,2063405,01-02-26,Documentation,Mobile App,01-10-26,Resolved,8
4007610,1063806,2063806,11-13-2024,Documentation,Mobile App,11-17-2024,Resolved,4
4007611,1063815,2063815,11-10-25,Documentation,Mobile App,12-09-25,Resolved,29
4007633,1063965,2063965,03-11-25,Documentation,Mobile App,3-21-2025,Resolved,10
4007672,1064319,2064319,8-19-2025,Documentation,Mobile App,8-28-2025,Resolved,9
4007700,1064523,2064523,12-10-25,Documentation,Mobile App,12-27-2025,Resolved,17
4007818,1065488,2065488,2-17-2026,Documentation,Mobile App,2-18-2026,Resolved,1
4007820,1065505,2065505,04-08-26,Documentation,Mobile App,4-27-2026,Resolved,19
4007882,1065989,2065989,5-29-2025,Documentation,Mobile App,5-31-2025,Resolved,2
4007974,1066754,2066754,03-02-25,Documentation,Mobile App,3-24-2025,Resolved,22
4008022,1067127,2067127,03-06-25,Documentation,Mobile App,3-17-2025,Resolved,11
4008081,1067597,2067597,12-10-25,Documentation,Mobile App,12-19-2025,Resolved,9
4008082,1067616,2067616,10-22-2026,Documentation,Mobile App,11-14-2026,Resolved,23
4008121,1068005,2068005,12-18-2024,Documentation,Mobile App,01-07-25,Resolved,20
4008263,1069189,2069189,5-13-2025,Documentation,Mobile App,5-28-2025,Resolved,15
4008289,1069351,2069351,07-07-26,Documentation,Mobile App,07-10-26,Resolved,3
4008364,1070015,2070015,07-06-25,Documentation,Mobile App,7-22-2025,Resolved,16
4008409,1070455,2070455,09-07-26,Documentation,Mobile App,09-08-26,Resolved,1
4008439,1070720,2070720,12-07-24,Documentation,Mobile App,12-24-2024,Resolved,17
4008549,1071709,2071709,8-24-2026,Documentation,Mobile App,8-31-2026,Resolved,7
4008613,1072282,2072282,07-02-25,Documentation,Mobile App,07-11-25,Resolved,9
4008642,1072565,2072565,02-09-25,Documentation,Mobile App,03-07-25,Resolved,26
4008652,1072649,2072649,7-23-2025,Documentation,Mobile App,7-28-2025,Resolved,5
4008748,1073452,2073452,6-30-2025,Documentation,Mobile App,7-20-2025,Resolved,20
4008763,1073585,2073585,02-06-26,Documentation,Mobile App,2-17-2026,Resolved,11
4008825,1074140,2074140,10-26-2025,Documentation,Mobile App,11-01-25,Resolved,6
4008838,1074253,2074253,8-14-2026,Documentation,Mobile App,8-18-2026,Resolved,4
4008873,1074516,2074516,11-21-2024,Documentation,Mobile App,11-29-2024,Resolved,8
4008908,1074871,2074871,10-18-2024,Documentation,Mobile App,11-08-24,Resolved,21
4008941,1075155,2075155,9-22-2025,Documentation,Mobile App,10-01-25,Resolved,9
4009005,1075601,2075601,5-19-2026,Documentation,Mobile App,6-17-2026,Resolved,29
4009007,1075622,2075622,08-06-24,Documentation,Mobile App,8-27-2024,Resolved,21
4009099,1076295,2076295,10-14-2024,Documentation,Mobile App,10-26-2024,Resolved,12
4009107,1076380,2076380,3-13-2026,Documentation,Mobile App,3-31-2026,Resolved,18
4009117,1076441,2076441,2-13-2025,Documentation,Mobile App,2-18-2025,Resolved,5
4009392,1078867,2078867,6-19-2025,Documentation,Mobile App,7-13-2025,Resolved,24
4009423,1079119,2079119,02-09-26,Documentation,Mobile App,2-17-2026,Resolved,8
4009529,1079955,2079955,9-27-2026,Documentation,Mobile App,10-07-26,Resolved,10
4009541,1080044,2080044,4-16-2025,Documentation,Mobile App,4-28-2025,Resolved,12
4009563,1080193,2080193,12-02-25,Documentation,Mobile App,12-22-2025,Resolved,20
4009574,1080255,2080255,3-14-2026,Documentation,Mobile App,3-28-2026,Resolved,14
4009651,1080861,2080861,8-22-2024,Documentation,Mobile App,9-16-2024,Resolved,25
4009746,1081548,2081548,9-19-2024,Documentation,Mobile App,10-16-2024,Resolved,27
4009762,1081697,2081697,03-12-26,Documentation,Mobile App,04-03-26,Resolved,22
4009785,1081843,2081843,2-21-2026,Documentation,Mobile App,3-22-2026,Resolved,29
4009854,1082413,2082413,7-29-2025,Documentation,Mobile App,08-07-25,Resolved,9
4010054,1084069,2084069,10-22-2024,Documentation,Mobile App,10-23-2024,Resolved,1
4010067,1084212,2084212,12-07-24,Documentation,Mobile App,12-25-2024,Resolved,18
4010156,1085017,2085017,4-24-2025,Documentation,Mobile App,05-12-25,Resolved,18
4010187,1085244,2085244,7-14-2025,Documentation,Mobile App,08-02-25,Resolved,19
4010217,1085518,2085518,10-17-2025,Documentation,Mobile App,10-21-2025,Resolved,4
4010294,1086227,2086227,3-13-2026,Documentation,Mobile App,04-05-26,Resolved,23
4010329,1086608,2086608,10-10-24,Documentation,Mobile App,10-31-2024,Resolved,21
4010344,1086764,2086764,11-29-2025,Documentation,Mobile App,12-11-25,Resolved,12
4010509,1088035,2088035,09-09-24,Documentation,Mobile App,9-16-2024,Resolved,7
4010557,1088395,2088395,1-28-2025,Documentation,Mobile App,2-24-2025,Resolved,27
4010609,1088745,2088745,02-01-26,Documentation,Mobile App,2-23-2026,Resolved,22
4010727,1089771,2089771,5-13-2025,Documentation,Mobile App,5-29-2025,Resolved,16
4010771,1090117,2090117,04-09-25,Documentation,Mobile App,4-26-2025,Resolved,17
4010800,1090336,2090336,4-14-2026,Documentation,Mobile App,4-27-2026,Resolved,13
4010841,1090709,2090709,3-14-2026,Documentation,Mobile App,3-22-2026,Resolved,8
4010929,1091446,2091446,7-26-2025,Documentation,Mobile App,8-23-2025,Resolved,28
4010944,1091557,2091557,10-28-2024,Documentation,Mobile App,11-20-2024,Resolved,23
4010979,1091903,2091903,3-30-2024,Documentation,Mobile App,4-21-2024,Resolved,22
4011030,1092267,2092267,01-11-26,Documentation,Mobile App,02-05-26,Resolved,25
4011059,1092420,2092420,4-25-2026,Documentation,Mobile App,5-25-2026,Resolved,30
4011089,1092652,2092652,6-15-2025,Documentation,Mobile App,07-06-25,Resolved,21
4011150,1093227,2093227,2-17-2025,Documentation,Mobile App,2-26-2025,Resolved,9
4011231,1093877,2093877,01-03-26,Documentation,Mobile App,1-21-2026,Resolved,18
4011317,1094601,2094601,10-21-2025,Documentation,Mobile App,10-25-2025,Resolved,4
4011337,1094783,2094783,04-10-24,Documentation,Mobile App,4-28-2024,Resolved,18
4011341,1094815,2094815,02-02-25,Documentation,Mobile App,02-08-25,Resolved,6
4011435,1095730,2095730,11-06-25,Documentation,Mobile App,12-06-25,Resolved,30
4011467,1096034,2096034,5-17-2025,Documentation,Mobile App,5-18-2025,Resolved,1
4011470,1096061,2096061,12-17-2025,Documentation,Mobile App,12-23-2025,Resolved,6
4011536,1096664,2096664,07-10-24,Documentation,Mobile App,08-06-24,Resolved,27
4011544,1096743,2096743,5-16-2025,Documentation,Mobile App,5-26-2025,Resolved,10
4011577,1097049,2097049,4-23-2026,Documentation,Mobile App,5-18-2026,Resolved,25
4011584,1097107,2097107,4-24-2025,Documentation,Mobile App,05-10-25,Resolved,16
4011844,1099169,2099169,04-05-25,Documentation,Mobile App,4-22-2025,Resolved,17
4011849,1099205,2099205,3-27-2026,Documentation,Mobile App,3-29-2026,Resolved,2
4011850,1099207,2099207,8-30-2024,Documentation,Mobile App,9-14-2024,Resolved,15
4000003,1000057,2000057,01-02-26,Claim Delay,Mobile App,1-18-2026,Resolved,16
4000025,1000220,2000220,04-04-25,Claim Delay,Mobile App,4-15-2025,Resolved,11
4000084,1000758,2000758,04-12-25,Claim Delay,Mobile App,05-08-25,Resolved,26
4000133,1001191,2001191,4-21-2026,Claim Delay,Mobile App,05-03-26,Resolved,12
4000139,1001239,2001239,4-29-2026,Claim Delay,Mobile App,05-08-26,Resolved,9
4000180,1001625,2001625,02-04-25,Claim Delay,Mobile App,2-23-2025,Resolved,19
4000222,1002034,2002034,7-19-2024,Claim Delay,Mobile App,7-20-2024,Resolved,1
4000240,1002280,2002280,11-21-2024,Claim Delay,Mobile App,11-28-2024,Resolved,7
4000292,1002708,2002708,2-17-2026,Claim Delay,Mobile App,3-13-2026,Resolved,24
4000339,1003054,2003054,9-30-2025,Claim Delay,Mobile App,10-29-2025,Resolved,29
4000352,1003150,2003150,10-10-25,Claim Delay,Mobile App,10-23-2025,Resolved,13
4000409,1003656,2003656,9-22-2025,Claim Delay,Mobile App,9-29-2025,Resolved,7
4000415,1003706,2003706,08-04-26,Claim Delay,Mobile App,8-29-2026,Resolved,25
4000447,1003995,2003995,04-07-26,Claim Delay,Mobile App,4-22-2026,Resolved,15
4000491,1004318,2004318,11-02-25,Claim Delay,Mobile App,11-13-2025,Resolved,11
4000578,1005098,2005098,09-12-25,Claim Delay,Mobile App,9-30-2025,Resolved,18
4000592,1005219,2005219,3-30-2026,Claim Delay,Mobile App,4-22-2026,Resolved,23
4000673,1005902,2005902,02-04-26,Claim Delay,Mobile App,02-12-26,Resolved,8
4000680,1005938,2005938,05-01-26,Claim Delay,Mobile App,5-28-2026,Resolved,27
4000732,1006359,2006359,04-08-26,Claim Delay,Mobile App,04-11-26,Resolved,3
4000767,1006685,2006685,08-07-25,Claim Delay,Mobile App,8-22-2025,Resolved,15
4000814,1007121,2007121,4-28-2026,Claim Delay,Mobile App,5-24-2026,Resolved,26
4000980,1008385,2008385,10-16-2025,Claim Delay,Mobile App,11-03-25,Resolved,18
4001073,1009178,2009178,12-14-2025,Claim Delay,Mobile App,12-27-2025,Resolved,13
4001106,1009406,2009406,05-01-24,Claim Delay,Mobile App,05-09-24,Resolved,8
4001204,1010293,2010293,08-09-25,Claim Delay,Mobile App,8-20-2025,Resolved,11
4001258,1010809,2010809,12-05-25,Claim Delay,Mobile App,12-21-2025,Resolved,16
4001275,1010925,2010925,12-27-2025,Claim Delay,Mobile App,1-22-2026,Resolved,26
4001295,1011047,2011047,08-05-24,Claim Delay,Mobile App,08-06-24,Resolved,1
4001359,1011570,2011570,10-13-2024,Claim Delay,Mobile App,10-21-2024,Resolved,8
4001381,1011795,2011795,3-23-2025,Claim Delay,Mobile App,04-09-25,Resolved,17
4001384,1011810,2011810,12-11-25,Claim Delay,Mobile App,12-14-2025,Resolved,3
4001393,1011861,2011861,2-18-2026,Claim Delay,Mobile App,03-12-26,Resolved,22
4001425,1012170,2012170,12-08-24,Claim Delay,Mobile App,12-30-2024,Resolved,22
4001501,1012757,2012757,3-30-2025,Claim Delay,Mobile App,4-28-2025,Resolved,29
4001719,1014570,2014570,1-18-2026,Claim Delay,Mobile App,1-25-2026,Resolved,7
4001731,1014678,2014678,1-27-2025,Claim Delay,Mobile App,02-03-25,Resolved,7
4001768,1014962,2014962,03-04-25,Claim Delay,Mobile App,3-22-2025,Resolved,18
4001805,1015311,2015311,2-17-2026,Claim Delay,Mobile App,3-17-2026,Resolved,28
4001820,1015465,2015465,5-28-2024,Claim Delay,Mobile App,5-29-2024,Resolved,1
4001879,1016025,2016025,11-25-2025,Claim Delay,Mobile App,12-24-2025,Resolved,29
4001945,1016479,2016479,11-21-2025,Claim Delay,Mobile App,12-06-25,Resolved,15
4002021,1017138,2017138,11-20-2024,Claim Delay,Mobile App,12-19-2024,Resolved,29
4002264,1019276,2019276,2-13-2026,Claim Delay,Mobile App,3-14-2026,Resolved,29
4002593,1022007,2022007,9-24-2024,Claim Delay,Mobile App,10-11-24,Resolved,17
4002606,1022115,2022115,12-02-25,Claim Delay,Mobile App,12-21-2025,Resolved,19
4002677,1022718,2022718,06-03-25,Claim Delay,Mobile App,6-13-2025,Resolved,10
4002731,1023111,2023111,05-12-24,Claim Delay,Mobile App,5-16-2024,Resolved,4
4002749,1023238,2023238,01-08-25,Claim Delay,Mobile App,1-13-2025,Resolved,5
4002756,1023309,2023309,03-04-25,Claim Delay,Mobile App,3-14-2025,Resolved,10
4002761,1023345,2023345,08-01-25,Claim Delay,Mobile App,8-16-2025,Resolved,15
4002787,1023569,2023569,1-23-2025,Claim Delay,Mobile App,1-31-2025,Resolved,8
4002981,1025148,2025148,3-23-2026,Claim Delay,Mobile App,04-01-26,Resolved,9
4003039,1025528,2025528,01-04-26,Claim Delay,Mobile App,1-22-2026,Resolved,18
4003084,1025881,2025881,7-30-2026,Claim Delay,Mobile App,8-26-2026,Resolved,27
4003219,1027143,2027143,2-13-2026,Claim Delay,Mobile App,03-11-26,Resolved,26
4003235,1027255,2027255,07-09-25,Claim Delay,Mobile App,08-04-25,Resolved,26
4003266,1027490,2027490,8-25-2025,Claim Delay,Mobile App,09-02-25,Resolved,8
4003303,1027767,2027767,8-30-2024,Claim Delay,Mobile App,9-28-2024,Resolved,29
4003338,1028050,2028050,08-12-24,Claim Delay,Mobile App,8-15-2024,Resolved,3
4003420,1028803,2028803,11-24-2024,Claim Delay,Mobile App,12-23-2024,Resolved,29
4003464,1029166,2029166,4-18-2025,Claim Delay,Mobile App,4-26-2025,Resolved,8
4003564,1030181,2030181,04-05-26,Claim Delay,Mobile App,05-05-26,Resolved,30
4003578,1030353,2030353,08-02-26,Claim Delay,Mobile App,8-19-2026,Resolved,17
4003589,1030400,2030400,06-11-24,Claim Delay,Mobile App,6-29-2024,Resolved,18
4003604,1030511,2030511,11-22-2025,Claim Delay,Mobile App,12-07-25,Resolved,15
4003650,1031057,2031057,04-07-25,Claim Delay,Mobile App,4-29-2025,Resolved,22
4003713,1031507,2031507,6-16-2024,Claim Delay,Mobile App,6-25-2024,Resolved,9
4003721,1031583,2031583,4-23-2025,Claim Delay,Mobile App,5-14-2025,Resolved,21
4003747,1031769,2031769,12-28-2024,Claim Delay,Mobile App,01-12-25,Resolved,15
4003781,1032117,2032117,04-01-25,Claim Delay,Mobile App,4-15-2025,Resolved,14
4003818,1032417,2032417,6-15-2025,Claim Delay,Mobile App,6-28-2025,Resolved,13
4003867,1032879,2032879,12-31-2025,Claim Delay,Mobile App,1-21-2026,Resolved,21
4003979,1033711,2033711,03-02-26,Claim Delay,Mobile App,03-11-26,Resolved,9
4004000,1033927,2033927,12-04-25,Claim Delay,Mobile App,12-26-2025,Resolved,22
4004002,1033944,2033944,07-11-25,Claim Delay,Mobile App,7-28-2025,Resolved,17
4004176,1035377,2035377,2-15-2025,Claim Delay,Mobile App,03-08-25,Resolved,21
4004260,1036039,2036039,01-07-25,Claim Delay,Mobile App,1-29-2025,Resolved,22
4004275,1036174,2036174,6-25-2024,Claim Delay,Mobile App,6-30-2024,Resolved,5
4004335,1036641,2036641,2-21-2026,Claim Delay,Mobile App,3-16-2026,Resolved,23
4004351,1036778,2036778,09-10-26,Claim Delay,Mobile App,9-18-2026,Resolved,8
4004354,1036795,2036795,11-16-2025,Claim Delay,Mobile App,12-12-25,Resolved,26
4004496,1037887,2037887,5-21-2026,Claim Delay,Mobile App,06-10-26,Resolved,20
4004565,1038332,2038332,1-28-2025,Claim Delay,Mobile App,1-31-2025,Resolved,3
4004590,1038537,2038537,03-09-24,Claim Delay,Mobile App,3-21-2024,Resolved,12
4004631,1038847,2038847,8-29-2024,Claim Delay,Mobile App,09-09-24,Resolved,11
4004674,1039220,2039220,03-05-25,Claim Delay,Mobile App,04-03-25,Resolved,29
4004774,1040031,2040031,11-01-24,Claim Delay,Mobile App,11-11-24,Resolved,10
4004780,1040058,2040058,9-21-2024,Claim Delay,Mobile App,10-19-2024,Resolved,28
4004791,1040184,2040184,05-08-25,Claim Delay,Mobile App,06-04-25,Resolved,27
4004827,1040489,2040489,8-24-2026,Claim Delay,Mobile App,09-03-26,Resolved,10
4004866,1040840,2040840,07-07-25,Claim Delay,Mobile App,7-18-2025,Resolved,11
4004965,1041734,2041734,02-01-25,Claim Delay,Mobile App,2-18-2025,Resolved,17
4004984,1041852,2041852,3-23-2025,Claim Delay,Mobile App,3-25-2025,Resolved,2
4004994,1041916,2041916,11-06-24,Claim Delay,Mobile App,11-09-24,Resolved,3
4005007,1042046,2042046,08-11-24,Claim Delay,Mobile App,08-12-24,Resolved,1
4005044,1042398,2042398,1-19-2025,Claim Delay,Mobile App,1-22-2025,Resolved,3
4005129,1043114,2043114,01-03-25,Claim Delay,Mobile App,01-08-25,Resolved,5
4005258,1044251,2044251,10-16-2024,Claim Delay,Mobile App,11-12-24,Resolved,27
4005266,1044331,2044331,6-25-2025,Claim Delay,Mobile App,6-30-2025,Resolved,5
4005301,1044614,2044614,12-27-2024,Claim Delay,Mobile App,12-28-2024,Resolved,1
4005347,1044933,2044933,10-23-2025,Claim Delay,Mobile App,11-08-25,Resolved,16
4005371,1045159,2045159,12-05-24,Claim Delay,Mobile App,12-16-2024,Resolved,11
4005399,1045433,2045433,8-25-2025,Claim Delay,Mobile App,09-04-25,Resolved,10
4005509,1046347,2046347,6-23-2024,Claim Delay,Mobile App,07-10-24,Resolved,17
4005539,1046580,2046580,2-17-2025,Claim Delay,Mobile App,3-14-2025,Resolved,25
4005548,1046685,2046685,01-11-26,Claim Delay,Mobile App,1-29-2026,Resolved,18
4005557,1046787,2046787,02-07-25,Claim Delay,Mobile App,03-02-25,Resolved,23
4005561,1046828,2046828,12-11-24,Claim Delay,Mobile App,12-13-2024,Resolved,2
4005568,1046896,2046896,11-10-25,Claim Delay,Mobile App,11-18-2025,Resolved,8
4005585,1047058,2047058,6-14-2024,Claim Delay,Mobile App,07-01-24,Resolved,17
4005635,1047546,2047546,8-29-2024,Claim Delay,Mobile App,9-13-2024,Resolved,15
4005676,1047918,2047918,4-27-2026,Claim Delay,Mobile App,05-04-26,Resolved,7
4005727,1048324,2048324,03-03-25,Claim Delay,Mobile App,3-25-2025,Resolved,22
4005761,1048577,2048577,8-27-2024,Claim Delay,Mobile App,09-12-24,Resolved,16
4005808,1049084,2049084,12-19-2025,Claim Delay,Mobile App,1-15-2026,Resolved,27
4005833,1049232,2049232,2-14-2025,Claim Delay,Mobile App,03-05-25,Resolved,19
4005912,1049850,2049850,12-15-2025,Claim Delay,Mobile App,12-30-2025,Resolved,15
4005928,1050023,2050023,10-22-2024,Claim Delay,Mobile App,11-18-2024,Resolved,27
4005940,1050099,2050099,04-04-24,Claim Delay,Mobile App,04-12-24,Resolved,8
4005995,1050503,2050503,7-14-2025,Claim Delay,Mobile App,7-26-2025,Resolved,12
4006037,1050978,2050978,3-28-2024,Claim Delay,Mobile App,04-05-24,Resolved,8
4006041,1050996,2050996,4-30-2025,Claim Delay,Mobile App,5-18-2025,Resolved,18
4006099,1051560,2051560,10-20-2024,Claim Delay,Mobile App,10-22-2024,Resolved,2
4006103,1051607,2051607,03-02-25,Claim Delay,Mobile App,3-28-2025,Resolved,26
4006113,1051729,2051729,01-01-26,Claim Delay,Mobile App,1-24-2026,Resolved,23
4006147,1052042,2052042,05-05-26,Claim Delay,Mobile App,5-13-2026,Resolved,8
4006185,1052375,2052375,5-22-2025,Claim Delay,Mobile App,6-16-2025,Resolved,25
4006317,1053507,2053507,5-19-2025,Claim Delay,Mobile App,6-16-2025,Resolved,28
4006506,1055034,2055034,12-08-25,Claim Delay,Mobile App,12-29-2025,Resolved,21
4006589,1055711,2055711,08-10-25,Claim Delay,Mobile App,8-13-2025,Resolved,3
4006719,1056735,2056735,2-15-2025,Claim Delay,Mobile App,03-10-25,Resolved,23
4006782,1057174,2057174,12-25-2024,Claim Delay,Mobile App,1-21-2025,Resolved,27
4006795,1057266,2057266,1-18-2025,Claim Delay,Mobile App,1-26-2025,Resolved,8
4006825,1057512,2057512,01-01-26,Claim Delay,Mobile App,01-12-26,Resolved,11
4006887,1057937,2057937,1-30-2025,Claim Delay,Mobile App,02-06-25,Resolved,7
4006969,1058560,2058560,7-15-2024,Claim Delay,Mobile App,7-31-2024,Resolved,16
4006984,1058714,2058714,1-21-2025,Claim Delay,Mobile App,2-16-2025,Resolved,26
4007053,1059290,2059290,11-15-2024,Claim Delay,Mobile App,12-10-24,Resolved,25
4007150,1059985,2059985,3-13-2025,Claim Delay,Mobile App,04-08-25,Resolved,26
4007169,1060179,2060179,06-08-25,Claim Delay,Mobile App,6-26-2025,Resolved,18
4007242,1060689,2060689,3-16-2024,Claim Delay,Mobile App,3-25-2024,Resolved,9
4007243,1060692,2060692,11-11-25,Claim Delay,Mobile App,11-30-2025,Resolved,19
4007387,1061875,2061875,8-22-2025,Claim Delay,Mobile App,09-11-25,Resolved,20
4007406,1062017,2062017,2-23-2025,Claim Delay,Mobile App,03-10-25,Resolved,15
4007436,1062279,2062279,7-27-2025,Claim Delay,Mobile App,8-22-2025,Resolved,26
4007483,1062705,2062705,02-07-25,Claim Delay,Mobile App,2-19-2025,Resolved,12
4007500,1062855,2062855,7-19-2026,Claim Delay,Mobile App,8-18-2026,Resolved,30
4007579,1063587,2063587,2-14-2026,Claim Delay,Mobile App,03-02-26,Resolved,16
4007593,1063665,2063665,10-30-2024,Claim Delay,Mobile App,11-25-2024,Resolved,26
4007630,1063949,2063949,09-11-25,Claim Delay,Mobile App,9-22-2025,Resolved,11
4007709,1064593,2064593,9-16-2026,Claim Delay,Mobile App,9-30-2026,Resolved,14
4007720,1064699,2064699,05-06-26,Claim Delay,Mobile App,5-31-2026,Resolved,25
4007757,1064964,2064964,6-13-2026,Claim Delay,Mobile App,6-30-2026,Resolved,17
4007781,1065149,2065149,6-25-2026,Claim Delay,Mobile App,7-16-2026,Resolved,21
4007860,1065873,2065873,12-12-25,Claim Delay,Mobile App,01-11-26,Resolved,30
4007877,1065964,2065964,11-13-2024,Claim Delay,Mobile App,11-28-2024,Resolved,15
4007897,1066127,2066127,04-06-25,Claim Delay,Mobile App,4-15-2025,Resolved,9
4007957,1066556,2066556,2-18-2026,Claim Delay,Mobile App,3-16-2026,Resolved,26
4008069,1067455,2067455,12-12-25,Claim Delay,Mobile App,01-08-26,Resolved,27
4008095,1067783,2067783,12-15-2024,Claim Delay,Mobile App,12-19-2024,Resolved,4
4008097,1067801,2067801,10-30-2025,Claim Delay,Mobile App,11-18-2025,Resolved,19
4008103,1067837,2067837,3-15-2025,Claim Delay,Mobile App,4-13-2025,Resolved,29
4008115,1067984,2067984,4-20-2026,Claim Delay,Mobile App,05-03-26,Resolved,13
4008182,1068461,2068461,10-11-24,Claim Delay,Mobile App,11-04-24,Resolved,24
4008237,1068964,2068964,10-12-25,Claim Delay,Mobile App,10-25-2025,Resolved,13
4008264,1069200,2069200,12-28-2024,Claim Delay,Mobile App,01-08-25,Resolved,11
4008298,1069419,2069419,1-23-2026,Claim Delay,Mobile App,2-14-2026,Resolved,22
4008333,1069736,2069736,12-07-24,Claim Delay,Mobile App,12-21-2024,Resolved,14
4008357,1069951,2069951,02-02-26,Claim Delay,Mobile App,2-13-2026,Resolved,11
4008500,1071254,2071254,03-08-25,Claim Delay,Mobile App,03-11-25,Resolved,3
4008515,1071423,2071423,10-10-24,Claim Delay,Mobile App,10-19-2024,Resolved,9
4008676,1072853,2072853,12-19-2024,Claim Delay,Mobile App,12-26-2024,Resolved,7
4008757,1073510,2073510,8-23-2025,Claim Delay,Mobile App,09-02-25,Resolved,10
4008780,1073708,2073708,11-01-25,Claim Delay,Mobile App,11-19-2025,Resolved,18
4008797,1073856,2073856,08-09-25,Claim Delay,Mobile App,8-16-2025,Resolved,7
4008880,1074582,2074582,12-12-24,Claim Delay,Mobile App,12-23-2024,Resolved,11
4008887,1074664,2074664,6-25-2024,Claim Delay,Mobile App,07-11-24,Resolved,16
4008913,1074924,2074924,05-07-25,Claim Delay,Mobile App,5-29-2025,Resolved,22
4008984,1075500,2075500,4-19-2026,Claim Delay,Mobile App,4-26-2026,Resolved,7
4009060,1076036,2076036,12-09-24,Claim Delay,Mobile App,12-23-2024,Resolved,14
4009079,1076148,2076148,7-29-2025,Claim Delay,Mobile App,8-18-2025,Resolved,20
4009114,1076421,2076421,11-23-2024,Claim Delay,Mobile App,11-25-2024,Resolved,2
4009168,1076827,2076827,10-05-25,Claim Delay,Mobile App,11-03-25,Resolved,29
4009174,1076869,2076869,8-13-2024,Claim Delay,Mobile App,09-08-24,Resolved,26
4009181,1076942,2076942,02-05-25,Claim Delay,Mobile App,03-05-25,Resolved,28
4009215,1077194,2077194,10-08-25,Claim Delay,Mobile App,10-31-2025,Resolved,23
4009265,1077649,2077649,9-24-2024,Claim Delay,Mobile App,10-18-2024,Resolved,24
4009273,1077715,2077715,09-10-24,Claim Delay,Mobile App,10-09-24,Resolved,29
4009358,1078530,2078530,06-09-25,Claim Delay,Mobile App,07-09-25,Resolved,30
4009405,1078970,2078970,6-20-2024,Claim Delay,Mobile App,07-07-24,Resolved,17
4009424,1079120,2079120,8-14-2025,Claim Delay,Mobile App,8-24-2025,Resolved,10
4009428,1079152,2079152,7-14-2026,Claim Delay,Mobile App,08-01-26,Resolved,18
4009454,1079318,2079318,10-08-24,Claim Delay,Mobile App,11-02-24,Resolved,25
4009482,1079569,2079569,3-30-2024,Claim Delay,Mobile App,4-19-2024,Resolved,20
4009550,1080092,2080092,8-23-2025,Claim Delay,Mobile App,9-17-2025,Resolved,25
4009641,1080783,2080783,9-21-2024,Claim Delay,Mobile App,10-02-24,Resolved,11
4009644,1080807,2080807,04-04-26,Claim Delay,Mobile App,4-19-2026,Resolved,15
4009694,1081147,2081147,3-14-2025,Claim Delay,Mobile App,3-29-2025,Resolved,15
4009731,1081433,2081433,1-17-2025,Claim Delay,Mobile App,2-14-2025,Resolved,28
4009734,1081450,2081450,05-06-24,Claim Delay,Mobile App,05-07-24,Resolved,1
4009819,1082142,2082142,7-20-2026,Claim Delay,Mobile App,7-28-2026,Resolved,8
4009882,1082575,2082575,12-27-2025,Claim Delay,Mobile App,12-29-2025,Resolved,2
4009897,1082700,2082700,11-26-2024,Claim Delay,Mobile App,12-23-2024,Resolved,27
4009923,1082986,2082986,05-12-25,Claim Delay,Mobile App,06-09-25,Resolved,28
4009961,1083332,2083332,03-11-26,Claim Delay,Mobile App,3-15-2026,Resolved,4
4009962,1083336,2083336,2-18-2025,Claim Delay,Mobile App,03-11-25,Resolved,21
4010043,1084004,2084004,7-16-2024,Claim Delay,Mobile App,7-28-2024,Resolved,12
4010073,1084244,2084244,6-29-2025,Claim Delay,Mobile App,07-05-25,Resolved,6
4010093,1084458,2084458,5-24-2024,Claim Delay,Mobile App,5-29-2024,Resolved,5
4010179,1085184,2085184,2-15-2026,Claim Delay,Mobile App,2-24-2026,Resolved,9
4010245,1085821,2085821,4-13-2026,Claim Delay,Mobile App,5-13-2026,Resolved,30
4010284,1086149,2086149,3-21-2025,Claim Delay,Mobile App,4-13-2025,Resolved,23
4010336,1086678,2086678,11-26-2025,Claim Delay,Mobile App,11-27-2025,Resolved,1
4010348,1086772,2086772,1-28-2026,Claim Delay,Mobile App,2-14-2026,Resolved,17
4010352,1086801,2086801,06-01-25,Claim Delay,Mobile App,06-12-25,Resolved,11
4010403,1087222,2087222,01-02-26,Claim Delay,Mobile App,01-07-26,Resolved,5
4010484,1087844,2087844,9-26-2025,Claim Delay,Mobile App,10-07-25,Resolved,11
4010525,1088150,2088150,01-06-25,Claim Delay,Mobile App,01-12-25,Resolved,6
4010567,1088458,2088458,08-10-25,Claim Delay,Mobile App,08-11-25,Resolved,1
4010572,1088485,2088485,8-28-2024,Claim Delay,Mobile App,09-06-24,Resolved,9
4010611,1088762,2088762,2-13-2025,Claim Delay,Mobile App,03-01-25,Resolved,16
4010664,1089163,2089163,5-29-2025,Claim Delay,Mobile App,06-03-25,Resolved,5
4010703,1089518,2089518,4-16-2026,Claim Delay,Mobile App,05-08-26,Resolved,22
4010745,1089891,2089891,1-27-2026,Claim Delay,Mobile App,02-11-26,Resolved,15
4010754,1090001,2090001,3-26-2025,Claim Delay,Mobile App,4-15-2025,Resolved,20
4010933,1091488,2091488,1-22-2026,Claim Delay,Mobile App,02-05-26,Resolved,14
4010985,1091924,2091924,10-15-2024,Claim Delay,Mobile App,10-17-2024,Resolved,2
4011062,1092429,2092429,11-25-2025,Claim Delay,Mobile App,12-25-2025,Resolved,30
4011074,1092519,2092519,07-10-24,Claim Delay,Mobile App,7-30-2024,Resolved,20
4011116,1092913,2092913,06-05-24,Claim Delay,Mobile App,6-26-2024,Resolved,21
4011143,1093154,2093154,09-01-25,Claim Delay,Mobile App,09-08-25,Resolved,7
4011153,1093259,2093259,1-29-2026,Claim Delay,Mobile App,02-12-26,Resolved,14
4011166,1093337,2093337,10-21-2025,Claim Delay,Mobile App,11-09-25,Resolved,19
4011174,1093439,2093439,07-07-25,Claim Delay,Mobile App,7-21-2025,Resolved,14
4011188,1093531,2093531,05-11-24,Claim Delay,Mobile App,5-16-2024,Resolved,5
4011205,1093688,2093688,05-09-24,Claim Delay,Mobile App,05-11-24,Resolved,2
4011217,1093765,2093765,04-05-25,Claim Delay,Mobile App,4-24-2025,Resolved,19
4011221,1093800,2093800,4-20-2025,Claim Delay,Mobile App,5-14-2025,Resolved,24
4011325,1094721,2094721,4-26-2025,Claim Delay,Mobile App,05-11-25,Resolved,15
4011371,1095075,2095075,09-09-25,Claim Delay,Mobile App,9-21-2025,Resolved,12
4011466,1096030,2096030,11-09-24,Claim Delay,Mobile App,11-24-2024,Resolved,15
4011499,1096296,2096296,07-09-24,Claim Delay,Mobile App,7-17-2024,Resolved,8
4011507,1096376,2096376,2-17-2025,Claim Delay,Mobile App,2-22-2025,Resolved,5
4011532,1096626,2096626,10-02-25,Claim Delay,Mobile App,10-08-25,Resolved,6
4011588,1097144,2097144,10-23-2024,Claim Delay,Mobile App,11-02-24,Resolved,10
4011590,1097161,2097161,10-01-25,Claim Delay,Mobile App,10-14-2025,Resolved,13
4011620,1097415,2097415,3-30-2025,Claim Delay,Mobile App,04-03-25,Resolved,4
4011803,1098836,2098836,09-07-24,Claim Delay,Mobile App,9-14-2024,Resolved,7
4011891,1099476,2099476,4-20-2026,Claim Delay,Mobile App,4-21-2026,Resolved,1
4000043,1000392,2000392,11-25-2025,Policy Cancellation,Mobile App,12-22-2025,Resolved,27
4000053,1000460,2000460,12-09-25,Policy Cancellation,Mobile App,12-19-2025,Resolved,10
4000070,1000626,2000626,05-06-24,Policy Cancellation,Mobile App,5-27-2024,Resolved,21
4000096,1000853,2000853,1-22-2026,Policy Cancellation,Mobile App,2-17-2026,Resolved,26
4000153,1001382,2001382,5-16-2025,Policy Cancellation,Mobile App,5-26-2025,Resolved,10
4000252,1002365,2002365,6-29-2026,Policy Cancellation,Mobile App,7-18-2026,Resolved,19
4000265,1002481,2002481,3-13-2025,Policy Cancellation,Mobile App,3-26-2025,Resolved,13
4000307,1002822,2002822,4-30-2026,Policy Cancellation,Mobile App,05-04-26,Resolved,4
4000375,1003332,2003332,7-16-2025,Policy Cancellation,Mobile App,7-17-2025,Resolved,1
4000382,1003419,2003419,12-26-2025,Policy Cancellation,Mobile App,1-24-2026,Resolved,29
4000410,1003670,2003670,4-16-2025,Policy Cancellation,Mobile App,05-12-25,Resolved,26
4000594,1005225,2005225,07-04-26,Policy Cancellation,Mobile App,07-06-26,Resolved,2
4000695,1006036,2006036,4-22-2025,Policy Cancellation,Mobile App,05-01-25,Resolved,9
4000788,1006901,2006901,12-03-25,Policy Cancellation,Mobile App,01-01-26,Resolved,29
4000842,1007381,2007381,08-03-25,Policy Cancellation,Mobile App,8-17-2025,Resolved,14
4000871,1007623,2007623,12-04-24,Policy Cancellation,Mobile App,12-13-2024,Resolved,9
4000958,1008235,2008235,10-16-2024,Policy Cancellation,Mobile App,11-12-24,Resolved,27
4000979,1008383,2008383,03-08-26,Policy Cancellation,Mobile App,3-27-2026,Resolved,19
4000997,1008487,2008487,12-10-25,Policy Cancellation,Mobile App,12-14-2025,Resolved,4
4001004,1008618,2008618,7-22-2024,Policy Cancellation,Mobile App,08-02-24,Resolved,11
4001032,1008820,2008820,11-09-24,Policy Cancellation,Mobile App,11-12-24,Resolved,3
4001036,1008840,2008840,01-06-25,Policy Cancellation,Mobile App,1-23-2025,Resolved,17
4001074,1009194,2009194,01-03-26,Policy Cancellation,Mobile App,1-29-2026,Resolved,26
4001077,1009210,2009210,03-02-25,Policy Cancellation,Mobile App,3-28-2025,Resolved,26
4001139,1009684,2009684,11-15-2025,Policy Cancellation,Mobile App,11-26-2025,Resolved,11
4001238,1010584,2010584,5-15-2024,Policy Cancellation,Mobile App,06-03-24,Resolved,19
4001294,1011046,2011046,9-16-2024,Policy Cancellation,Mobile App,10-07-24,Resolved,21
4001306,1011156,2011156,3-23-2025,Policy Cancellation,Mobile App,4-18-2025,Resolved,26
4001344,1011400,2011400,12-14-2025,Policy Cancellation,Mobile App,12-23-2025,Resolved,9
4001437,1012303,2012303,7-20-2025,Policy Cancellation,Mobile App,8-19-2025,Resolved,30
4001547,1013209,2013209,4-15-2025,Policy Cancellation,Mobile App,4-26-2025,Resolved,11
4001626,1013813,2013813,1-16-2025,Policy Cancellation,Mobile App,02-04-25,Resolved,19
4001682,1014281,2014281,10-08-24,Policy Cancellation,Mobile App,10-26-2024,Resolved,18
4001689,1014312,2014312,10-19-2025,Policy Cancellation,Mobile App,10-20-2025,Resolved,1
4001695,1014345,2014345,10-18-2024,Policy Cancellation,Mobile App,11-05-24,Resolved,18
4001732,1014679,2014679,11-01-25,Policy Cancellation,Mobile App,11-28-2025,Resolved,27
4001770,1014983,2014983,04-02-26,Policy Cancellation,Mobile App,04-09-26,Resolved,7
4001789,1015165,2015165,6-16-2026,Policy Cancellation,Mobile App,07-06-26,Resolved,20
4001792,1015195,2015195,5-31-2025,Policy Cancellation,Mobile App,06-07-25,Resolved,7
4001849,1015695,2015695,5-24-2026,Policy Cancellation,Mobile App,6-18-2026,Resolved,25
4001922,1016291,2016291,09-03-25,Policy Cancellation,Mobile App,09-06-25,Resolved,3
4001963,1016582,2016582,09-04-26,Policy Cancellation,Mobile App,09-12-26,Resolved,8
4001986,1016752,2016752,1-14-2025,Policy Cancellation,Mobile App,02-04-25,Resolved,21
4001992,1016807,2016807,12-26-2025,Policy Cancellation,Mobile App,01-03-26,Resolved,8
4001998,1016850,2016850,04-03-25,Policy Cancellation,Mobile App,4-20-2025,Resolved,17
4002124,1017943,2017943,09-02-24,Policy Cancellation,Mobile App,9-16-2024,Resolved,14
4002161,1018282,2018282,11-10-24,Policy Cancellation,Mobile App,12-04-24,Resolved,24
4002355,1020017,2020017,07-05-25,Policy Cancellation,Mobile App,7-30-2025,Resolved,25
4002371,1020122,2020122,1-14-2025,Policy Cancellation,Mobile App,02-07-25,Resolved,24
4002431,1020573,2020573,4-21-2026,Policy Cancellation,Mobile App,05-10-26,Resolved,19
4002647,1022467,2022467,3-16-2024,Policy Cancellation,Mobile App,3-21-2024,Resolved,5
4002670,1022674,2022674,7-15-2024,Policy Cancellation,Mobile App,08-01-24,Resolved,17
4002698,1022877,2022877,08-08-25,Policy Cancellation,Mobile App,8-28-2025,Resolved,20
4002741,1023158,2023158,12-01-24,Policy Cancellation,Mobile App,12-12-24,Resolved,11
4002812,1023709,2023709,9-15-2025,Policy Cancellation,Mobile App,9-25-2025,Resolved,10
4002882,1024225,2024225,8-19-2024,Policy Cancellation,Mobile App,09-08-24,Resolved,20
4002921,1024618,2024618,09-12-25,Policy Cancellation,Mobile App,9-19-2025,Resolved,7
4002923,1024650,2024650,3-25-2025,Policy Cancellation,Mobile App,4-24-2025,Resolved,30
4002945,1024856,2024856,09-02-24,Policy Cancellation,Mobile App,9-16-2024,Resolved,14
4003040,1025533,2025533,12-06-25,Policy Cancellation,Mobile App,12-15-2025,Resolved,9
4003100,1026025,2026025,3-22-2026,Policy Cancellation,Mobile App,04-05-26,Resolved,14
4003144,1026424,2026424,9-25-2024,Policy Cancellation,Mobile App,10-16-2024,Resolved,21
4003153,1026518,2026518,5-15-2026,Policy Cancellation,Mobile App,06-03-26,Resolved,19
4003217,1027132,2027132,08-11-24,Policy Cancellation,Mobile App,09-06-24,Resolved,26
4003239,1027295,2027295,9-28-2024,Policy Cancellation,Mobile App,10-09-24,Resolved,11
4003264,1027484,2027484,10-22-2025,Policy Cancellation,Mobile App,11-14-2025,Resolved,23
4003369,1028326,2028326,7-24-2026,Policy Cancellation,Mobile App,08-06-26,Resolved,13
4003432,1028907,2028907,03-02-26,Policy Cancellation,Mobile App,3-30-2026,Resolved,28
4003436,1028933,2028933,04-05-26,Policy Cancellation,Mobile App,4-14-2026,Resolved,9
4003437,1028942,2028942,05-08-26,Policy Cancellation,Mobile App,06-06-26,Resolved,29
4003541,1029963,2029963,11-04-24,Policy Cancellation,Mobile App,11-25-2024,Resolved,21
4003543,1029973,2029973,1-30-2025,Policy Cancellation,Mobile App,02-12-25,Resolved,13
4003580,1030359,2030359,1-17-2025,Policy Cancellation,Mobile App,1-31-2025,Resolved,14
4003597,1030475,2030475,6-28-2025,Policy Cancellation,Mobile App,07-10-25,Resolved,12
4003608,1030549,2030549,10-02-24,Policy Cancellation,Mobile App,10-07-24,Resolved,5
4003623,1030744,2030744,7-19-2025,Policy Cancellation,Mobile App,08-07-25,Resolved,19
4003651,1031073,2031073,03-11-25,Policy Cancellation,Mobile App,3-23-2025,Resolved,12
4003661,1031129,2031129,8-29-2024,Policy Cancellation,Mobile App,9-27-2024,Resolved,29
4003664,1031143,2031143,3-18-2025,Policy Cancellation,Mobile App,04-12-25,Resolved,25
4003694,1031358,2031358,7-20-2025,Policy Cancellation,Mobile App,8-19-2025,Resolved,30
4003716,1031560,2031560,11-24-2024,Policy Cancellation,Mobile App,12-08-24,Resolved,14
4003734,1031695,2031695,04-02-25,Policy Cancellation,Mobile App,05-01-25,Resolved,29
4003737,1031727,2031727,07-07-25,Policy Cancellation,Mobile App,7-17-2025,Resolved,10
4003738,1031731,2031731,9-15-2026,Policy Cancellation,Mobile App,10-02-26,Resolved,17
4003740,1031738,2031738,2-28-2026,Policy Cancellation,Mobile App,3-20-2026,Resolved,20
4003774,1032056,2032056,05-01-25,Policy Cancellation,Mobile App,5-16-2025,Resolved,15
4003787,1032159,2032159,03-07-24,Policy Cancellation,Mobile App,3-14-2024,Resolved,7
4003824,1032466,2032466,6-16-2026,Policy Cancellation,Mobile App,6-26-2026,Resolved,10
4003858,1032800,2032800,12-06-24,Policy Cancellation,Mobile App,12-20-2024,Resolved,14
4003899,1033181,2033181,08-05-25,Policy Cancellation,Mobile App,8-28-2025,Resolved,23
4003914,1033274,2033274,09-02-24,Policy Cancellation,Mobile App,9-16-2024,Resolved,14
4003971,1033661,2033661,02-02-25,Policy Cancellation,Mobile App,03-01-25,Resolved,27
4003975,1033674,2033674,6-25-2025,Policy Cancellation,Mobile App,7-20-2025,Resolved,25
4003981,1033741,2033741,8-22-2024,Policy Cancellation,Mobile App,09-06-24,Resolved,15
4003990,1033842,2033842,12-02-24,Policy Cancellation,Mobile App,12-25-2024,Resolved,23
4004015,1034030,2034030,3-15-2025,Policy Cancellation,Mobile App,3-31-2025,Resolved,16
4004171,1035343,2035343,11-01-24,Policy Cancellation,Mobile App,11-16-2024,Resolved,15
4004183,1035430,2035430,8-22-2026,Policy Cancellation,Mobile App,9-19-2026,Resolved,28
4004185,1035435,2035435,4-20-2025,Policy Cancellation,Mobile App,4-25-2025,Resolved,5
4004218,1035699,2035699,4-17-2025,Policy Cancellation,Mobile App,5-13-2025,Resolved,26
4004304,1036468,2036468,10-21-2024,Policy Cancellation,Mobile App,11-01-24,Resolved,11
4004317,1036525,2036525,9-15-2026,Policy Cancellation,Mobile App,10-09-26,Resolved,24
4004320,1036544,2036544,6-17-2026,Policy Cancellation,Mobile App,6-24-2026,Resolved,7
4004466,1037669,2037669,5-26-2026,Policy Cancellation,Mobile App,06-07-26,Resolved,12
4004477,1037748,2037748,02-05-26,Policy Cancellation,Mobile App,2-24-2026,Resolved,19
4004484,1037781,2037781,3-20-2026,Policy Cancellation,Mobile App,04-04-26,Resolved,15
4004654,1039043,2039043,12-22-2025,Policy Cancellation,Mobile App,12-27-2025,Resolved,5
4004694,1039353,2039353,02-02-25,Policy Cancellation,Mobile App,2-16-2025,Resolved,14
4004720,1039605,2039605,6-19-2024,Policy Cancellation,Mobile App,6-20-2024,Resolved,1
4004721,1039611,2039611,11-11-24,Policy Cancellation,Mobile App,11-14-2024,Resolved,3
4004731,1039686,2039686,12-22-2024,Policy Cancellation,Mobile App,1-15-2025,Resolved,24
4004761,1039913,2039913,4-28-2025,Policy Cancellation,Mobile App,05-10-25,Resolved,12
4004864,1040826,2040826,4-18-2026,Policy Cancellation,Mobile App,4-29-2026,Resolved,11
4004967,1041747,2041747,10-31-2024,Policy Cancellation,Mobile App,11-11-24,Resolved,11
4004975,1041808,2041808,1-22-2026,Policy Cancellation,Mobile App,1-25-2026,Resolved,3
4005016,1042183,2042183,11-06-25,Policy Cancellation,Mobile App,12-06-25,Resolved,30
4005087,1042803,2042803,1-13-2026,Policy Cancellation,Mobile App,02-04-26,Resolved,22
4005134,1043149,2043149,11-17-2024,Policy Cancellation,Mobile App,11-19-2024,Resolved,2
4005218,1043847,2043847,03-04-26,Policy Cancellation,Mobile App,03-12-26,Resolved,8
4005221,1043888,2043888,3-23-2025,Policy Cancellation,Mobile App,4-15-2025,Resolved,23
4005262,1044272,2044272,10-26-2025,Policy Cancellation,Mobile App,10-30-2025,Resolved,4
4005337,1044877,2044877,8-18-2025,Policy Cancellation,Mobile App,09-03-25,Resolved,16
4005446,1045814,2045814,02-05-26,Policy Cancellation,Mobile App,02-06-26,Resolved,1
4005474,1046056,2046056,5-16-2026,Policy Cancellation,Mobile App,5-17-2026,Resolved,1
4005522,1046437,2046437,10-07-25,Policy Cancellation,Mobile App,10-15-2025,Resolved,8
4005543,1046616,2046616,1-19-2025,Policy Cancellation,Mobile App,02-12-25,Resolved,24
4005714,1048250,2048250,6-28-2025,Policy Cancellation,Mobile App,7-24-2025,Resolved,26
4005764,1048615,2048615,02-09-26,Policy Cancellation,Mobile App,03-11-26,Resolved,30
4005832,1049229,2049229,12-25-2025,Policy Cancellation,Mobile App,01-08-26,Resolved,14
4005835,1049244,2049244,08-06-25,Policy Cancellation,Mobile App,8-29-2025,Resolved,23
4005879,1049628,2049628,09-01-25,Policy Cancellation,Mobile App,9-18-2025,Resolved,17
4005885,1049645,2049645,1-25-2025,Policy Cancellation,Mobile App,2-23-2025,Resolved,29
4005897,1049732,2049732,10-19-2025,Policy Cancellation,Mobile App,11-04-25,Resolved,16
4006008,1050593,2050593,11-04-24,Policy Cancellation,Mobile App,11-27-2024,Resolved,23
4006016,1050695,2050695,02-12-26,Policy Cancellation,Mobile App,2-24-2026,Resolved,12
4006031,1050902,2050902,05-01-24,Policy Cancellation,Mobile App,05-04-24,Resolved,3
4006058,1051156,2051156,06-01-24,Policy Cancellation,Mobile App,6-16-2024,Resolved,15
4006063,1051248,2051248,11-04-25,Policy Cancellation,Mobile App,12-02-25,Resolved,28
4006077,1051411,2051411,8-21-2024,Policy Cancellation,Mobile App,09-02-24,Resolved,12
4006118,1051753,2051753,2-23-2026,Policy Cancellation,Mobile App,3-16-2026,Resolved,21
4006143,1051999,2051999,10-15-2024,Policy Cancellation,Mobile App,11-05-24,Resolved,21
4006177,1052317,2052317,8-15-2024,Policy Cancellation,Mobile App,9-13-2024,Resolved,29
4006191,1052448,2052448,12-13-2024,Policy Cancellation,Mobile App,01-08-25,Resolved,26
4006223,1052776,2052776,6-19-2024,Policy Cancellation,Mobile App,7-15-2024,Resolved,26
4006258,1053059,2053059,3-30-2024,Policy Cancellation,Mobile App,04-09-24,Resolved,10
4006305,1053376,2053376,7-25-2024,Policy Cancellation,Mobile App,7-27-2024,Resolved,2
4006312,1053434,2053434,10-10-24,Policy Cancellation,Mobile App,11-07-24,Resolved,28
4006351,1053804,2053804,04-08-24,Policy Cancellation,Mobile App,4-24-2024,Resolved,16
4006448,1054525,2054525,1-16-2026,Policy Cancellation,Mobile App,1-21-2026,Resolved,5
4006493,1054913,2054913,02-06-25,Policy Cancellation,Mobile App,2-14-2025,Resolved,8
4006519,1055142,2055142,02-08-25,Policy Cancellation,Mobile App,03-03-25,Resolved,23
4006551,1055374,2055374,9-20-2025,Policy Cancellation,Mobile App,10-20-2025,Resolved,30
4006575,1055605,2055605,6-13-2025,Policy Cancellation,Mobile App,07-01-25,Resolved,18
4006588,1055706,2055706,5-26-2025,Policy Cancellation,Mobile App,6-21-2025,Resolved,26
4006656,1056267,2056267,10-10-25,Policy Cancellation,Mobile App,10-28-2025,Resolved,18
4006691,1056535,2056535,11-20-2024,Policy Cancellation,Mobile App,11-27-2024,Resolved,7
4006704,1056595,2056595,07-11-26,Policy Cancellation,Mobile App,7-25-2026,Resolved,14
4006705,1056611,2056611,8-18-2025,Policy Cancellation,Mobile App,8-26-2025,Resolved,8
4006844,1057600,2057600,2-23-2025,Policy Cancellation,Mobile App,03-12-25,Resolved,17
4006845,1057603,2057603,9-20-2025,Policy Cancellation,Mobile App,10-16-2025,Resolved,26
4006925,1058189,2058189,6-14-2026,Policy Cancellation,Mobile App,6-28-2026,Resolved,14
4006947,1058351,2058351,7-14-2024,Policy Cancellation,Mobile App,08-03-24,Resolved,20
4007015,1058992,2058992,05-05-25,Policy Cancellation,Mobile App,06-02-25,Resolved,28
4007020,1059037,2059037,5-24-2026,Policy Cancellation,Mobile App,06-09-26,Resolved,16
4007081,1059568,2059568,7-25-2026,Policy Cancellation,Mobile App,7-28-2026,Resolved,3
4007107,1059733,2059733,08-08-25,Policy Cancellation,Mobile App,8-13-2025,Resolved,5
4007128,1059849,2059849,4-22-2026,Policy Cancellation,Mobile App,05-09-26,Resolved,17
4007144,1059942,2059942,04-11-25,Policy Cancellation,Mobile App,05-06-25,Resolved,25
4007159,1060073,2060073,04-03-26,Policy Cancellation,Mobile App,4-16-2026,Resolved,13
4007177,1060268,2060268,5-18-2025,Policy Cancellation,Mobile App,6-17-2025,Resolved,30
4007215,1060515,2060515,10-28-2026,Policy Cancellation,Mobile App,11-02-26,Resolved,5
4007228,1060606,2060606,6-20-2026,Policy Cancellation,Mobile App,6-25-2026,Resolved,5
4007276,1060995,2060995,10-13-2025,Policy Cancellation,Mobile App,10-17-2025,Resolved,4
4007302,1061165,2061165,5-17-2024,Policy Cancellation,Mobile App,6-13-2024,Resolved,27
4007309,1061231,2061231,9-13-2024,Policy Cancellation,Mobile App,10-01-24,Resolved,18
4007384,1061850,2061850,05-12-25,Policy Cancellation,Mobile App,5-14-2025,Resolved,2
4007405,1062005,2062005,3-26-2024,Policy Cancellation,Mobile App,3-30-2024,Resolved,4
4007410,1062076,2062076,12-08-24,Policy Cancellation,Mobile App,12-16-2024,Resolved,8
4007447,1062351,2062351,3-27-2025,Policy Cancellation,Mobile App,04-07-25,Resolved,11
4007587,1063623,2063623,11-23-2024,Policy Cancellation,Mobile App,12-01-24,Resolved,8
4007741,1064869,2064869,8-16-2025,Policy Cancellation,Mobile App,09-03-25,Resolved,18
4007758,1064966,2064966,11-24-2024,Policy Cancellation,Mobile App,12-16-2024,Resolved,22
4007768,1065084,2065084,6-30-2025,Policy Cancellation,Mobile App,7-22-2025,Resolved,22
4007822,1065522,2065522,5-31-2025,Policy Cancellation,Mobile App,06-12-25,Resolved,12
4007858,1065824,2065824,10-26-2024,Policy Cancellation,Mobile App,11-12-24,Resolved,17
4007913,1066263,2066263,9-23-2024,Policy Cancellation,Mobile App,10-18-2024,Resolved,25
4007921,1066316,2066316,04-07-25,Policy Cancellation,Mobile App,05-04-25,Resolved,27
4008025,1067182,2067182,4-21-2025,Policy Cancellation,Mobile App,05-01-25,Resolved,10
4008074,1067510,2067510,10-17-2024,Policy Cancellation,Mobile App,10-29-2024,Resolved,12
4008080,1067593,2067593,12-07-25,Policy Cancellation,Mobile App,12-30-2025,Resolved,23
4008150,1068213,2068213,11-09-25,Policy Cancellation,Mobile App,11-30-2025,Resolved,21
4008362,1069989,2069989,7-13-2026,Policy Cancellation,Mobile App,7-28-2026,Resolved,15
4008624,1072400,2072400,03-12-25,Policy Cancellation,Mobile App,3-17-2025,Resolved,5
4008711,1073140,2073140,3-21-2026,Policy Cancellation,Mobile App,3-25-2026,Resolved,4
4008718,1073238,2073238,11-16-2024,Policy Cancellation,Mobile App,12-15-2024,Resolved,29
4008724,1073273,2073273,02-04-24,Policy Cancellation,Mobile App,03-04-24,Resolved,29
4008965,1075340,2075340,9-26-2024,Policy Cancellation,Mobile App,10-12-24,Resolved,16
4008993,1075544,2075544,12-15-2024,Policy Cancellation,Mobile App,01-09-25,Resolved,25
4008998,1075560,2075560,11-25-2025,Policy Cancellation,Mobile App,12-24-2025,Resolved,29
4009086,1076208,2076208,11-08-25,Policy Cancellation,Mobile App,11-26-2025,Resolved,18
4009110,1076393,2076393,8-28-2026,Policy Cancellation,Mobile App,9-26-2026,Resolved,29
4009167,1076820,2076820,02-01-25,Policy Cancellation,Mobile App,02-09-25,Resolved,8
4009170,1076836,2076836,03-09-26,Policy Cancellation,Mobile App,3-17-2026,Resolved,8
4009432,1079187,2079187,02-05-25,Policy Cancellation,Mobile App,2-18-2025,Resolved,13
4009474,1079509,2079509,09-02-24,Policy Cancellation,Mobile App,09-03-24,Resolved,1
4009504,1079725,2079725,10-14-2024,Policy Cancellation,Mobile App,11-09-24,Resolved,26
4009589,1080392,2080392,4-18-2026,Policy Cancellation,Mobile App,05-09-26,Resolved,21
4009619,1080606,2080606,9-28-2025,Policy Cancellation,Mobile App,10-23-2025,Resolved,25
4009628,1080685,2080685,05-05-25,Policy Cancellation,Mobile App,5-14-2025,Resolved,9
4009656,1080907,2080907,6-23-2024,Policy Cancellation,Mobile App,07-06-24,Resolved,13
4009772,1081778,2081778,6-28-2025,Policy Cancellation,Mobile App,6-29-2025,Resolved,1
4009797,1081933,2081933,2-15-2025,Policy Cancellation,Mobile App,3-13-2025,Resolved,26
4009832,1082241,2082241,8-30-2024,Policy Cancellation,Mobile App,9-29-2024,Resolved,30
4009972,1083422,2083422,10-13-2024,Policy Cancellation,Mobile App,11-11-24,Resolved,29
4009989,1083573,2083573,3-25-2026,Policy Cancellation,Mobile App,4-16-2026,Resolved,22
4009993,1083613,2083613,6-30-2025,Policy Cancellation,Mobile App,7-22-2025,Resolved,22
4010138,1084824,2084824,7-17-2026,Policy Cancellation,Mobile App,7-24-2026,Resolved,7
4010186,1085215,2085215,4-14-2026,Policy Cancellation,Mobile App,4-17-2026,Resolved,3
4010305,1086314,2086314,4-14-2025,Policy Cancellation,Mobile App,05-05-25,Resolved,21
4010330,1086615,2086615,05-10-25,Policy Cancellation,Mobile App,5-20-2025,Resolved,10
4010401,1087219,2087219,7-22-2025,Policy Cancellation,Mobile App,08-09-25,Resolved,18
4010417,1087360,2087360,12-20-2025,Policy Cancellation,Mobile App,01-05-26,Resolved,16
4010457,1087625,2087625,5-19-2025,Policy Cancellation,Mobile App,5-25-2025,Resolved,6
4010469,1087740,2087740,8-28-2025,Policy Cancellation,Mobile App,09-06-25,Resolved,9
4010478,1087810,2087810,12-24-2024,Policy Cancellation,Mobile App,1-21-2025,Resolved,28
4010483,1087825,2087825,02-01-25,Policy Cancellation,Mobile App,2-27-2025,Resolved,26
4010514,1088079,2088079,9-23-2025,Policy Cancellation,Mobile App,10-12-25,Resolved,19
4010534,1088197,2088197,7-15-2025,Policy Cancellation,Mobile App,7-21-2025,Resolved,6
4010577,1088531,2088531,3-29-2025,Policy Cancellation,Mobile App,3-31-2025,Resolved,2
4010578,1088536,2088536,4-23-2025,Policy Cancellation,Mobile App,4-24-2025,Resolved,1
4010662,1089147,2089147,8-15-2025,Policy Cancellation,Mobile App,09-02-25,Resolved,18
4010706,1089577,2089577,07-07-26,Policy Cancellation,Mobile App,7-13-2026,Resolved,6
4010728,1089782,2089782,4-14-2026,Policy Cancellation,Mobile App,4-21-2026,Resolved,7
4010830,1090598,2090598,02-01-26,Policy Cancellation,Mobile App,03-02-26,Resolved,29
4010940,1091538,2091538,12-16-2024,Policy Cancellation,Mobile App,12-27-2024,Resolved,11
4010965,1091783,2091783,07-04-26,Policy Cancellation,Mobile App,07-05-26,Resolved,1
4011013,1092139,2092139,01-09-25,Policy Cancellation,Mobile App,1-31-2025,Resolved,22
4011024,1092233,2092233,12-03-25,Policy Cancellation,Mobile App,12-26-2025,Resolved,23
4011025,1092239,2092239,7-20-2026,Policy Cancellation,Mobile App,08-07-26,Resolved,18
4011029,1092264,2092264,8-16-2025,Policy Cancellation,Mobile App,09-05-25,Resolved,20
4011109,1092837,2092837,01-05-26,Policy Cancellation,Mobile App,1-31-2026,Resolved,26
4011110,1092838,2092838,9-29-2024,Policy Cancellation,Mobile App,10-17-2024,Resolved,18
4011121,1092951,2092951,1-28-2025,Policy Cancellation,Mobile App,02-12-25,Resolved,15
4011156,1093270,2093270,12-24-2025,Policy Cancellation,Mobile App,1-21-2026,Resolved,28
4011184,1093496,2093496,2-26-2025,Policy Cancellation,Mobile App,03-04-25,Resolved,6
4011279,1094238,2094238,03-01-25,Policy Cancellation,Mobile App,03-04-25,Resolved,3
4011304,1094456,2094456,06-05-25,Policy Cancellation,Mobile App,6-28-2025,Resolved,23
4011323,1094699,2094699,1-27-2025,Policy Cancellation,Mobile App,2-20-2025,Resolved,24
4011379,1095184,2095184,11-06-24,Policy Cancellation,Mobile App,12-05-24,Resolved,29
4011380,1095190,2095190,09-07-25,Policy Cancellation,Mobile App,9-24-2025,Resolved,17
4011407,1095462,2095462,9-13-2025,Policy Cancellation,Mobile App,10-07-25,Resolved,24
4011430,1095693,2095693,12-01-24,Policy Cancellation,Mobile App,12-10-24,Resolved,9
4011462,1095979,2095979,1-23-2026,Policy Cancellation,Mobile App,02-05-26,Resolved,13
4011486,1096183,2096183,08-03-24,Policy Cancellation,Mobile App,08-06-24,Resolved,3
4011630,1097492,2097492,3-15-2025,Policy Cancellation,Mobile App,3-29-2025,Resolved,14
4011748,1098474,2098474,2-17-2025,Policy Cancellation,Mobile App,3-18-2025,Resolved,29
4011789,1098732,2098732,4-15-2026,Policy Cancellation,Mobile App,4-22-2026,Resolved,7
4011909,1099670,2099670,08-07-26,Policy Cancellation,Mobile App,8-13-2026,Resolved,6
4000065,1000590,2000590,9-29-2025,Agent Behaviour,Mobile App,10-08-25,Resolved,9
4000095,1000846,2000846,12-25-2024,Agent Behaviour,Mobile App,01-06-25,Resolved,12
4000306,1002817,2002817,05-12-25,Agent Behaviour,Mobile App,5-26-2025,Resolved,14
4000532,1004676,2004676,3-24-2026,Agent Behaviour,Mobile App,04-11-26,Resolved,18
4000602,1005289,2005289,12-06-25,Agent Behaviour,Mobile App,12-29-2025,Resolved,23
4000722,1006257,2006257,4-16-2025,Agent Behaviour,Mobile App,4-17-2025,Resolved,1
4000773,1006747,2006747,06-09-26,Agent Behaviour,Mobile App,07-03-26,Resolved,24
4000787,1006898,2006898,09-10-25,Agent Behaviour,Mobile App,9-26-2025,Resolved,16
4000799,1007008,2007008,5-28-2026,Agent Behaviour,Mobile App,06-07-26,Resolved,10
4000907,1007885,2007885,12-28-2025,Agent Behaviour,Mobile App,1-16-2026,Resolved,19
4000993,1008474,2008474,4-25-2026,Agent Behaviour,Mobile App,5-22-2026,Resolved,27
4000994,1008476,2008476,3-27-2025,Agent Behaviour,Mobile App,4-26-2025,Resolved,30
4001054,1008989,2008989,6-21-2026,Agent Behaviour,Mobile App,07-10-26,Resolved,19
4001061,1009037,2009037,05-01-25,Agent Behaviour,Mobile App,05-07-25,Resolved,6
4001094,1009314,2009314,10-03-24,Agent Behaviour,Mobile App,10-15-2024,Resolved,12
4001096,1009337,2009337,07-03-25,Agent Behaviour,Mobile App,7-28-2025,Resolved,25
4001098,1009342,2009342,12-25-2024,Agent Behaviour,Mobile App,01-09-25,Resolved,15
4001133,1009635,2009635,2-26-2025,Agent Behaviour,Mobile App,3-25-2025,Resolved,27
4001179,1009986,2009986,4-29-2025,Agent Behaviour,Mobile App,5-23-2025,Resolved,24
4001288,1011002,2011002,5-17-2025,Agent Behaviour,Mobile App,6-14-2025,Resolved,28
4001296,1011048,2011048,2-27-2026,Agent Behaviour,Mobile App,03-11-26,Resolved,12
4001319,1011249,2011249,7-25-2026,Agent Behaviour,Mobile App,8-23-2026,Resolved,29
4001326,1011289,2011289,8-31-2025,Agent Behaviour,Mobile App,09-03-25,Resolved,3
4001364,1011634,2011634,11-02-24,Agent Behaviour,Mobile App,11-21-2024,Resolved,19
4001382,1011805,2011805,11-21-2024,Agent Behaviour,Mobile App,12-11-24,Resolved,20
4001390,1011850,2011850,2-27-2025,Agent Behaviour,Mobile App,3-20-2025,Resolved,21
4001443,1012341,2012341,8-14-2025,Agent Behaviour,Mobile App,09-04-25,Resolved,21
4001456,1012417,2012417,01-03-26,Agent Behaviour,Mobile App,1-26-2026,Resolved,23
4001470,1012538,2012538,4-18-2026,Agent Behaviour,Mobile App,05-04-26,Resolved,16
4001485,1012643,2012643,08-07-24,Agent Behaviour,Mobile App,09-05-24,Resolved,29
4001486,1012672,2012672,9-17-2025,Agent Behaviour,Mobile App,10-12-25,Resolved,25
4001496,1012703,2012703,7-31-2026,Agent Behaviour,Mobile App,8-19-2026,Resolved,19
4001510,1012842,2012842,9-28-2024,Agent Behaviour,Mobile App,10-28-2024,Resolved,30
4001619,1013738,2013738,02-05-25,Agent Behaviour,Mobile App,2-20-2025,Resolved,15
4001637,1013872,2013872,5-28-2024,Agent Behaviour,Mobile App,6-19-2024,Resolved,22
4001677,1014188,2014188,5-23-2025,Agent Behaviour,Mobile App,6-13-2025,Resolved,21
4001681,1014265,2014265,07-05-24,Agent Behaviour,Mobile App,07-12-24,Resolved,7
4001803,1015292,2015292,6-21-2025,Agent Behaviour,Mobile App,7-13-2025,Resolved,22
4001833,1015527,2015527,10-19-2025,Agent Behaviour,Mobile App,10-24-2025,Resolved,5
4001873,1015951,2015951,9-22-2025,Agent Behaviour,Mobile App,10-22-2025,Resolved,30
4001934,1016405,2016405,6-21-2025,Agent Behaviour,Mobile App,07-06-25,Resolved,15
4002002,1016878,2016878,7-16-2025,Agent Behaviour,Mobile App,08-03-25,Resolved,18
4002028,1017171,2017171,5-17-2026,Agent Behaviour,Mobile App,6-15-2026,Resolved,29
4002052,1017338,2017338,05-06-26,Agent Behaviour,Mobile App,05-09-26,Resolved,3
4002098,1017764,2017764,8-27-2025,Agent Behaviour,Mobile App,09-03-25,Resolved,7
4002163,1018296,2018296,7-17-2024,Agent Behaviour,Mobile App,08-07-24,Resolved,21
4002214,1018846,2018846,07-02-25,Agent Behaviour,Mobile App,07-07-25,Resolved,5
4002283,1019476,2019476,2-25-2026,Agent Behaviour,Mobile App,03-06-26,Resolved,9
4002375,1020162,2020162,7-25-2024,Agent Behaviour,Mobile App,7-31-2024,Resolved,6
4002450,1020735,2020735,1-19-2026,Agent Behaviour,Mobile App,1-25-2026,Resolved,6
4002463,1020819,2020819,12-18-2024,Agent Behaviour,Mobile App,12-31-2024,Resolved,13
4002502,1021166,2021166,5-31-2025,Agent Behaviour,Mobile App,6-22-2025,Resolved,22
4002526,1021367,2021367,05-04-25,Agent Behaviour,Mobile App,06-01-25,Resolved,28
4002533,1021431,2021431,9-26-2025,Agent Behaviour,Mobile App,9-28-2025,Resolved,2
4002590,1021966,2021966,8-19-2024,Agent Behaviour,Mobile App,8-29-2024,Resolved,10
4002614,1022223,2022223,09-04-26,Agent Behaviour,Mobile App,9-24-2026,Resolved,20
4002640,1022400,2022400,3-19-2025,Agent Behaviour,Mobile App,3-23-2025,Resolved,4
4002750,1023261,2023261,03-08-26,Agent Behaviour,Mobile App,3-13-2026,Resolved,5
4002825,1023795,2023795,9-17-2025,Agent Behaviour,Mobile App,9-20-2025,Resolved,3
4002830,1023831,2023831,4-27-2024,Agent Behaviour,Mobile App,05-09-24,Resolved,12
4002832,1023842,2023842,07-12-26,Agent Behaviour,Mobile App,08-08-26,Resolved,27
4002840,1023909,2023909,07-11-25,Agent Behaviour,Mobile App,7-24-2025,Resolved,13
4002919,1024610,2024610,8-31-2025,Agent Behaviour,Mobile App,9-23-2025,Resolved,23
4002939,1024834,2024834,11-29-2025,Agent Behaviour,Mobile App,12-04-25,Resolved,5
4003015,1025361,2025361,8-22-2025,Agent Behaviour,Mobile App,8-27-2025,Resolved,5
4003042,1025541,2025541,12-29-2024,Agent Behaviour,Mobile App,12-30-2024,Resolved,1
4003058,1025684,2025684,05-03-25,Agent Behaviour,Mobile App,5-22-2025,Resolved,19
4003070,1025748,2025748,6-21-2025,Agent Behaviour,Mobile App,6-22-2025,Resolved,1
4003175,1026711,2026711,5-19-2026,Agent Behaviour,Mobile App,5-23-2026,Resolved,4
4003193,1026901,2026901,1-24-2026,Agent Behaviour,Mobile App,2-17-2026,Resolved,24
4003194,1026918,2026918,11-08-26,Agent Behaviour,Mobile App,12-02-26,Resolved,24
4003226,1027209,2027209,8-29-2025,Agent Behaviour,Mobile App,9-26-2025,Resolved,28
4003245,1027346,2027346,12-14-2025,Agent Behaviour,Mobile App,12-24-2025,Resolved,10
4003341,1028074,2028074,8-26-2025,Agent Behaviour,Mobile App,9-19-2025,Resolved,24
4003387,1028516,2028516,11-24-2026,Agent Behaviour,Mobile App,12-19-2026,Resolved,25
4003400,1028610,2028610,4-22-2026,Agent Behaviour,Mobile App,05-10-26,Resolved,18
4003411,1028731,2028731,8-16-2024,Agent Behaviour,Mobile App,8-31-2024,Resolved,15
4003451,1029040,2029040,03-10-24,Agent Behaviour,Mobile App,3-17-2024,Resolved,7
4003457,1029096,2029096,3-20-2025,Agent Behaviour,Mobile App,4-15-2025,Resolved,26
4003561,1030168,2030168,12-08-24,Agent Behaviour,Mobile App,01-03-25,Resolved,26
4003572,1030302,2030302,11-17-2025,Agent Behaviour,Mobile App,11-22-2025,Resolved,5
4003575,1030329,2030329,10-20-2024,Agent Behaviour,Mobile App,10-27-2024,Resolved,7
4003588,1030399,2030399,5-25-2025,Agent Behaviour,Mobile App,6-21-2025,Resolved,27
4003591,1030409,2030409,1-23-2025,Agent Behaviour,Mobile App,1-27-2025,Resolved,4
4003728,1031634,2031634,06-08-26,Agent Behaviour,Mobile App,07-03-26,Resolved,25
4003855,1032754,2032754,11-13-2025,Agent Behaviour,Mobile App,11-15-2025,Resolved,2
4003861,1032807,2032807,4-28-2024,Agent Behaviour,Mobile App,05-10-24,Resolved,12
4003888,1033086,2033086,4-17-2026,Agent Behaviour,Mobile App,4-29-2026,Resolved,12
4003912,1033250,2033250,8-13-2025,Agent Behaviour,Mobile App,8-31-2025,Resolved,18
4003973,1033672,2033672,5-21-2026,Agent Behaviour,Mobile App,5-24-2026,Resolved,3
4004143,1035034,2035034,9-24-2026,Agent Behaviour,Mobile App,10-20-2026,Resolved,26
4004150,1035102,2035102,1-25-2026,Agent Behaviour,Mobile App,02-12-26,Resolved,18
4004182,1035418,2035418,05-04-26,Agent Behaviour,Mobile App,5-15-2026,Resolved,11
4004201,1035597,2035597,12-11-25,Agent Behaviour,Mobile App,01-06-26,Resolved,26
4004342,1036707,2036707,11-12-24,Agent Behaviour,Mobile App,12-10-24,Resolved,28
4004371,1036938,2036938,7-22-2026,Agent Behaviour,Mobile App,08-10-26,Resolved,19
4004406,1037257,2037257,2-13-2024,Agent Behaviour,Mobile App,03-01-24,Resolved,17
4004457,1037609,2037609,8-18-2025,Agent Behaviour,Mobile App,09-02-25,Resolved,15
4004506,1037975,2037975,11-03-24,Agent Behaviour,Mobile App,11-23-2024,Resolved,20
4004524,1038092,2038092,03-03-26,Agent Behaviour,Mobile App,04-02-26,Resolved,30
4004539,1038192,2038192,11-20-2026,Agent Behaviour,Mobile App,12-05-26,Resolved,15
4004666,1039141,2039141,03-06-25,Agent Behaviour,Mobile App,3-24-2025,Resolved,18
4004681,1039247,2039247,12-29-2025,Agent Behaviour,Mobile App,1-18-2026,Resolved,20
4004727,1039664,2039664,12-08-24,Agent Behaviour,Mobile App,01-07-25,Resolved,30
4004747,1039785,2039785,7-14-2024,Agent Behaviour,Mobile App,7-19-2024,Resolved,5
4004832,1040526,2040526,6-30-2025,Agent Behaviour,Mobile App,7-13-2025,Resolved,13
4004879,1040926,2040926,4-27-2026,Agent Behaviour,Mobile App,05-09-26,Resolved,12
4004886,1041012,2041012,04-06-26,Agent Behaviour,Mobile App,4-26-2026,Resolved,20
4004909,1041204,2041204,7-30-2025,Agent Behaviour,Mobile App,8-14-2025,Resolved,15
4004933,1041430,2041430,05-07-24,Agent Behaviour,Mobile App,5-28-2024,Resolved,21
4004942,1041506,2041506,10-24-2025,Agent Behaviour,Mobile App,11-23-2025,Resolved,30
4004953,1041597,2041597,11-10-24,Agent Behaviour,Mobile App,12-01-24,Resolved,21
4004979,1041824,2041824,8-30-2025,Agent Behaviour,Mobile App,09-05-25,Resolved,6
4005008,1042054,2042054,9-17-2025,Agent Behaviour,Mobile App,9-26-2025,Resolved,9
4005124,1043094,2043094,01-11-26,Agent Behaviour,Mobile App,01-12-26,Resolved,1
4005175,1043512,2043512,02-06-25,Agent Behaviour,Mobile App,2-25-2025,Resolved,19
4005255,1044219,2044219,10-21-2024,Agent Behaviour,Mobile App,11-18-2024,Resolved,28
4005265,1044323,2044323,2-16-2026,Agent Behaviour,Mobile App,03-05-26,Resolved,17
4005317,1044742,2044742,11-01-25,Agent Behaviour,Mobile App,11-25-2025,Resolved,24
4005320,1044750,2044750,12-29-2025,Agent Behaviour,Mobile App,01-09-26,Resolved,11
4005478,1046079,2046079,6-18-2025,Agent Behaviour,Mobile App,7-18-2025,Resolved,30
4005480,1046088,2046088,09-09-25,Agent Behaviour,Mobile App,9-22-2025,Resolved,13
4005570,1046906,2046906,11-16-2025,Agent Behaviour,Mobile App,11-18-2025,Resolved,2
4005597,1047150,2047150,06-02-26,Agent Behaviour,Mobile App,6-14-2026,Resolved,12
4005619,1047337,2047337,1-23-2025,Agent Behaviour,Mobile App,2-21-2025,Resolved,29
4005627,1047466,2047466,06-04-24,Agent Behaviour,Mobile App,6-29-2024,Resolved,25
4005672,1047902,2047902,3-24-2025,Agent Behaviour,Mobile App,04-06-25,Resolved,13
4005693,1048085,2048085,11-30-2024,Agent Behaviour,Mobile App,12-03-24,Resolved,3
4005780,1048771,2048771,03-05-25,Agent Behaviour,Mobile App,03-12-25,Resolved,7
4005906,1049787,2049787,04-01-26,Agent Behaviour,Mobile App,4-26-2026,Resolved,25
4005920,1049902,2049902,9-20-2025,Agent Behaviour,Mobile App,9-27-2025,Resolved,7
4005971,1050316,2050316,2-17-2024,Agent Behaviour,Mobile App,2-20-2024,Resolved,3
4006082,1051451,2051451,05-04-25,Agent Behaviour,Mobile App,5-25-2025,Resolved,21
4006148,1052050,2052050,4-18-2026,Agent Behaviour,Mobile App,4-28-2026,Resolved,10
4006284,1053237,2053237,02-12-26,Agent Behaviour,Mobile App,3-14-2026,Resolved,30
4006346,1053756,2053756,09-10-24,Agent Behaviour,Mobile App,09-11-24,Resolved,1
4006358,1053856,2053856,10-18-2024,Agent Behaviour,Mobile App,10-22-2024,Resolved,4
4006377,1053976,2053976,1-20-2026,Agent Behaviour,Mobile App,1-29-2026,Resolved,9
4006394,1054119,2054119,1-16-2026,Agent Behaviour,Mobile App,02-08-26,Resolved,23
4006455,1054576,2054576,10-11-24,Agent Behaviour,Mobile App,11-08-24,Resolved,28
4006460,1054630,2054630,11-17-2024,Agent Behaviour,Mobile App,11-27-2024,Resolved,10
4006533,1055222,2055222,10-10-24,Agent Behaviour,Mobile App,11-09-24,Resolved,30
4006539,1055257,2055257,07-03-25,Agent Behaviour,Mobile App,7-15-2025,Resolved,12
4006639,1056068,2056068,10-27-2024,Agent Behaviour,Mobile App,11-21-2024,Resolved,25
4006700,1056582,2056582,08-01-26,Agent Behaviour,Mobile App,8-31-2026,Resolved,30
4006707,1056619,2056619,01-09-25,Agent Behaviour,Mobile App,01-12-25,Resolved,3
4006762,1057004,2057004,04-02-25,Agent Behaviour,Mobile App,04-11-25,Resolved,9
4006768,1057092,2057092,11-09-25,Agent Behaviour,Mobile App,11-28-2025,Resolved,19
4006885,1057924,2057924,11-30-2024,Agent Behaviour,Mobile App,12-16-2024,Resolved,16
4006929,1058238,2058238,10-29-2025,Agent Behaviour,Mobile App,11-04-25,Resolved,6
4006944,1058341,2058341,11-10-25,Agent Behaviour,Mobile App,11-28-2025,Resolved,18
4006960,1058469,2058469,01-04-26,Agent Behaviour,Mobile App,1-29-2026,Resolved,25
4007019,1059017,2059017,9-25-2024,Agent Behaviour,Mobile App,10-25-2024,Resolved,30
4007129,1059856,2059856,4-21-2025,Agent Behaviour,Mobile App,05-04-25,Resolved,13
4007201,1060416,2060416,4-28-2025,Agent Behaviour,Mobile App,05-10-25,Resolved,12
4007257,1060801,2060801,08-12-26,Agent Behaviour,Mobile App,09-10-26,Resolved,29
4007378,1061820,2061820,01-05-25,Agent Behaviour,Mobile App,1-24-2025,Resolved,19
4007386,1061871,2061871,04-02-25,Agent Behaviour,Mobile App,4-17-2025,Resolved,15
4007395,1061959,2061959,3-25-2025,Agent Behaviour,Mobile App,4-17-2025,Resolved,23
4007403,1062002,2062002,07-02-26,Agent Behaviour,Mobile App,07-12-26,Resolved,10
4007434,1062272,2062272,2-20-2026,Agent Behaviour,Mobile App,03-01-26,Resolved,9
4007449,1062356,2062356,04-03-26,Agent Behaviour,Mobile App,4-23-2026,Resolved,20
4007452,1062366,2062366,3-23-2025,Agent Behaviour,Mobile App,4-17-2025,Resolved,25
4007463,1062429,2062429,6-15-2025,Agent Behaviour,Mobile App,6-29-2025,Resolved,14
4007473,1062555,2062555,4-24-2025,Agent Behaviour,Mobile App,5-21-2025,Resolved,27
4007594,1063666,2063666,4-24-2026,Agent Behaviour,Mobile App,5-19-2026,Resolved,25
4007628,1063937,2063937,11-17-2025,Agent Behaviour,Mobile App,11-20-2025,Resolved,3
4007642,1064050,2064050,2-16-2025,Agent Behaviour,Mobile App,03-11-25,Resolved,23
4007671,1064314,2064314,4-20-2025,Agent Behaviour,Mobile App,05-09-25,Resolved,19
4007682,1064392,2064392,04-03-25,Agent Behaviour,Mobile App,04-04-25,Resolved,1
4007744,1064883,2064883,3-15-2024,Agent Behaviour,Mobile App,3-24-2024,Resolved,9
4007776,1065119,2065119,9-30-2025,Agent Behaviour,Mobile App,10-21-2025,Resolved,21
4007901,1066162,2066162,3-26-2025,Agent Behaviour,Mobile App,4-16-2025,Resolved,21
4007925,1066366,2066366,07-04-24,Agent Behaviour,Mobile App,07-07-24,Resolved,3
4007952,1066524,2066524,9-29-2024,Agent Behaviour,Mobile App,10-10-24,Resolved,11
4007986,1066879,2066879,10-13-2025,Agent Behaviour,Mobile App,10-21-2025,Resolved,8
4008010,1067010,2067010,12-04-24,Agent Behaviour,Mobile App,12-18-2024,Resolved,14
4008029,1067207,2067207,1-17-2026,Agent Behaviour,Mobile App,02-10-26,Resolved,24
4008060,1067391,2067391,9-27-2026,Agent Behaviour,Mobile App,10-23-2026,Resolved,26
4008090,1067685,2067685,10-19-2024,Agent Behaviour,Mobile App,10-25-2024,Resolved,6
4008110,1067924,2067924,1-15-2026,Agent Behaviour,Mobile App,1-28-2026,Resolved,13
4008176,1068394,2068394,2-16-2026,Agent Behaviour,Mobile App,2-17-2026,Resolved,1
4008302,1069489,2069489,11-06-24,Agent Behaviour,Mobile App,11-13-2024,Resolved,7
4008311,1069560,2069560,11-14-2025,Agent Behaviour,Mobile App,11-28-2025,Resolved,14
4008320,1069649,2069649,11-21-2025,Agent Behaviour,Mobile App,11-27-2025,Resolved,6
4008361,1069985,2069985,08-07-25,Agent Behaviour,Mobile App,09-03-25,Resolved,27
4008429,1070641,2070641,10-01-26,Agent Behaviour,Mobile App,10-17-2026,Resolved,16
4008454,1070870,2070870,4-28-2025,Agent Behaviour,Mobile App,05-10-25,Resolved,12
4008464,1070928,2070928,12-19-2025,Agent Behaviour,Mobile App,12-23-2025,Resolved,4
4008542,1071651,2071651,06-02-24,Agent Behaviour,Mobile App,06-10-24,Resolved,8
4008573,1072015,2072015,04-01-25,Agent Behaviour,Mobile App,04-10-25,Resolved,9
4008634,1072531,2072531,01-08-26,Agent Behaviour,Mobile App,1-25-2026,Resolved,17
4008659,1072728,2072728,12-24-2024,Agent Behaviour,Mobile App,1-13-2025,Resolved,20
4008794,1073819,2073819,11-05-25,Agent Behaviour,Mobile App,12-05-25,Resolved,30
4008991,1075532,2075532,06-07-25,Agent Behaviour,Mobile App,07-05-25,Resolved,28
4009043,1075910,2075910,6-30-2026,Agent Behaviour,Mobile App,07-12-26,Resolved,12
4009045,1075936,2075936,09-11-25,Agent Behaviour,Mobile App,9-24-2025,Resolved,13
4009092,1076252,2076252,11-11-24,Agent Behaviour,Mobile App,11-20-2024,Resolved,9
4009140,1076593,2076593,5-20-2024,Agent Behaviour,Mobile App,06-04-24,Resolved,15
4009143,1076618,2076618,5-14-2025,Agent Behaviour,Mobile App,5-23-2025,Resolved,9
4009205,1077122,2077122,4-18-2024,Agent Behaviour,Mobile App,4-25-2024,Resolved,7
4009232,1077362,2077362,10-16-2026,Agent Behaviour,Mobile App,11-15-2026,Resolved,30
4009276,1077813,2077813,6-14-2025,Agent Behaviour,Mobile App,6-24-2025,Resolved,10
4009294,1078018,2078018,04-12-25,Agent Behaviour,Mobile App,4-23-2025,Resolved,11
4009301,1078059,2078059,05-09-26,Agent Behaviour,Mobile App,05-12-26,Resolved,3
4009321,1078234,2078234,12-13-2024,Agent Behaviour,Mobile App,12-30-2024,Resolved,17
4009327,1078289,2078289,9-13-2024,Agent Behaviour,Mobile App,9-30-2024,Resolved,17
4009373,1078687,2078687,06-03-26,Agent Behaviour,Mobile App,06-09-26,Resolved,6
4009409,1079015,2079015,5-18-2025,Agent Behaviour,Mobile App,06-11-25,Resolved,24
4009466,1079430,2079430,6-18-2024,Agent Behaviour,Mobile App,07-11-24,Resolved,23
4009545,1080061,2080061,1-19-2025,Agent Behaviour,Mobile App,1-28-2025,Resolved,9
4009568,1080215,2080215,6-30-2025,Agent Behaviour,Mobile App,7-14-2025,Resolved,14
4009659,1080935,2080935,4-30-2025,Agent Behaviour,Mobile App,5-26-2025,Resolved,26
4009693,1081145,2081145,10-25-2025,Agent Behaviour,Mobile App,11-09-25,Resolved,15
4009770,1081742,2081742,10-15-2025,Agent Behaviour,Mobile App,10-31-2025,Resolved,16
4009805,1082051,2082051,11-20-2024,Agent Behaviour,Mobile App,12-16-2024,Resolved,26
4009865,1082496,2082496,6-27-2025,Agent Behaviour,Mobile App,7-17-2025,Resolved,20
4009885,1082595,2082595,10-08-24,Agent Behaviour,Mobile App,11-04-24,Resolved,27
4010030,1083887,2083887,02-06-24,Agent Behaviour,Mobile App,02-09-24,Resolved,3
4010110,1084573,2084573,01-05-26,Agent Behaviour,Mobile App,1-20-2026,Resolved,15
4010118,1084647,2084647,7-16-2024,Agent Behaviour,Mobile App,8-14-2024,Resolved,29
4010164,1085093,2085093,1-30-2025,Agent Behaviour,Mobile App,02-11-25,Resolved,12
4010197,1085331,2085331,01-06-25,Agent Behaviour,Mobile App,1-19-2025,Resolved,13
4010295,1086229,2086229,6-27-2024,Agent Behaviour,Mobile App,7-19-2024,Resolved,22
4010298,1086258,2086258,08-01-26,Agent Behaviour,Mobile App,8-29-2026,Resolved,28
4010321,1086494,2086494,5-22-2025,Agent Behaviour,Mobile App,6-15-2025,Resolved,24
4010325,1086549,2086549,09-08-24,Agent Behaviour,Mobile App,10-08-24,Resolved,30
4010449,1087573,2087573,6-30-2026,Agent Behaviour,Mobile App,7-21-2026,Resolved,21
4010496,1087932,2087932,02-05-25,Agent Behaviour,Mobile App,02-12-25,Resolved,7
4010540,1088256,2088256,03-05-26,Agent Behaviour,Mobile App,3-21-2026,Resolved,16
4010602,1088716,2088716,06-01-24,Agent Behaviour,Mobile App,6-28-2024,Resolved,27
4010670,1089248,2089248,2-27-2025,Agent Behaviour,Mobile App,3-21-2025,Resolved,22
4010792,1090282,2090282,1-17-2026,Agent Behaviour,Mobile App,02-04-26,Resolved,18
4010820,1090543,2090543,9-20-2025,Agent Behaviour,Mobile App,9-25-2025,Resolved,5
4010887,1091015,2091015,6-21-2025,Agent Behaviour,Mobile App,6-27-2025,Resolved,6
4010898,1091110,2091110,12-18-2024,Agent Behaviour,Mobile App,01-08-25,Resolved,21
4011056,1092411,2092411,9-28-2026,Agent Behaviour,Mobile App,10-19-2026,Resolved,21
4011120,1092941,2092941,5-28-2026,Agent Behaviour,Mobile App,6-19-2026,Resolved,22
4011142,1093138,2093138,2-17-2024,Agent Behaviour,Mobile App,3-17-2024,Resolved,29
4011145,1093164,2093164,05-02-25,Agent Behaviour,Mobile App,5-30-2025,Resolved,28
4011193,1093563,2093563,07-12-26,Agent Behaviour,Mobile App,08-03-26,Resolved,22
4011213,1093735,2093735,4-29-2026,Agent Behaviour,Mobile App,05-10-26,Resolved,11
4011240,1093937,2093937,12-12-25,Agent Behaviour,Mobile App,12-18-2025,Resolved,6
4011284,1094273,2094273,8-24-2026,Agent Behaviour,Mobile App,9-20-2026,Resolved,27
4011289,1094320,2094320,4-27-2026,Agent Behaviour,Mobile App,5-14-2026,Resolved,17
4011392,1095319,2095319,11-28-2025,Agent Behaviour,Mobile App,12-22-2025,Resolved,24
4011418,1095559,2095559,10-03-24,Agent Behaviour,Mobile App,10-04-24,Resolved,1
4011479,1096124,2096124,9-16-2026,Agent Behaviour,Mobile App,10-14-2026,Resolved,28
4011494,1096251,2096251,05-07-24,Agent Behaviour,Mobile App,06-01-24,Resolved,25
4011541,1096711,2096711,05-05-25,Agent Behaviour,Mobile App,5-25-2025,Resolved,20
4011569,1096885,2096885,5-21-2024,Agent Behaviour,Mobile App,5-22-2024,Resolved,1
4011578,1097053,2097053,4-27-2024,Agent Behaviour,Mobile App,5-21-2024,Resolved,24
4011604,1097275,2097275,12-13-2024,Agent Behaviour,Mobile App,12-20-2024,Resolved,7
4011656,1097767,2097767,6-30-2024,Agent Behaviour,Mobile App,7-24-2024,Resolved,24
4011663,1097799,2097799,11-07-24,Agent Behaviour,Mobile App,12-06-24,Resolved,29
4011745,1098413,2098413,9-21-2025,Agent Behaviour,Mobile App,10-13-2025,Resolved,22
4011749,1098478,2098478,9-20-2024,Agent Behaviour,Mobile App,10-12-24,Resolved,22
4011763,1098573,2098573,12-25-2025,Agent Behaviour,Mobile App,12-27-2025,Resolved,2
4011832,1099088,2099088,04-09-26,Agent Behaviour,Mobile App,05-09-26,Resolved,30
4011834,1099099,2099099,4-15-2026,Agent Behaviour,Mobile App,05-01-26,Resolved,16
4000035,1000281,2000281,06-11-25,Service Quality,Mobile App,6-21-2025,Resolved,10
4000254,1002374,2002374,03-03-25,Service Quality,Mobile App,3-19-2025,Resolved,16
4000315,1002854,2002854,04-01-26,Service Quality,Mobile App,04-10-26,Resolved,9
4000381,1003415,2003415,4-18-2024,Service Quality,Mobile App,05-05-24,Resolved,17
4000411,1003673,2003673,06-12-26,Service Quality,Mobile App,6-28-2026,Resolved,16
4000437,1003904,2003904,07-12-25,Service Quality,Mobile App,7-29-2025,Resolved,17
4000464,1004148,2004148,8-19-2024,Service Quality,Mobile App,8-28-2024,Resolved,9
4000499,1004361,2004361,06-03-26,Service Quality,Mobile App,6-22-2026,Resolved,19
4000529,1004665,2004665,11-01-25,Service Quality,Mobile App,11-16-2025,Resolved,15
4000543,1004765,2004765,5-28-2026,Service Quality,Mobile App,6-22-2026,Resolved,25
4000577,1005093,2005093,3-24-2026,Service Quality,Mobile App,04-11-26,Resolved,18
4000658,1005751,2005751,8-29-2025,Service Quality,Mobile App,09-11-25,Resolved,13
4000686,1005981,2005981,10-27-2026,Service Quality,Mobile App,11-04-26,Resolved,8
4000699,1006067,2006067,11-27-2024,Service Quality,Mobile App,12-14-2024,Resolved,17
4000703,1006099,2006099,03-10-26,Service Quality,Mobile App,04-03-26,Resolved,24
4000751,1006580,2006580,12-09-25,Service Quality,Mobile App,12-16-2025,Resolved,7
4000771,1006720,2006720,4-30-2026,Service Quality,Mobile App,5-30-2026,Resolved,30
4000776,1006776,2006776,03-11-26,Service Quality,Mobile App,3-25-2026,Resolved,14
4000804,1007062,2007062,02-03-26,Service Quality,Mobile App,2-24-2026,Resolved,21
4000982,1008396,2008396,8-18-2025,Service Quality,Mobile App,8-31-2025,Resolved,13
4001235,1010564,2010564,07-07-25,Service Quality,Mobile App,08-01-25,Resolved,25
4001237,1010581,2010581,5-13-2026,Service Quality,Mobile App,5-30-2026,Resolved,17
4001248,1010705,2010705,4-30-2026,Service Quality,Mobile App,5-20-2026,Resolved,20
4001308,1011177,2011177,07-03-26,Service Quality,Mobile App,07-05-26,Resolved,2
4001317,1011244,2011244,10-17-2025,Service Quality,Mobile App,11-02-25,Resolved,16
4001338,1011354,2011354,10-27-2024,Service Quality,Mobile App,11-08-24,Resolved,12
4001405,1011954,2011954,8-17-2025,Service Quality,Mobile App,9-15-2025,Resolved,29
4001410,1012014,2012014,05-12-25,Service Quality,Mobile App,5-31-2025,Resolved,19
4001426,1012176,2012176,11-13-2024,Service Quality,Mobile App,11-17-2024,Resolved,4
4001492,1012689,2012689,10-13-2025,Service Quality,Mobile App,10-29-2025,Resolved,16
4001533,1013071,2013071,11-13-2024,Service Quality,Mobile App,11-21-2024,Resolved,8
4001560,1013304,2013304,10-02-25,Service Quality,Mobile App,10-31-2025,Resolved,29
4001592,1013586,2013586,5-31-2024,Service Quality,Mobile App,06-05-24,Resolved,5
4001666,1014070,2014070,8-15-2025,Service Quality,Mobile App,09-10-25,Resolved,26
4001696,1014354,2014354,01-08-25,Service Quality,Mobile App,02-06-25,Resolved,29
4001698,1014370,2014370,05-08-26,Service Quality,Mobile App,5-18-2026,Resolved,10
4001708,1014455,2014455,08-10-26,Service Quality,Mobile App,8-20-2026,Resolved,10
4001754,1014870,2014870,7-30-2024,Service Quality,Mobile App,08-12-24,Resolved,13
4001772,1015001,2015001,07-06-24,Service Quality,Mobile App,08-04-24,Resolved,29
4001776,1015031,2015031,09-06-25,Service Quality,Mobile App,09-12-25,Resolved,6
4001836,1015562,2015562,1-14-2026,Service Quality,Mobile App,1-19-2026,Resolved,5
4001917,1016271,2016271,9-22-2026,Service Quality,Mobile App,9-24-2026,Resolved,2
4001920,1016287,2016287,8-15-2025,Service Quality,Mobile App,09-10-25,Resolved,26
4001949,1016488,2016488,10-14-2024,Service Quality,Mobile App,10-22-2024,Resolved,8
4001976,1016685,2016685,4-22-2025,Service Quality,Mobile App,5-13-2025,Resolved,21
4001985,1016742,2016742,5-17-2024,Service Quality,Mobile App,6-13-2024,Resolved,27
4002067,1017464,2017464,11-05-24,Service Quality,Mobile App,11-15-2024,Resolved,10
4002069,1017471,2017471,3-22-2026,Service Quality,Mobile App,04-04-26,Resolved,13
4002088,1017666,2017666,6-16-2025,Service Quality,Mobile App,6-17-2025,Resolved,1
4002160,1018271,2018271,4-30-2025,Service Quality,Mobile App,5-21-2025,Resolved,21
4002227,1018961,2018961,1-20-2025,Service Quality,Mobile App,2-17-2025,Resolved,28
4002279,1019444,2019444,5-14-2026,Service Quality,Mobile App,5-20-2026,Resolved,6
4002301,1019654,2019654,11-23-2025,Service Quality,Mobile App,12-09-25,Resolved,16
4002466,1020860,2020860,01-08-25,Service Quality,Mobile App,1-22-2025,Resolved,14
4002492,1021041,2021041,03-01-26,Service Quality,Mobile App,03-08-26,Resolved,7
4002496,1021104,2021104,11-11-24,Service Quality,Mobile App,12-01-24,Resolved,20
4002544,1021533,2021533,1-18-2025,Service Quality,Mobile App,02-05-25,Resolved,18
4002558,1021702,2021702,07-06-25,Service Quality,Mobile App,7-15-2025,Resolved,9
4002610,1022173,2022173,02-01-25,Service Quality,Mobile App,03-03-25,Resolved,30
4002618,1022257,2022257,9-27-2025,Service Quality,Mobile App,9-28-2025,Resolved,1
4002657,1022570,2022570,11-05-24,Service Quality,Mobile App,11-14-2024,Resolved,9
4002720,1023000,2023000,03-12-25,Service Quality,Mobile App,04-01-25,Resolved,20
4002721,1023011,2023011,07-10-25,Service Quality,Mobile App,07-12-25,Resolved,2
4002742,1023160,2023160,1-13-2026,Service Quality,Mobile App,02-04-26,Resolved,22
4002746,1023203,2023203,09-11-26,Service Quality,Mobile App,10-08-26,Resolved,27
4002757,1023313,2023313,7-23-2025,Service Quality,Mobile App,08-10-25,Resolved,18
4002776,1023515,2023515,6-24-2026,Service Quality,Mobile App,6-29-2026,Resolved,5
4002817,1023743,2023743,6-21-2026,Service Quality,Mobile App,07-10-26,Resolved,19
4002857,1023994,2023994,01-05-26,Service Quality,Mobile App,1-24-2026,Resolved,19
4002934,1024773,2024773,06-07-26,Service Quality,Mobile App,06-09-26,Resolved,2
4002935,1024776,2024776,2-18-2025,Service Quality,Mobile App,03-05-25,Resolved,15
4002940,1024836,2024836,06-01-25,Service Quality,Mobile App,06-02-25,Resolved,1
4003043,1025547,2025547,1-18-2025,Service Quality,Mobile App,1-30-2025,Resolved,12
4003122,1026161,2026161,11-22-2025,Service Quality,Mobile App,11-24-2025,Resolved,2
4003152,1026511,2026511,4-21-2025,Service Quality,Mobile App,4-22-2025,Resolved,1
4003192,1026896,2026896,9-27-2025,Service Quality,Mobile App,10-06-25,Resolved,9
4003195,1026923,2026923,01-07-26,Service Quality,Mobile App,1-13-2026,Resolved,6
4003198,1026967,2026967,10-04-25,Service Quality,Mobile App,11-01-25,Resolved,28
4003224,1027185,2027185,04-02-25,Service Quality,Mobile App,4-16-2025,Resolved,14
4003298,1027741,2027741,09-09-25,Service Quality,Mobile App,10-08-25,Resolved,29
4003311,1027876,2027876,7-17-2026,Service Quality,Mobile App,7-24-2026,Resolved,7
4003352,1028181,2028181,6-26-2025,Service Quality,Mobile App,7-23-2025,Resolved,27
4003503,1029629,2029629,2-13-2026,Service Quality,Mobile App,2-22-2026,Resolved,9
4003554,1030103,2030103,5-22-2026,Service Quality,Mobile App,5-28-2026,Resolved,6
4003725,1031598,2031598,11-18-2024,Service Quality,Mobile App,12-11-24,Resolved,23
4003772,1032041,2032041,2-20-2026,Service Quality,Mobile App,03-03-26,Resolved,11
4003805,1032334,2032334,7-16-2025,Service Quality,Mobile App,08-11-25,Resolved,26
4003810,1032372,2032372,11-23-2025,Service Quality,Mobile App,12-01-25,Resolved,8
4003860,1032805,2032805,10-31-2024,Service Quality,Mobile App,11-18-2024,Resolved,18
4003864,1032845,2032845,03-10-26,Service Quality,Mobile App,04-08-26,Resolved,29
4003919,1033307,2033307,6-30-2025,Service Quality,Mobile App,7-26-2025,Resolved,26
4003984,1033777,2033777,9-20-2025,Service Quality,Mobile App,9-22-2025,Resolved,2
4004042,1034213,2034213,5-31-2026,Service Quality,Mobile App,06-05-26,Resolved,5
4004072,1034422,2034422,01-01-26,Service Quality,Mobile App,1-16-2026,Resolved,15
4004120,1034845,2034845,1-29-2025,Service Quality,Mobile App,2-14-2025,Resolved,16
4004188,1035465,2035465,07-08-24,Service Quality,Mobile App,08-06-24,Resolved,29
4004197,1035575,2035575,06-05-24,Service Quality,Mobile App,06-07-24,Resolved,2
4004224,1035772,2035772,10-23-2025,Service Quality,Mobile App,11-21-2025,Resolved,29
4004233,1035823,2035823,8-15-2024,Service Quality,Mobile App,8-26-2024,Resolved,11
4004241,1035886,2035886,12-18-2025,Service Quality,Mobile App,01-06-26,Resolved,19
4004338,1036663,2036663,1-21-2025,Service Quality,Mobile App,1-23-2025,Resolved,2
4004362,1036868,2036868,6-13-2026,Service Quality,Mobile App,6-27-2026,Resolved,14
4004423,1037371,2037371,07-03-25,Service Quality,Mobile App,7-31-2025,Resolved,28
4004584,1038466,2038466,10-10-24,Service Quality,Mobile App,11-08-24,Resolved,29
4004611,1038696,2038696,09-01-25,Service Quality,Mobile App,09-12-25,Resolved,11
4004639,1038915,2038915,11-28-2025,Service Quality,Mobile App,12-26-2025,Resolved,28
4004736,1039712,2039712,02-06-25,Service Quality,Mobile App,2-16-2025,Resolved,10
4004738,1039725,2039725,05-07-25,Service Quality,Mobile App,5-13-2025,Resolved,6
4004945,1041540,2041540,01-03-26,Service Quality,Mobile App,01-07-26,Resolved,4
4005005,1042031,2042031,2-15-2025,Service Quality,Mobile App,03-02-25,Resolved,15
4005019,1042224,2042224,01-02-26,Service Quality,Mobile App,01-08-26,Resolved,6
4005028,1042291,2042291,01-09-25,Service Quality,Mobile App,1-17-2025,Resolved,8
4005031,1042307,2042307,1-22-2025,Service Quality,Mobile App,1-29-2025,Resolved,7
4005055,1042503,2042503,09-08-24,Service Quality,Mobile App,9-20-2024,Resolved,12
4005107,1042961,2042961,3-18-2025,Service Quality,Mobile App,04-04-25,Resolved,17
4005181,1043587,2043587,1-17-2025,Service Quality,Mobile App,02-04-25,Resolved,18
4005183,1043593,2043593,10-17-2025,Service Quality,Mobile App,10-24-2025,Resolved,7
4005186,1043626,2043626,06-05-25,Service Quality,Mobile App,6-26-2025,Resolved,21
4005246,1044149,2044149,09-02-24,Service Quality,Mobile App,09-09-24,Resolved,7
4005291,1044536,2044536,9-24-2025,Service Quality,Mobile App,10-16-2025,Resolved,22
4005380,1045326,2045326,7-15-2026,Service Quality,Mobile App,08-08-26,Resolved,24
4005400,1045440,2045440,3-25-2025,Service Quality,Mobile App,4-16-2025,Resolved,22
4005484,1046124,2046124,08-09-25,Service Quality,Mobile App,8-16-2025,Resolved,7
4005490,1046212,2046212,6-24-2025,Service Quality,Mobile App,7-24-2025,Resolved,30
4005496,1046256,2046256,10-10-25,Service Quality,Mobile App,10-21-2025,Resolved,11
4005545,1046660,2046660,3-14-2025,Service Quality,Mobile App,3-19-2025,Resolved,5
4005626,1047462,2047462,12-10-25,Service Quality,Mobile App,01-02-26,Resolved,23
4005629,1047481,2047481,5-13-2024,Service Quality,Mobile App,06-06-24,Resolved,24
4005663,1047808,2047808,8-19-2025,Service Quality,Mobile App,8-21-2025,Resolved,2
4005668,1047867,2047867,6-17-2025,Service Quality,Mobile App,07-09-25,Resolved,22
4005691,1048058,2048058,1-17-2025,Service Quality,Mobile App,2-16-2025,Resolved,30
4005709,1048207,2048207,5-29-2025,Service Quality,Mobile App,6-21-2025,Resolved,23
4005792,1048930,2048930,8-23-2026,Service Quality,Mobile App,09-07-26,Resolved,15
4005841,1049280,2049280,06-05-25,Service Quality,Mobile App,07-05-25,Resolved,30
4005869,1049532,2049532,09-02-26,Service Quality,Mobile App,9-25-2026,Resolved,23
4005873,1049559,2049559,4-23-2025,Service Quality,Mobile App,5-13-2025,Resolved,20
4005881,1049635,2049635,12-27-2025,Service Quality,Mobile App,01-02-26,Resolved,6
4005888,1049657,2049657,5-18-2024,Service Quality,Mobile App,06-09-24,Resolved,22
4005892,1049681,2049681,1-26-2025,Service Quality,Mobile App,2-19-2025,Resolved,24
4005917,1049892,2049892,10-24-2025,Service Quality,Mobile App,10-27-2025,Resolved,3
4005955,1050219,2050219,6-18-2026,Service Quality,Mobile App,07-05-26,Resolved,17
4005959,1050230,2050230,6-18-2026,Service Quality,Mobile App,07-07-26,Resolved,19
4006162,1052193,2052193,11-05-24,Service Quality,Mobile App,11-07-24,Resolved,2
4006163,1052200,2052200,09-12-25,Service Quality,Mobile App,10-06-25,Resolved,24
4006197,1052497,2052497,10-27-2024,Service Quality,Mobile App,11-25-2024,Resolved,29
4006204,1052583,2052583,8-27-2025,Service Quality,Mobile App,9-21-2025,Resolved,25
4006291,1053262,2053262,11-05-25,Service Quality,Mobile App,11-30-2025,Resolved,25
4006356,1053841,2053841,10-25-2024,Service Quality,Mobile App,11-14-2024,Resolved,20
4006367,1053916,2053916,08-11-26,Service Quality,Mobile App,8-26-2026,Resolved,15
4006390,1054064,2054064,11-12-24,Service Quality,Mobile App,11-22-2024,Resolved,10
4006426,1054394,2054394,4-14-2026,Service Quality,Mobile App,4-25-2026,Resolved,11
4006430,1054412,2054412,7-19-2025,Service Quality,Mobile App,08-08-25,Resolved,20
4006489,1054889,2054889,9-14-2025,Service Quality,Mobile App,10-10-25,Resolved,26
4006538,1055255,2055255,6-19-2025,Service Quality,Mobile App,7-13-2025,Resolved,24
4006601,1055815,2055815,2-23-2025,Service Quality,Mobile App,03-08-25,Resolved,13
4006764,1057047,2057047,1-17-2026,Service Quality,Mobile App,02-06-26,Resolved,20
4006874,1057843,2057843,09-03-25,Service Quality,Mobile App,9-20-2025,Resolved,17
4006904,1058070,2058070,4-16-2026,Service Quality,Mobile App,05-08-26,Resolved,22
4006999,1058845,2058845,11-18-2025,Service Quality,Mobile App,12-17-2025,Resolved,29
4007005,1058917,2058917,8-22-2024,Service Quality,Mobile App,8-26-2024,Resolved,4
4007014,1058987,2058987,08-01-24,Service Quality,Mobile App,08-02-24,Resolved,1
4007021,1059054,2059054,10-15-2025,Service Quality,Mobile App,11-13-2025,Resolved,29
4007047,1059253,2059253,3-29-2025,Service Quality,Mobile App,4-22-2025,Resolved,24
4007067,1059383,2059383,05-02-25,Service Quality,Mobile App,5-19-2025,Resolved,17
4007099,1059683,2059683,11-25-2025,Service Quality,Mobile App,12-01-25,Resolved,6
4007109,1059752,2059752,2-21-2025,Service Quality,Mobile App,2-24-2025,Resolved,3
4007126,1059831,2059831,06-09-24,Service Quality,Mobile App,6-30-2024,Resolved,21
4007217,1060524,2060524,06-03-24,Service Quality,Mobile App,07-03-24,Resolved,30
4007249,1060746,2060746,03-02-26,Service Quality,Mobile App,03-08-26,Resolved,6
4007258,1060815,2060815,12-28-2025,Service Quality,Mobile App,1-17-2026,Resolved,20
4007361,1061694,2061694,10-22-2025,Service Quality,Mobile App,11-02-25,Resolved,11
4007396,1061960,2061960,06-03-25,Service Quality,Mobile App,07-01-25,Resolved,28
4007468,1062511,2062511,02-10-26,Service Quality,Mobile App,2-18-2026,Resolved,8
4007488,1062759,2062759,04-03-26,Service Quality,Mobile App,04-10-26,Resolved,7
4007496,1062809,2062809,9-23-2025,Service Quality,Mobile App,10-10-25,Resolved,17
4007521,1063066,2063066,08-07-25,Service Quality,Mobile App,8-30-2025,Resolved,23
4007551,1063378,2063378,05-06-26,Service Quality,Mobile App,5-24-2026,Resolved,18
4007804,1065373,2065373,05-11-25,Service Quality,Mobile App,5-22-2025,Resolved,11
4007880,1065978,2065978,08-08-26,Service Quality,Mobile App,8-24-2026,Resolved,16
4007941,1066456,2066456,10-21-2024,Service Quality,Mobile App,10-28-2024,Resolved,7
4008035,1067248,2067248,9-26-2025,Service Quality,Mobile App,10-17-2025,Resolved,21
4008099,1067815,2067815,03-03-26,Service Quality,Mobile App,03-11-26,Resolved,8
4008108,1067896,2067896,03-12-25,Service Quality,Mobile App,3-14-2025,Resolved,2
4008122,1068011,2068011,8-16-2024,Service Quality,Mobile App,8-26-2024,Resolved,10
4008171,1068377,2068377,5-18-2024,Service Quality,Mobile App,5-31-2024,Resolved,13
4008208,1068727,2068727,8-24-2025,Service Quality,Mobile App,09-11-25,Resolved,18
4008213,1068767,2068767,08-11-24,Service Quality,Mobile App,8-15-2024,Resolved,4
4008214,1068787,2068787,12-16-2024,Service Quality,Mobile App,01-02-25,Resolved,17
4008290,1069355,2069355,4-27-2024,Service Quality,Mobile App,05-11-24,Resolved,14
4008295,1069376,2069376,11-29-2024,Service Quality,Mobile App,12-07-24,Resolved,8
4008307,1069534,2069534,12-03-25,Service Quality,Mobile App,12-10-25,Resolved,7
4008354,1069917,2069917,11-12-24,Service Quality,Mobile App,12-11-24,Resolved,29
4008414,1070496,2070496,01-09-26,Service Quality,Mobile App,1-17-2026,Resolved,8
4008431,1070652,2070652,12-27-2024,Service Quality,Mobile App,1-13-2025,Resolved,17
4008448,1070778,2070778,02-01-26,Service Quality,Mobile App,2-15-2026,Resolved,14
4008484,1071113,2071113,1-29-2026,Service Quality,Mobile App,2-16-2026,Resolved,18
4008516,1071429,2071429,3-30-2025,Service Quality,Mobile App,04-01-25,Resolved,2
4008525,1071509,2071509,2-14-2025,Service Quality,Mobile App,2-27-2025,Resolved,13
4008682,1072925,2072925,12-29-2024,Service Quality,Mobile App,1-13-2025,Resolved,15
4008700,1073071,2073071,4-19-2025,Service Quality,Mobile App,05-03-25,Resolved,14
4008802,1073885,2073885,10-02-26,Service Quality,Mobile App,10-03-26,Resolved,1
4008810,1073961,2073961,12-02-25,Service Quality,Mobile App,12-04-25,Resolved,2
4008839,1074254,2074254,10-10-26,Service Quality,Mobile App,11-05-26,Resolved,26
4008883,1074628,2074628,08-10-25,Service Quality,Mobile App,09-03-25,Resolved,24
4008933,1075075,2075075,02-03-26,Service Quality,Mobile App,2-25-2026,Resolved,22
4008978,1075416,2075416,11-27-2025,Service Quality,Mobile App,12-02-25,Resolved,5
4009006,1075608,2075608,11-25-2025,Service Quality,Mobile App,12-02-25,Resolved,7
4009024,1075753,2075753,04-10-25,Service Quality,Mobile App,4-25-2025,Resolved,15
4009027,1075778,2075778,09-10-24,Service Quality,Mobile App,9-24-2024,Resolved,14
4009032,1075796,2075796,01-12-26,Service Quality,Mobile App,1-13-2026,Resolved,1
4009044,1075920,2075920,1-26-2026,Service Quality,Mobile App,02-01-26,Resolved,6
4009176,1076892,2076892,06-01-24,Service Quality,Mobile App,07-01-24,Resolved,30
4009206,1077140,2077140,04-02-25,Service Quality,Mobile App,4-28-2025,Resolved,26
4009493,1079659,2079659,7-15-2026,Service Quality,Mobile App,7-26-2026,Resolved,11
4009519,1079867,2079867,05-03-26,Service Quality,Mobile App,5-13-2026,Resolved,10
4009528,1079947,2079947,04-05-26,Service Quality,Mobile App,05-05-26,Resolved,30
4009588,1080391,2080391,05-07-26,Service Quality,Mobile App,5-14-2026,Resolved,7
4009658,1080926,2080926,8-19-2025,Service Quality,Mobile App,09-03-25,Resolved,15
4009670,1080992,2080992,1-19-2025,Service Quality,Mobile App,02-06-25,Resolved,18
4009709,1081295,2081295,12-13-2024,Service Quality,Mobile App,01-07-25,Resolved,25
4009779,1081823,2081823,04-02-25,Service Quality,Mobile App,4-16-2025,Resolved,14
4009788,1081851,2081851,04-07-24,Service Quality,Mobile App,4-23-2024,Resolved,16
4009818,1082131,2082131,2-28-2025,Service Quality,Mobile App,03-12-25,Resolved,12
4009850,1082355,2082355,09-09-24,Service Quality,Mobile App,9-21-2024,Resolved,12
4009879,1082556,2082556,06-03-26,Service Quality,Mobile App,6-24-2026,Resolved,21
4009895,1082671,2082671,8-15-2025,Service Quality,Mobile App,8-17-2025,Resolved,2
4009905,1082766,2082766,04-10-26,Service Quality,Mobile App,05-04-26,Resolved,24
4009922,1082975,2082975,10-15-2025,Service Quality,Mobile App,10-31-2025,Resolved,16
4010066,1084207,2084207,11-27-2024,Service Quality,Mobile App,12-06-24,Resolved,9
4010103,1084525,2084525,10-23-2025,Service Quality,Mobile App,11-16-2025,Resolved,24
4010113,1084598,2084598,11-20-2025,Service Quality,Mobile App,12-09-25,Resolved,19
4010185,1085214,2085214,9-20-2024,Service Quality,Mobile App,10-18-2024,Resolved,28
4010251,1085879,2085879,8-18-2025,Service Quality,Mobile App,09-05-25,Resolved,18
4010257,1085908,2085908,9-23-2025,Service Quality,Mobile App,10-14-2025,Resolved,21
4010389,1087154,2087154,9-29-2025,Service Quality,Mobile App,10-08-25,Resolved,9
4010444,1087542,2087542,12-22-2024,Service Quality,Mobile App,01-10-25,Resolved,19
4010451,1087588,2087588,12-10-25,Service Quality,Mobile App,01-07-26,Resolved,28
4010494,1087918,2087918,3-27-2024,Service Quality,Mobile App,4-15-2024,Resolved,19
4010516,1088094,2088094,01-05-26,Service Quality,Mobile App,02-03-26,Resolved,29
4010668,1089235,2089235,11-19-2025,Service Quality,Mobile App,11-23-2025,Resolved,4
4010730,1089787,2089787,06-02-25,Service Quality,Mobile App,6-29-2025,Resolved,27
4010762,1090041,2090041,4-16-2025,Service Quality,Mobile App,4-27-2025,Resolved,11
4010789,1090249,2090249,5-19-2026,Service Quality,Mobile App,06-12-26,Resolved,24
4010837,1090696,2090696,4-23-2026,Service Quality,Mobile App,5-15-2026,Resolved,22
4010969,1091812,2091812,3-13-2025,Service Quality,Mobile App,3-14-2025,Resolved,1
4011088,1092649,2092649,05-02-26,Service Quality,Mobile App,5-16-2026,Resolved,14
4011128,1092998,2092998,8-28-2024,Service Quality,Mobile App,09-07-24,Resolved,10
4011200,1093645,2093645,5-29-2025,Service Quality,Mobile App,06-12-25,Resolved,14
4011219,1093770,2093770,5-22-2025,Service Quality,Mobile App,5-28-2025,Resolved,6
4011222,1093801,2093801,06-07-25,Service Quality,Mobile App,6-22-2025,Resolved,15
4011227,1093825,2093825,02-06-25,Service Quality,Mobile App,2-21-2025,Resolved,15
4011271,1094164,2094164,1-18-2026,Service Quality,Mobile App,02-06-26,Resolved,19
4011327,1094734,2094734,5-15-2025,Service Quality,Mobile App,5-19-2025,Resolved,4
4011382,1095218,2095218,2-26-2025,Service Quality,Mobile App,3-27-2025,Resolved,29
4011457,1095905,2095905,8-13-2025,Service Quality,Mobile App,8-17-2025,Resolved,4
4011518,1096466,2096466,10-05-26,Service Quality,Mobile App,10-31-2026,Resolved,26
4011522,1096496,2096496,3-20-2025,Service Quality,Mobile App,04-06-25,Resolved,17
4011701,1098084,2098084,9-24-2024,Service Quality,Mobile App,9-29-2024,Resolved,5
4011703,1098103,2098103,12-24-2025,Service Quality,Mobile App,01-02-26,Resolved,9
4011759,1098539,2098539,10-19-2025,Service Quality,Mobile App,10-23-2025,Resolved,4
4011881,1099441,2099441,02-03-25,Service Quality,Mobile App,2-27-2025,Resolved,24
4011935,1099843,2099843,12-24-2024,Service Quality,Mobile App,12-30-2024,Resolved,6
4000006,1000074,2000074,7-13-2025,App/Website,Website,7-15-2025,Resolved,2
4000021,1000194,2000194,08-06-25,App/Website,Website,09-05-25,Resolved,30
4000038,1000362,2000362,02-10-25,App/Website,Website,2-21-2025,Resolved,11
4000045,1000413,2000413,07-09-25,App/Website,Website,7-19-2025,Resolved,10
4000094,1000837,2000837,06-04-24,App/Website,Website,07-01-24,Resolved,27
4000137,1001233,2001233,01-06-26,App/Website,Website,01-09-26,Resolved,3
4000166,1001498,2001498,12-07-25,App/Website,Website,12-14-2025,Resolved,7
4000181,1001635,2001635,02-11-26,App/Website,Website,2-23-2026,Resolved,12
4000195,1001798,2001798,09-05-25,App/Website,Website,10-02-25,Resolved,27
4000202,1001820,2001820,5-25-2025,App/Website,Website,06-11-25,Resolved,17
4000225,1002054,2002054,2-23-2025,App/Website,Website,03-09-25,Resolved,14
4000231,1002158,2002158,4-14-2026,App/Website,Website,4-28-2026,Resolved,14
4000235,1002173,2002173,2-14-2026,App/Website,Website,03-02-26,Resolved,16
4000258,1002399,2002399,3-19-2025,App/Website,Website,3-30-2025,Resolved,11
4000316,1002873,2002873,11-19-2025,App/Website,Website,11-29-2025,Resolved,10
4000317,1002874,2002874,7-28-2024,App/Website,Website,8-17-2024,Resolved,20
4000318,1002881,2002881,11-24-2024,App/Website,Website,12-13-2024,Resolved,19
4000366,1003242,2003242,7-19-2025,App/Website,Website,7-25-2025,Resolved,6
4000377,1003380,2003380,9-26-2025,App/Website,Website,10-07-25,Resolved,11
4000404,1003580,2003580,02-11-25,App/Website,Website,2-21-2025,Resolved,10
4000413,1003686,2003686,6-19-2026,App/Website,Website,07-03-26,Resolved,14
4000466,1004153,2004153,08-11-24,App/Website,Website,8-31-2024,Resolved,20
4000509,1004473,2004473,11-10-24,App/Website,Website,12-10-24,Resolved,30
4000514,1004499,2004499,5-21-2024,App/Website,Website,5-25-2024,Resolved,4
4000567,1004998,2004998,1-21-2026,App/Website,Website,2-16-2026,Resolved,26
4000605,1005308,2005308,6-19-2025,App/Website,Website,7-19-2025,Resolved,30
4000670,1005872,2005872,9-19-2024,App/Website,Website,9-25-2024,Resolved,6
4000672,1005887,2005887,04-08-26,App/Website,Website,4-27-2026,Resolved,19
4000690,1006006,2006006,6-23-2025,App/Website,Website,6-25-2025,Resolved,2
4000731,1006325,2006325,8-30-2025,App/Website,Website,09-02-25,Resolved,3
4000750,1006573,2006573,7-21-2025,App/Website,Website,08-02-25,Resolved,12
4000951,1008209,2008209,11-19-2024,App/Website,Website,12-03-24,Resolved,14
4000966,1008282,2008282,6-21-2026,App/Website,Website,6-28-2026,Resolved,7
4001079,1009224,2009224,8-29-2025,App/Website,Website,9-19-2025,Resolved,21
4001148,1009732,2009732,1-23-2025,App/Website,Website,2-17-2025,Resolved,25
4001160,1009815,2009815,10-31-2024,App/Website,Website,11-11-24,Resolved,11
4001165,1009867,2009867,1-16-2025,App/Website,Website,1-27-2025,Resolved,11
4001217,1010436,2010436,10-14-2025,App/Website,Website,10-27-2025,Resolved,13
4001252,1010745,2010745,6-30-2025,App/Website,Website,7-17-2025,Resolved,17
4001339,1011359,2011359,7-23-2026,App/Website,Website,08-10-26,Resolved,18
4001430,1012225,2012225,08-06-25,App/Website,Website,8-21-2025,Resolved,15
4001450,1012391,2012391,9-20-2025,App/Website,Website,10-20-2025,Resolved,30
4001509,1012835,2012835,07-02-26,App/Website,Website,7-29-2026,Resolved,27
4001545,1013188,2013188,10-23-2024,App/Website,Website,11-11-24,Resolved,19
4001582,1013489,2013489,12-28-2025,App/Website,Website,01-05-26,Resolved,8
4001600,1013621,2013621,3-21-2025,App/Website,Website,3-28-2025,Resolved,7
4001602,1013630,2013630,05-06-26,App/Website,Website,05-09-26,Resolved,3
4001635,1013866,2013866,5-29-2025,App/Website,Website,06-09-25,Resolved,11
4001702,1014403,2014403,8-15-2025,App/Website,Website,09-03-25,Resolved,19
4001715,1014538,2014538,7-23-2024,App/Website,Website,08-02-24,Resolved,10
4001756,1014876,2014876,11-20-2024,App/Website,Website,11-25-2024,Resolved,5
4001815,1015390,2015390,04-10-26,App/Website,Website,4-28-2026,Resolved,18
4001843,1015624,2015624,09-09-25,App/Website,Website,9-18-2025,Resolved,9
4001854,1015749,2015749,9-15-2024,App/Website,Website,10-14-2024,Resolved,29
4001970,1016629,2016629,5-20-2025,App/Website,Website,06-10-25,Resolved,21
4002000,1016866,2016866,5-19-2025,App/Website,Website,06-08-25,Resolved,20
4002017,1017114,2017114,12-07-24,App/Website,Website,01-01-25,Resolved,25
4002020,1017131,2017131,5-23-2026,App/Website,Website,6-22-2026,Resolved,30
4002041,1017247,2017247,12-26-2024,App/Website,Website,01-05-25,Resolved,10
4002099,1017771,2017771,8-31-2026,App/Website,Website,9-25-2026,Resolved,25
4002113,1017879,2017879,8-16-2026,App/Website,Website,09-06-26,Resolved,21
4002170,1018384,2018384,6-17-2025,App/Website,Website,7-17-2025,Resolved,30
4002228,1018969,2018969,02-12-26,App/Website,Website,2-21-2026,Resolved,9
4002256,1019225,2019225,07-04-25,App/Website,Website,07-09-25,Resolved,5
4002280,1019446,2019446,12-09-25,App/Website,Website,01-08-26,Resolved,30
4002290,1019548,2019548,02-01-25,App/Website,Website,02-12-25,Resolved,11
4002392,1020311,2020311,07-01-26,App/Website,Website,07-12-26,Resolved,11
4002525,1021366,2021366,11-04-25,App/Website,Website,11-13-2025,Resolved,9
4002532,1021410,2021410,09-12-25,App/Website,Website,10-09-25,Resolved,27
4002550,1021607,2021607,8-26-2024,App/Website,Website,09-07-24,Resolved,12
4002625,1022301,2022301,05-04-24,App/Website,Website,5-28-2024,Resolved,24
4002645,1022441,2022441,10-12-24,App/Website,Website,10-27-2024,Resolved,15
4002739,1023155,2023155,3-23-2025,App/Website,Website,4-22-2025,Resolved,30
4002790,1023605,2023605,7-15-2025,App/Website,Website,7-29-2025,Resolved,14
4002895,1024337,2024337,10-31-2024,App/Website,Website,11-18-2024,Resolved,18
4002900,1024414,2024414,8-14-2025,App/Website,Website,09-12-25,Resolved,29
4002926,1024662,2024662,2-26-2026,App/Website,Website,3-16-2026,Resolved,18
4002931,1024737,2024737,4-30-2026,App/Website,Website,5-29-2026,Resolved,29
4003033,1025495,2025495,6-15-2025,App/Website,Website,07-09-25,Resolved,24
4003051,1025608,2025608,6-23-2025,App/Website,Website,6-30-2025,Resolved,7
4003062,1025706,2025706,01-12-26,App/Website,Website,1-21-2026,Resolved,9
4003066,1025727,2025727,11-30-2025,App/Website,Website,12-06-25,Resolved,6
4003079,1025847,2025847,10-16-2024,App/Website,Website,10-24-2024,Resolved,8
4003117,1026130,2026130,01-07-25,App/Website,Website,02-01-25,Resolved,25
4003131,1026238,2026238,01-04-26,App/Website,Website,1-27-2026,Resolved,23
4003141,1026412,2026412,9-20-2025,App/Website,Website,9-26-2025,Resolved,6
4003147,1026453,2026453,09-10-24,App/Website,Website,9-20-2024,Resolved,10
4003149,1026498,2026498,09-02-26,App/Website,Website,09-12-26,Resolved,10
4003232,1027242,2027242,2-13-2025,App/Website,Website,03-10-25,Resolved,25
4003288,1027656,2027656,4-23-2026,App/Website,Website,05-08-26,Resolved,15
4003289,1027662,2027662,2-16-2026,App/Website,Website,2-23-2026,Resolved,7
4003299,1027742,2027742,04-06-25,App/Website,Website,4-26-2025,Resolved,20
4003318,1027938,2027938,8-23-2025,App/Website,Website,9-21-2025,Resolved,29
4003374,1028404,2028404,08-11-25,App/Website,Website,09-10-25,Resolved,30
4003452,1029046,2029046,7-14-2024,App/Website,Website,7-20-2024,Resolved,6
4003465,1029175,2029175,06-10-24,App/Website,Website,6-25-2024,Resolved,15
4003472,1029258,2029258,7-27-2025,App/Website,Website,8-22-2025,Resolved,26
4003492,1029478,2029478,11-05-24,App/Website,Website,11-12-24,Resolved,7
4003511,1029707,2029707,5-29-2025,App/Website,Website,06-09-25,Resolved,11
4003523,1029795,2029795,11-18-2024,App/Website,Website,12-01-24,Resolved,13
4003544,1029976,2029976,10-24-2024,App/Website,Website,10-27-2024,Resolved,3
4003587,1030394,2030394,4-26-2026,App/Website,Website,5-22-2026,Resolved,26
4003627,1030793,2030793,7-17-2025,App/Website,Website,7-31-2025,Resolved,14
4003684,1031277,2031277,7-17-2026,App/Website,Website,08-09-26,Resolved,23
4003742,1031755,2031755,12-05-24,App/Website,Website,12-21-2024,Resolved,16
4003751,1031837,2031837,09-02-25,App/Website,Website,09-08-25,Resolved,6
4003776,1032075,2032075,09-02-25,App/Website,Website,10-01-25,Resolved,29
4003807,1032352,2032352,12-25-2025,App/Website,Website,01-09-26,Resolved,15
4003811,1032374,2032374,05-04-26,App/Website,Website,05-05-26,Resolved,1
4003822,1032453,2032453,07-02-24,App/Website,Website,7-31-2024,Resolved,29
4003834,1032558,2032558,3-25-2024,App/Website,Website,4-16-2024,Resolved,22
4003934,1033388,2033388,6-27-2026,App/Website,Website,07-02-26,Resolved,5
4004045,1034227,2034227,6-30-2026,App/Website,Website,07-06-26,Resolved,6
4004055,1034319,2034319,5-28-2026,App/Website,Website,5-31-2026,Resolved,3
4004172,1035346,2035346,12-20-2025,App/Website,Website,01-02-26,Resolved,13
4004179,1035390,2035390,1-19-2026,App/Website,Website,02-12-26,Resolved,24
4004203,1035608,2035608,4-25-2026,App/Website,Website,05-07-26,Resolved,12
4004272,1036154,2036154,04-03-25,App/Website,Website,04-04-25,Resolved,1
4004301,1036441,2036441,11-10-25,App/Website,Website,11-17-2025,Resolved,7
4004378,1036990,2036990,1-21-2025,App/Website,Website,1-29-2025,Resolved,8
4004380,1037004,2037004,02-08-25,App/Website,Website,03-07-25,Resolved,27
4004383,1037030,2037030,07-06-26,App/Website,Website,7-23-2026,Resolved,17
4004428,1037401,2037401,7-18-2025,App/Website,Website,08-09-25,Resolved,22
4004476,1037740,2037740,1-17-2026,App/Website,Website,1-20-2026,Resolved,3
4004515,1038042,2038042,3-26-2025,App/Website,Website,4-23-2025,Resolved,28
4004554,1038289,2038289,02-06-25,App/Website,Website,2-23-2025,Resolved,17
4004636,1038890,2038890,9-16-2024,App/Website,Website,9-19-2024,Resolved,3
4004658,1039081,2039081,11-28-2025,App/Website,Website,12-21-2025,Resolved,23
4004700,1039449,2039449,04-06-25,App/Website,Website,05-06-25,Resolved,30
4004710,1039525,2039525,2-17-2026,App/Website,Website,2-28-2026,Resolved,11
4004899,1041103,2041103,1-16-2025,App/Website,Website,1-23-2025,Resolved,7
4004904,1041176,2041176,1-20-2026,App/Website,Website,1-22-2026,Resolved,2
4004907,1041186,2041186,02-09-25,App/Website,Website,02-12-25,Resolved,3
4004962,1041700,2041700,6-17-2025,App/Website,Website,6-26-2025,Resolved,9
4004974,1041796,2041796,11-21-2024,App/Website,Website,12-19-2024,Resolved,28
4004977,1041815,2041815,04-05-25,App/Website,Website,4-19-2025,Resolved,14
4004986,1041860,2041860,10-09-24,App/Website,Website,10-13-2024,Resolved,4
4005078,1042734,2042734,1-15-2025,App/Website,Website,02-02-25,Resolved,18
4005136,1043166,2043166,3-25-2026,App/Website,Website,04-03-26,Resolved,9
4005137,1043167,2043167,10-31-2024,App/Website,Website,11-06-24,Resolved,6
4005177,1043558,2043558,8-13-2026,App/Website,Website,09-08-26,Resolved,26
4005194,1043674,2043674,10-10-24,App/Website,Website,11-03-24,Resolved,24
4005200,1043716,2043716,5-26-2025,App/Website,Website,6-24-2025,Resolved,29
4005254,1044202,2044202,09-10-24,App/Website,Website,09-12-24,Resolved,2
4005272,1044387,2044387,12-16-2025,App/Website,Website,1-15-2026,Resolved,30
4005277,1044420,2044420,4-30-2026,App/Website,Website,05-11-26,Resolved,11
4005295,1044562,2044562,6-17-2024,App/Website,Website,7-16-2024,Resolved,29
4005302,1044620,2044620,3-21-2025,App/Website,Website,3-29-2025,Resolved,8
4005348,1044942,2044942,12-24-2025,App/Website,Website,12-27-2025,Resolved,3
4005375,1045170,2045170,06-08-25,App/Website,Website,07-03-25,Resolved,25
4005468,1045992,2045992,03-02-25,App/Website,Website,03-04-25,Resolved,2
4005566,1046891,2046891,08-08-25,App/Website,Website,09-06-25,Resolved,29
4005624,1047410,2047410,01-10-25,App/Website,Website,1-20-2025,Resolved,10
4005789,1048838,2048838,09-04-26,App/Website,Website,9-20-2026,Resolved,16
4005791,1048924,2048924,7-26-2025,App/Website,Website,8-23-2025,Resolved,28
4005807,1049083,2049083,10-15-2025,App/Website,Website,10-17-2025,Resolved,2
4005883,1049643,2049643,01-08-26,App/Website,Website,1-30-2026,Resolved,22
4005931,1050063,2050063,12-25-2025,App/Website,Website,1-14-2026,Resolved,20
4005952,1050185,2050185,7-29-2026,App/Website,Website,8-14-2026,Resolved,16
4006025,1050833,2050833,11-13-2026,App/Website,Website,12-08-26,Resolved,25
4006032,1050903,2050903,12-17-2024,App/Website,Website,12-31-2024,Resolved,14
4006055,1051138,2051138,03-01-26,App/Website,Website,03-04-26,Resolved,3
4006061,1051190,2051190,10-14-2025,App/Website,Website,10-15-2025,Resolved,1
4006105,1051670,2051670,12-16-2024,App/Website,Website,1-13-2025,Resolved,28
4006153,1052091,2052091,7-25-2024,App/Website,Website,08-01-24,Resolved,7
4006200,1052511,2052511,1-21-2026,App/Website,Website,02-09-26,Resolved,19
4006232,1052865,2052865,08-12-24,App/Website,Website,09-01-24,Resolved,20
4006301,1053339,2053339,09-11-25,App/Website,Website,10-05-25,Resolved,24
4006350,1053803,2053803,03-01-24,App/Website,Website,3-31-2024,Resolved,30
4006372,1053950,2053950,9-30-2025,App/Website,Website,10-02-25,Resolved,2
4006392,1054107,2054107,04-11-26,App/Website,Website,4-15-2026,Resolved,4
4006406,1054209,2054209,10-23-2025,App/Website,Website,11-16-2025,Resolved,24
4006436,1054439,2054439,12-09-25,App/Website,Website,12-19-2025,Resolved,10
4006463,1054634,2054634,7-19-2024,App/Website,Website,8-18-2024,Resolved,30
4006471,1054673,2054673,04-11-25,App/Website,Website,05-08-25,Resolved,27
4006499,1054985,2054985,08-04-25,App/Website,Website,8-24-2025,Resolved,20
4006577,1055609,2055609,09-10-25,App/Website,Website,09-11-25,Resolved,1
4006720,1056740,2056740,1-26-2025,App/Website,Website,2-20-2025,Resolved,25
4006909,1058088,2058088,6-27-2024,App/Website,Website,7-19-2024,Resolved,22
4007002,1058895,2058895,6-29-2026,App/Website,Website,7-13-2026,Resolved,14
4007043,1059229,2059229,4-29-2026,App/Website,Website,5-25-2026,Resolved,26
4007058,1059316,2059316,1-25-2025,App/Website,Website,2-21-2025,Resolved,27
4007096,1059648,2059648,7-14-2024,App/Website,Website,08-10-24,Resolved,27
4007135,1059883,2059883,03-04-26,App/Website,Website,04-01-26,Resolved,28
4007175,1060254,2060254,6-29-2025,App/Website,Website,07-09-25,Resolved,10
4007189,1060358,2060358,12-20-2024,App/Website,Website,12-27-2024,Resolved,7
4007218,1060528,2060528,12-07-25,App/Website,Website,12-08-25,Resolved,1
4007241,1060684,2060684,11-30-2024,App/Website,Website,12-06-24,Resolved,6
4007278,1061006,2061006,10-05-25,App/Website,Website,10-30-2025,Resolved,25
4007351,1061601,2061601,04-12-26,App/Website,Website,05-10-26,Resolved,28
4007382,1061847,2061847,1-23-2025,App/Website,Website,2-14-2025,Resolved,22
4007401,1061988,2061988,05-06-26,App/Website,Website,06-05-26,Resolved,30
4007418,1062139,2062139,3-27-2025,App/Website,Website,04-01-25,Resolved,5
4007445,1062348,2062348,05-08-24,App/Website,Website,5-23-2024,Resolved,15
4007465,1062439,2062439,01-05-25,App/Website,Website,1-21-2025,Resolved,16
4007485,1062729,2062729,9-18-2025,App/Website,Website,9-27-2025,Resolved,9
4007599,1063719,2063719,9-13-2025,App/Website,Website,9-18-2025,Resolved,5
4007638,1064007,2064007,12-03-24,App/Website,Website,12-16-2024,Resolved,13
4007654,1064134,2064134,6-17-2024,App/Website,Website,6-21-2024,Resolved,4
4007680,1064377,2064377,1-25-2026,App/Website,Website,1-29-2026,Resolved,4
4007694,1064480,2064480,01-05-25,App/Website,Website,1-15-2025,Resolved,10
4007717,1064664,2064664,8-28-2024,App/Website,Website,9-18-2024,Resolved,21
4007836,1065601,2065601,01-07-26,App/Website,Website,02-05-26,Resolved,29
4007903,1066195,2066195,3-28-2024,App/Website,Website,3-30-2024,Resolved,2
4007931,1066394,2066394,6-28-2024,App/Website,Website,7-21-2024,Resolved,23
4008001,1066967,2066967,12-26-2024,App/Website,Website,01-03-25,Resolved,8
4008026,1067188,2067188,06-12-25,App/Website,Website,07-02-25,Resolved,20
4008049,1067331,2067331,01-06-25,App/Website,Website,01-08-25,Resolved,2
4008186,1068500,2068500,7-17-2024,App/Website,Website,8-16-2024,Resolved,30
4008189,1068533,2068533,3-25-2026,App/Website,Website,4-19-2026,Resolved,25
4008220,1068812,2068812,11-07-24,App/Website,Website,12-07-24,Resolved,30
4008256,1069138,2069138,04-06-25,App/Website,Website,04-09-25,Resolved,3
4008284,1069320,2069320,6-13-2025,App/Website,Website,07-04-25,Resolved,21
4008328,1069693,2069693,02-09-26,App/Website,Website,2-23-2026,Resolved,14
4008331,1069718,2069718,10-18-2025,App/Website,Website,11-01-25,Resolved,14
4008342,1069846,2069846,01-07-25,App/Website,Website,1-30-2025,Resolved,23
4008512,1071380,2071380,08-05-25,App/Website,Website,8-19-2025,Resolved,14
4008556,1071826,2071826,8-22-2025,App/Website,Website,8-30-2025,Resolved,8
4008595,1072139,2072139,10-30-2025,App/Website,Website,10-31-2025,Resolved,1
4008614,1072289,2072289,01-07-25,App/Website,Website,02-06-25,Resolved,30
4008669,1072795,2072795,08-08-24,App/Website,Website,08-12-24,Resolved,4
4008807,1073926,2073926,01-06-26,App/Website,Website,01-12-26,Resolved,6
4008871,1074474,2074474,10-23-2025,App/Website,Website,11-18-2025,Resolved,26
4008917,1074949,2074949,08-01-25,App/Website,Website,08-05-25,Resolved,4
4008918,1074952,2074952,12-06-24,App/Website,Website,12-07-24,Resolved,1
4008945,1075209,2075209,08-06-25,App/Website,Website,08-12-25,Resolved,6
4009012,1075673,2075673,10-11-25,App/Website,Website,10-12-25,Resolved,1
4009029,1075786,2075786,09-11-25,App/Website,Website,9-19-2025,Resolved,8
4009073,1076107,2076107,12-02-25,App/Website,Website,12-28-2025,Resolved,26
4009148,1076643,2076643,12-24-2025,App/Website,Website,12-28-2025,Resolved,4
4009207,1077160,2077160,04-07-25,App/Website,Website,4-15-2025,Resolved,8
4009234,1077387,2077387,8-25-2025,App/Website,Website,09-04-25,Resolved,10
4009298,1078038,2078038,7-21-2026,App/Website,Website,8-17-2026,Resolved,27
4009385,1078787,2078787,5-18-2025,App/Website,Website,5-31-2025,Resolved,13
4009430,1079174,2079174,8-18-2024,App/Website,Website,9-13-2024,Resolved,26
4009433,1079193,2079193,08-10-25,App/Website,Website,8-29-2025,Resolved,19
4009488,1079599,2079599,07-07-25,App/Website,Website,7-20-2025,Resolved,13
4009489,1079604,2079604,09-06-25,App/Website,Website,09-11-25,Resolved,5
4009505,1079739,2079739,7-14-2025,App/Website,Website,08-10-25,Resolved,27
4009515,1079838,2079838,08-10-24,App/Website,Website,8-19-2024,Resolved,9
4009533,1079998,2079998,10-14-2024,App/Website,Website,10-17-2024,Resolved,3
4009584,1080340,2080340,3-30-2025,App/Website,Website,4-22-2025,Resolved,23
4009720,1081365,2081365,1-19-2025,App/Website,Website,1-22-2025,Resolved,3
4009763,1081699,2081699,2-14-2025,App/Website,Website,03-05-25,Resolved,19
4009804,1082028,2082028,03-03-25,App/Website,Website,3-19-2025,Resolved,16
4009880,1082557,2082557,3-28-2025,App/Website,Website,04-04-25,Resolved,7
4009888,1082606,2082606,10-21-2026,App/Website,Website,11-01-26,Resolved,11
4010005,1083722,2083722,04-07-25,App/Website,Website,4-15-2025,Resolved,8
4010081,1084303,2084303,04-06-26,App/Website,Website,4-30-2026,Resolved,24
4010120,1084672,2084672,07-12-25,App/Website,Website,7-22-2025,Resolved,10
4010155,1084985,2084985,11-18-2024,App/Website,Website,12-05-24,Resolved,17
4010177,1085146,2085146,10-29-2024,App/Website,Website,11-28-2024,Resolved,30
4010243,1085805,2085805,1-24-2025,App/Website,Website,02-06-25,Resolved,13
4010262,1085940,2085940,3-30-2026,App/Website,Website,04-09-26,Resolved,10
4010360,1086858,2086858,3-30-2024,App/Website,Website,3-31-2024,Resolved,1
4010487,1087863,2087863,6-26-2025,App/Website,Website,07-07-25,Resolved,11
4010523,1088131,2088131,04-07-25,App/Website,Website,05-05-25,Resolved,28
4010669,1089243,2089243,06-06-25,App/Website,Website,6-15-2025,Resolved,9
4010686,1089376,2089376,09-03-25,App/Website,Website,09-04-25,Resolved,1
4010719,1089684,2089684,2-17-2025,App/Website,Website,03-06-25,Resolved,17
4010740,1089855,2089855,05-07-25,App/Website,Website,5-21-2025,Resolved,14
4010746,1089900,2089900,11-23-2024,App/Website,Website,11-27-2024,Resolved,4
4010843,1090720,2090720,9-27-2025,App/Website,Website,10-27-2025,Resolved,30
4010857,1090804,2090804,3-13-2026,App/Website,Website,04-05-26,Resolved,23
4010913,1091310,2091310,05-02-25,App/Website,Website,5-22-2025,Resolved,20
4011010,1092129,2092129,05-02-25,App/Website,Website,05-04-25,Resolved,2
4011125,1092972,2092972,1-27-2026,App/Website,Website,2-24-2026,Resolved,28
4011194,1093564,2093564,04-10-24,App/Website,Website,4-13-2024,Resolved,3
4011249,1094002,2094002,12-31-2025,App/Website,Website,1-24-2026,Resolved,24
4011277,1094232,2094232,7-29-2026,App/Website,Website,08-08-26,Resolved,10
4011291,1094341,2094341,5-13-2026,App/Website,Website,06-12-26,Resolved,30
4011433,1095710,2095710,6-18-2025,App/Website,Website,07-12-25,Resolved,24
4011528,1096579,2096579,01-09-26,App/Website,Website,02-03-26,Resolved,25
4011562,1096867,2096867,09-04-25,App/Website,Website,9-29-2025,Resolved,25
4011613,1097344,2097344,12-22-2025,App/Website,Website,12-29-2025,Resolved,7
4011709,1098138,2098138,8-23-2025,App/Website,Website,09-07-25,Resolved,15
4011719,1098218,2098218,05-06-25,App/Website,Website,06-05-25,Resolved,30
4011721,1098237,2098237,10-26-2025,App/Website,Website,11-03-25,Resolved,8
4011731,1098303,2098303,12-20-2024,App/Website,Website,01-09-25,Resolved,20
4011757,1098529,2098529,1-26-2026,App/Website,Website,02-08-26,Resolved,13
4011774,1098638,2098638,08-06-24,App/Website,Website,8-29-2024,Resolved,23
4011780,1098684,2098684,01-12-25,App/Website,Website,1-19-2025,Resolved,7
4011792,1098749,2098749,12-11-25,App/Website,Website,01-01-26,Resolved,21
4011847,1099190,2099190,5-29-2025,App/Website,Website,06-02-25,Resolved,4
4011856,1099261,2099261,1-31-2025,App/Website,Website,02-01-25,Resolved,1
4011897,1099524,2099524,4-18-2025,App/Website,Website,4-20-2025,Resolved,2
4011899,1099559,2099559,02-11-25,App/Website,Website,2-16-2025,Resolved,5
4011917,1099691,2099691,04-12-26,App/Website,Website,05-02-26,Resolved,20
4011918,1099714,2099714,6-16-2025,App/Website,Website,6-27-2025,Resolved,11
4011920,1099745,2099745,03-09-26,App/Website,Website,04-06-26,Resolved,28
4011928,1099782,2099782,7-19-2026,App/Website,Website,08-06-26,Resolved,18
4000008,1000098,2000098,4-13-2025,Documentation,Website,05-01-25,Resolved,18
4000062,1000579,2000579,1-26-2026,Documentation,Website,2-14-2026,Resolved,19
4000074,1000642,2000642,6-14-2026,Documentation,Website,07-12-26,Resolved,28
4000127,1001149,2001149,2-21-2026,Documentation,Website,03-11-26,Resolved,18
4000283,1002594,2002594,11-13-2025,Documentation,Website,12-01-25,Resolved,18
4000373,1003314,2003314,11-01-26,Documentation,Website,11-30-2026,Resolved,29
4000394,1003514,2003514,2-18-2024,Documentation,Website,2-21-2024,Resolved,3
4000414,1003692,2003692,01-07-26,Documentation,Website,1-30-2026,Resolved,23
4000427,1003806,2003806,6-17-2025,Documentation,Website,7-14-2025,Resolved,27
4000486,1004270,2004270,11-15-2024,Documentation,Website,11-25-2024,Resolved,10
4000495,1004343,2004343,11-08-26,Documentation,Website,11-28-2026,Resolved,20
4000570,1005023,2005023,3-17-2025,Documentation,Website,04-01-25,Resolved,15
4000604,1005306,2005306,11-24-2024,Documentation,Website,11-27-2024,Resolved,3
4000727,1006290,2006290,5-24-2026,Documentation,Website,6-22-2026,Resolved,29
4000756,1006616,2006616,5-13-2025,Documentation,Website,06-02-25,Resolved,20
4000826,1007256,2007256,12-06-24,Documentation,Website,12-21-2024,Resolved,15
4000830,1007298,2007298,3-30-2026,Documentation,Website,04-08-26,Resolved,9
4000837,1007348,2007348,05-03-26,Documentation,Website,5-24-2026,Resolved,21
4000906,1007872,2007872,09-06-25,Documentation,Website,9-24-2025,Resolved,18
4000964,1008272,2008272,01-05-26,Documentation,Website,1-18-2026,Resolved,13
4000975,1008332,2008332,01-02-26,Documentation,Website,1-18-2026,Resolved,16
4000985,1008438,2008438,10-02-25,Documentation,Website,10-26-2025,Resolved,24
4001008,1008675,2008675,9-17-2025,Documentation,Website,10-04-25,Resolved,17
4001102,1009372,2009372,6-14-2026,Documentation,Website,07-09-26,Resolved,25
4001207,1010315,2010315,3-14-2024,Documentation,Website,04-02-24,Resolved,19
4001270,1010871,2010871,11-29-2024,Documentation,Website,12-27-2024,Resolved,28
4001301,1011097,2011097,04-11-25,Documentation,Website,4-20-2025,Resolved,9
4001302,1011105,2011105,06-10-25,Documentation,Website,06-12-25,Resolved,2
4001374,1011695,2011695,05-07-25,Documentation,Website,5-13-2025,Resolved,6
4001475,1012564,2012564,7-29-2025,Documentation,Website,8-21-2025,Resolved,23
4001576,1013414,2013414,10-23-2024,Documentation,Website,11-16-2024,Resolved,24
4001787,1015148,2015148,7-17-2025,Documentation,Website,7-26-2025,Resolved,9
4001790,1015170,2015170,4-24-2025,Documentation,Website,5-19-2025,Resolved,25
4001808,1015332,2015332,6-27-2024,Documentation,Website,6-30-2024,Resolved,3
4001959,1016551,2016551,5-24-2025,Documentation,Website,06-05-25,Resolved,12
4001974,1016675,2016675,10-26-2025,Documentation,Website,11-15-2025,Resolved,20
4001995,1016838,2016838,2-27-2026,Documentation,Website,3-29-2026,Resolved,30
4002096,1017724,2017724,6-23-2026,Documentation,Website,7-21-2026,Resolved,28
4002166,1018355,2018355,12-27-2025,Documentation,Website,1-14-2026,Resolved,18
4002202,1018674,2018674,5-25-2024,Documentation,Website,5-31-2024,Resolved,6
4002210,1018824,2018824,05-03-25,Documentation,Website,5-28-2025,Resolved,25
4002229,1018974,2018974,5-28-2026,Documentation,Website,06-05-26,Resolved,8
4002302,1019665,2019665,10-12-24,Documentation,Website,11-10-24,Resolved,29
4002443,1020683,2020683,10-13-2024,Documentation,Website,11-01-24,Resolved,19
4002471,1020891,2020891,5-31-2026,Documentation,Website,6-20-2026,Resolved,20
4002488,1021009,2021009,11-11-24,Documentation,Website,12-11-24,Resolved,30
4002509,1021219,2021219,11-06-25,Documentation,Website,11-18-2025,Resolved,12
4002551,1021609,2021609,6-20-2026,Documentation,Website,7-14-2026,Resolved,24
4002656,1022569,2022569,2-27-2026,Documentation,Website,03-01-26,Resolved,2
4002711,1022924,2022924,2-23-2025,Documentation,Website,3-25-2025,Resolved,30
4002734,1023139,2023139,11-18-2024,Documentation,Website,12-15-2024,Resolved,27
4003030,1025474,2025474,07-01-26,Documentation,Website,7-27-2026,Resolved,26
4003134,1026315,2026315,7-16-2026,Documentation,Website,7-24-2026,Resolved,8
4003156,1026575,2026575,07-02-25,Documentation,Website,7-22-2025,Resolved,20
4003164,1026645,2026645,06-05-25,Documentation,Website,6-25-2025,Resolved,20
4003241,1027313,2027313,1-30-2026,Documentation,Website,1-31-2026,Resolved,1
4003292,1027685,2027685,10-28-2025,Documentation,Website,11-16-2025,Resolved,19
4003305,1027786,2027786,9-26-2025,Documentation,Website,10-04-25,Resolved,8
4003390,1028568,2028568,06-07-26,Documentation,Website,06-12-26,Resolved,5
4003458,1029118,2029118,12-25-2024,Documentation,Website,12-27-2024,Resolved,2
4003485,1029421,2029421,10-29-2024,Documentation,Website,11-17-2024,Resolved,19
4003507,1029671,2029671,5-14-2025,Documentation,Website,5-30-2025,Resolved,16
4003663,1031133,2031133,12-08-24,Documentation,Website,12-10-24,Resolved,2
4003683,1031275,2031275,4-29-2025,Documentation,Website,5-27-2025,Resolved,28
4003701,1031429,2031429,9-30-2024,Documentation,Website,10-21-2024,Resolved,21
4003730,1031665,2031665,09-08-26,Documentation,Website,9-19-2026,Resolved,11
4003753,1031848,2031848,11-17-2024,Documentation,Website,11-20-2024,Resolved,3
4003795,1032236,2032236,05-11-25,Documentation,Website,06-01-25,Resolved,21
4003840,1032623,2032623,10-23-2024,Documentation,Website,10-29-2024,Resolved,6
4003944,1033456,2033456,4-28-2026,Documentation,Website,5-13-2026,Resolved,15
4003947,1033473,2033473,01-11-25,Documentation,Website,02-01-25,Resolved,21
4004024,1034110,2034110,3-14-2025,Documentation,Website,04-12-25,Resolved,29
4004040,1034199,2034199,07-02-25,Documentation,Website,7-24-2025,Resolved,22
4004060,1034337,2034337,7-25-2025,Documentation,Website,08-07-25,Resolved,13
4004108,1034753,2034753,11-21-2025,Documentation,Website,12-06-25,Resolved,15
4004118,1034838,2034838,09-06-26,Documentation,Website,09-08-26,Resolved,2
4004173,1035352,2035352,11-11-24,Documentation,Website,12-09-24,Resolved,28
4004214,1035675,2035675,07-03-25,Documentation,Website,07-10-25,Resolved,7
4004258,1036017,2036017,10-05-24,Documentation,Website,10-16-2024,Resolved,11
4004284,1036265,2036265,9-30-2025,Documentation,Website,10-18-2025,Resolved,18
4004379,1036992,2036992,10-17-2024,Documentation,Website,11-03-24,Resolved,17
4004408,1037268,2037268,1-19-2025,Documentation,Website,1-22-2025,Resolved,3
4004511,1038018,2038018,11-27-2025,Documentation,Website,12-11-25,Resolved,14
4004570,1038368,2038368,06-12-25,Documentation,Website,07-10-25,Resolved,28
4004613,1038702,2038702,4-22-2024,Documentation,Website,5-15-2024,Resolved,23
4004649,1039031,2039031,10-04-24,Documentation,Website,11-03-24,Resolved,30
4004668,1039179,2039179,5-16-2025,Documentation,Website,06-11-25,Resolved,26
4004734,1039697,2039697,1-19-2025,Documentation,Website,1-31-2025,Resolved,12
4004766,1039960,2039960,9-21-2025,Documentation,Website,10-04-25,Resolved,13
4004818,1040412,2040412,7-16-2026,Documentation,Website,7-27-2026,Resolved,11
4004853,1040707,2040707,07-11-25,Documentation,Website,7-25-2025,Resolved,14
4004857,1040769,2040769,09-02-25,Documentation,Website,10-02-25,Resolved,30
4004891,1041036,2041036,01-07-25,Documentation,Website,1-20-2025,Resolved,13
4004894,1041051,2041051,05-02-24,Documentation,Website,05-05-24,Resolved,3
4005074,1042658,2042658,12-10-25,Documentation,Website,12-27-2025,Resolved,17
4005094,1042843,2042843,01-04-26,Documentation,Website,02-01-26,Resolved,28
4005118,1043035,2043035,06-05-25,Documentation,Website,06-11-25,Resolved,6
4005135,1043158,2043158,10-13-2025,Documentation,Website,11-07-25,Resolved,25
4005166,1043417,2043417,6-13-2026,Documentation,Website,07-04-26,Resolved,21
4005196,1043686,2043686,10-07-25,Documentation,Website,11-02-25,Resolved,26
4005233,1044049,2044049,6-18-2026,Documentation,Website,07-07-26,Resolved,19
4005330,1044823,2044823,4-13-2025,Documentation,Website,4-18-2025,Resolved,5
4005336,1044874,2044874,05-04-24,Documentation,Website,06-02-24,Resolved,29
4005413,1045579,2045579,04-05-26,Documentation,Website,05-03-26,Resolved,28
4005415,1045588,2045588,2-13-2026,Documentation,Website,2-18-2026,Resolved,5
4005463,1045941,2045941,10-24-2025,Documentation,Website,11-15-2025,Resolved,22
4005472,1046036,2046036,01-09-25,Documentation,Website,02-04-25,Resolved,26
4005583,1047026,2047026,11-21-2025,Documentation,Website,12-17-2025,Resolved,26
4005596,1047122,2047122,8-28-2024,Documentation,Website,09-08-24,Resolved,11
4005625,1047439,2047439,9-15-2025,Documentation,Website,10-10-25,Resolved,25
4005636,1047548,2047548,02-03-26,Documentation,Website,2-20-2026,Resolved,17
4005731,1048358,2048358,7-20-2025,Documentation,Website,08-04-25,Resolved,15
4005733,1048366,2048366,9-17-2024,Documentation,Website,10-06-24,Resolved,19
4005738,1048414,2048414,9-27-2026,Documentation,Website,10-01-26,Resolved,4
4005818,1049162,2049162,3-14-2026,Documentation,Website,04-03-26,Resolved,20
4005827,1049209,2049209,10-15-2025,Documentation,Website,10-18-2025,Resolved,3
4005867,1049523,2049523,01-11-26,Documentation,Website,1-18-2026,Resolved,7
4005904,1049780,2049780,2-13-2026,Documentation,Website,2-14-2026,Resolved,1
4006001,1050552,2050552,04-07-24,Documentation,Website,4-17-2024,Resolved,10
4006102,1051585,2051585,11-21-2024,Documentation,Website,11-26-2024,Resolved,5
4006109,1051709,2051709,11-18-2024,Documentation,Website,11-27-2024,Resolved,9
4006154,1052093,2052093,09-07-24,Documentation,Website,10-03-24,Resolved,26
4006251,1053032,2053032,10-08-25,Documentation,Website,10-11-25,Resolved,3
4006287,1053254,2053254,9-18-2024,Documentation,Website,10-17-2024,Resolved,29
4006334,1053661,2053661,12-20-2025,Documentation,Website,12-22-2025,Resolved,2
4006364,1053901,2053901,06-10-26,Documentation,Website,06-12-26,Resolved,2
4006435,1054430,2054430,5-30-2025,Documentation,Website,6-14-2025,Resolved,15
4006512,1055066,2055066,11-10-24,Documentation,Website,11-25-2024,Resolved,15
4006651,1056212,2056212,12-17-2024,Documentation,Website,01-10-25,Resolved,24
4006696,1056555,2056555,9-13-2025,Documentation,Website,10-02-25,Resolved,19
4006699,1056575,2056575,6-19-2026,Documentation,Website,6-28-2026,Resolved,9
4006706,1056616,2056616,2-25-2026,Documentation,Website,03-06-26,Resolved,9
4006712,1056664,2056664,10-29-2024,Documentation,Website,11-25-2024,Resolved,27
4006713,1056672,2056672,3-14-2025,Documentation,Website,3-19-2025,Resolved,5
4006741,1056893,2056893,01-12-26,Documentation,Website,02-02-26,Resolved,21
4006813,1057436,2057436,05-01-24,Documentation,Website,05-11-24,Resolved,10
4007012,1058976,2058976,09-02-25,Documentation,Website,9-28-2025,Resolved,26
4007065,1059369,2059369,09-10-24,Documentation,Website,9-26-2024,Resolved,16
4007082,1059572,2059572,6-13-2024,Documentation,Website,07-02-24,Resolved,19
4007091,1059615,2059615,5-19-2026,Documentation,Website,5-22-2026,Resolved,3
4007114,1059760,2059760,4-21-2025,Documentation,Website,05-02-25,Resolved,11
4007168,1060173,2060173,09-03-26,Documentation,Website,09-04-26,Resolved,1
4007186,1060330,2060330,01-02-25,Documentation,Website,1-31-2025,Resolved,29
4007239,1060672,2060672,05-10-24,Documentation,Website,5-13-2024,Resolved,3
4007272,1060957,2060957,02-07-26,Documentation,Website,2-15-2026,Resolved,8
4007281,1061041,2061041,2-27-2026,Documentation,Website,3-26-2026,Resolved,27
4007321,1061328,2061328,12-24-2025,Documentation,Website,01-03-26,Resolved,10
4007333,1061410,2061410,02-07-26,Documentation,Website,03-08-26,Resolved,29
4007380,1061836,2061836,8-13-2025,Documentation,Website,8-27-2025,Resolved,14
4007537,1063225,2063225,8-31-2024,Documentation,Website,09-11-24,Resolved,11
4007563,1063504,2063504,12-01-25,Documentation,Website,12-15-2025,Resolved,14
4007604,1063759,2063759,9-14-2024,Documentation,Website,10-03-24,Resolved,19
4007647,1064070,2064070,04-03-25,Documentation,Website,05-01-25,Resolved,28
4007659,1064194,2064194,6-18-2025,Documentation,Website,6-27-2025,Resolved,9
4007690,1064441,2064441,11-20-2025,Documentation,Website,11-22-2025,Resolved,2
4007780,1065148,2065148,4-18-2024,Documentation,Website,4-29-2024,Resolved,11
4007803,1065367,2065367,2-25-2025,Documentation,Website,3-26-2025,Resolved,29
4007827,1065557,2065557,5-23-2025,Documentation,Website,5-31-2025,Resolved,8
4007890,1066077,2066077,04-03-25,Documentation,Website,4-18-2025,Resolved,15
4007953,1066531,2066531,6-24-2025,Documentation,Website,07-01-25,Resolved,7
4007982,1066812,2066812,07-08-26,Documentation,Website,08-05-26,Resolved,28
4008075,1067518,2067518,05-02-25,Documentation,Website,06-01-25,Resolved,30
4008198,1068612,2068612,8-14-2025,Documentation,Website,09-06-25,Resolved,23
4008203,1068691,2068691,05-02-25,Documentation,Website,05-07-25,Resolved,5
4008224,1068836,2068836,11-25-2025,Documentation,Website,12-06-25,Resolved,11
4008245,1069057,2069057,06-06-25,Documentation,Website,07-06-25,Resolved,30
4008268,1069231,2069231,10-26-2024,Documentation,Website,11-02-24,Resolved,7
4008356,1069937,2069937,10-16-2025,Documentation,Website,10-22-2025,Resolved,6
4008366,1070033,2070033,11-11-24,Documentation,Website,11-17-2024,Resolved,6
4008368,1070041,2070041,06-04-26,Documentation,Website,6-24-2026,Resolved,20
4008373,1070091,2070091,3-17-2025,Documentation,Website,3-19-2025,Resolved,2
4008378,1070155,2070155,03-10-25,Documentation,Website,3-26-2025,Resolved,16
4008386,1070235,2070235,11-17-2024,Documentation,Website,12-11-24,Resolved,24
4008389,1070302,2070302,6-26-2025,Documentation,Website,7-13-2025,Resolved,17
4008424,1070618,2070618,3-28-2025,Documentation,Website,04-09-25,Resolved,12
4008456,1070879,2070879,06-06-25,Documentation,Website,6-17-2025,Resolved,11
4008557,1071830,2071830,4-26-2025,Documentation,Website,05-04-25,Resolved,8
4008583,1072073,2072073,11-28-2024,Documentation,Website,12-08-24,Resolved,10
4008775,1073692,2073692,1-15-2026,Documentation,Website,1-16-2026,Resolved,1
4008846,1074315,2074315,08-12-25,Documentation,Website,09-02-25,Resolved,21
4008923,1074988,2074988,7-25-2025,Documentation,Website,08-07-25,Resolved,13
4008987,1075517,2075517,02-08-24,Documentation,Website,03-06-24,Resolved,27
4009014,1075695,2075695,12-06-25,Documentation,Website,12-11-25,Resolved,5
4009018,1075735,2075735,5-25-2025,Documentation,Website,6-13-2025,Resolved,19
4009157,1076763,2076763,09-11-25,Documentation,Website,9-26-2025,Resolved,15
4009212,1077178,2077178,4-17-2025,Documentation,Website,4-25-2025,Resolved,8
4009341,1078396,2078396,06-11-25,Documentation,Website,6-20-2025,Resolved,9
4009413,1079025,2079025,3-23-2024,Documentation,Website,4-20-2024,Resolved,28
4009426,1079128,2079128,03-10-25,Documentation,Website,3-20-2025,Resolved,10
4009434,1079205,2079205,4-23-2025,Documentation,Website,05-07-25,Resolved,14
4009436,1079216,2079216,01-07-25,Documentation,Website,1-21-2025,Resolved,14
4009470,1079478,2079478,12-19-2024,Documentation,Website,1-14-2025,Resolved,26
4009514,1079831,2079831,6-17-2025,Documentation,Website,07-09-25,Resolved,22
4009526,1079944,2079944,2-22-2026,Documentation,Website,3-17-2026,Resolved,23
4009583,1080334,2080334,03-04-26,Documentation,Website,3-19-2026,Resolved,15
4009599,1080442,2080442,9-15-2024,Documentation,Website,9-21-2024,Resolved,6
4009719,1081343,2081343,3-25-2025,Documentation,Website,3-31-2025,Resolved,6
4009767,1081735,2081735,8-31-2024,Documentation,Website,9-29-2024,Resolved,29
4009791,1081883,2081883,8-27-2025,Documentation,Website,09-08-25,Resolved,12
4009823,1082163,2082163,5-30-2025,Documentation,Website,6-25-2025,Resolved,26
4009835,1082255,2082255,12-30-2024,Documentation,Website,12-31-2024,Resolved,1
4009891,1082622,2082622,3-27-2024,Documentation,Website,4-13-2024,Resolved,17
4009977,1083477,2083477,05-05-26,Documentation,Website,5-25-2026,Resolved,20
4009991,1083598,2083598,12-02-25,Documentation,Website,12-06-25,Resolved,4
4010006,1083726,2083726,10-07-25,Documentation,Website,11-03-25,Resolved,27
4010045,1084008,2084008,11-28-2025,Documentation,Website,12-13-2025,Resolved,15
4010064,1084199,2084199,09-08-26,Documentation,Website,9-13-2026,Resolved,5
4010115,1084625,2084625,2-28-2025,Documentation,Website,03-09-25,Resolved,9
4010158,1085033,2085033,10-26-2025,Documentation,Website,10-29-2025,Resolved,3
4010176,1085145,2085145,02-03-26,Documentation,Website,2-23-2026,Resolved,20
4010184,1085209,2085209,1-15-2025,Documentation,Website,1-28-2025,Resolved,13
4010196,1085307,2085307,6-15-2025,Documentation,Website,6-23-2025,Resolved,8
4010208,1085435,2085435,10-28-2025,Documentation,Website,11-02-25,Resolved,5
4010224,1085562,2085562,03-04-25,Documentation,Website,3-22-2025,Resolved,18
4010229,1085628,2085628,7-18-2024,Documentation,Website,8-15-2024,Resolved,28
4010275,1086080,2086080,7-29-2026,Documentation,Website,08-11-26,Resolved,13
4010383,1087112,2087112,9-22-2024,Documentation,Website,10-01-24,Resolved,9
4010430,1087460,2087460,05-06-25,Documentation,Website,06-02-25,Resolved,27
4010490,1087889,2087889,09-03-25,Documentation,Website,9-21-2025,Resolved,18
4010517,1088106,2088106,12-08-24,Documentation,Website,01-02-25,Resolved,25
4010533,1088181,2088181,06-02-25,Documentation,Website,6-20-2025,Resolved,18
4010653,1089033,2089033,08-08-25,Documentation,Website,8-30-2025,Resolved,22
4010679,1089317,2089317,8-20-2024,Documentation,Website,09-01-24,Resolved,12
4010680,1089328,2089328,3-25-2025,Documentation,Website,04-05-25,Resolved,11
4010704,1089542,2089542,12-14-2025,Documentation,Website,12-16-2025,Resolved,2
4010782,1090213,2090213,11-08-25,Documentation,Website,12-05-25,Resolved,27
4010786,1090233,2090233,10-20-2024,Documentation,Website,11-05-24,Resolved,16
4010813,1090457,2090457,7-25-2024,Documentation,Website,08-10-24,Resolved,16
4010850,1090772,2090772,8-25-2024,Documentation,Website,09-02-24,Resolved,8
4010876,1090935,2090935,11-28-2025,Documentation,Website,12-11-25,Resolved,13
4010881,1090960,2090960,3-24-2026,Documentation,Website,04-12-26,Resolved,19
4010907,1091243,2091243,11-04-24,Documentation,Website,11-14-2024,Resolved,10
4010920,1091372,2091372,11-28-2025,Documentation,Website,12-27-2025,Resolved,29
4010945,1091575,2091575,5-27-2024,Documentation,Website,6-21-2024,Resolved,25
4011054,1092402,2092402,2-17-2025,Documentation,Website,2-18-2025,Resolved,1
4011066,1092476,2092476,2-27-2025,Documentation,Website,3-20-2025,Resolved,21
4011236,1093899,2093899,9-16-2025,Documentation,Website,10-04-25,Resolved,18
4011250,1094009,2094009,3-26-2026,Documentation,Website,04-03-26,Resolved,8
4011260,1094083,2094083,06-01-25,Documentation,Website,6-30-2025,Resolved,29
4011305,1094470,2094470,12-09-25,Documentation,Website,12-29-2025,Resolved,20
4011328,1094737,2094737,6-22-2026,Documentation,Website,6-30-2026,Resolved,8
4011331,1094745,2094745,7-24-2026,Documentation,Website,8-16-2026,Resolved,23
4011359,1094976,2094976,5-17-2026,Documentation,Website,5-23-2026,Resolved,6
4011372,1095111,2095111,10-04-24,Documentation,Website,10-10-24,Resolved,6
4011381,1095196,2095196,9-28-2024,Documentation,Website,10-22-2024,Resolved,24
4011419,1095570,2095570,07-02-26,Documentation,Website,07-04-26,Resolved,2
4011424,1095610,2095610,01-02-26,Documentation,Website,1-25-2026,Resolved,23
4011587,1097136,2097136,10-22-2025,Documentation,Website,11-05-25,Resolved,14
4011618,1097403,2097403,5-15-2024,Documentation,Website,06-11-24,Resolved,27
4011639,1097572,2097572,6-14-2025,Documentation,Website,6-16-2025,Resolved,2
4011848,1099192,2099192,11-05-25,Documentation,Website,11-13-2025,Resolved,8
4011907,1099661,2099661,3-13-2026,Documentation,Website,04-08-26,Resolved,26
4011916,1099690,2099690,7-30-2026,Documentation,Website,08-07-26,Resolved,8
4011933,1099834,2099834,4-27-2026,Documentation,Website,5-15-2026,Resolved,18
4011934,1099837,2099837,11-02-25,Documentation,Website,11-08-25,Resolved,6
4000011,1000127,2000127,5-29-2026,Service Quality,Website,6-28-2026,Resolved,30
4000015,1000150,2000150,9-28-2025,Service Quality,Website,10-10-25,Resolved,12
4000102,1000937,2000937,5-28-2024,Service Quality,Website,6-16-2024,Resolved,19
4000123,1001132,2001132,10-26-2025,Service Quality,Website,11-04-25,Resolved,9
4000182,1001642,2001642,06-01-26,Service Quality,Website,6-30-2026,Resolved,29
4000214,1001963,2001963,4-24-2025,Service Quality,Website,4-28-2025,Resolved,4
4000215,1001995,2001995,10-16-2025,Service Quality,Website,10-19-2025,Resolved,3
4000246,1002323,2002323,04-03-26,Service Quality,Website,05-03-26,Resolved,30
4000359,1003189,2003189,01-02-25,Service Quality,Website,1-23-2025,Resolved,21
4000374,1003327,2003327,10-03-25,Service Quality,Website,10-16-2025,Resolved,13
4000432,1003833,2003833,12-12-25,Service Quality,Website,01-08-26,Resolved,27
4000448,1004010,2004010,2-18-2026,Service Quality,Website,2-23-2026,Resolved,5
4000537,1004714,2004714,2-20-2026,Service Quality,Website,3-20-2026,Resolved,28
4000647,1005660,2005660,8-27-2024,Service Quality,Website,9-17-2024,Resolved,21
4000685,1005972,2005972,4-23-2026,Service Quality,Website,5-19-2026,Resolved,26
4000715,1006204,2006204,11-13-2024,Service Quality,Website,11-22-2024,Resolved,9
4000717,1006220,2006220,05-02-25,Service Quality,Website,5-15-2025,Resolved,13
4000718,1006245,2006245,3-20-2025,Service Quality,Website,04-04-25,Resolved,15
4000895,1007787,2007787,2-24-2026,Service Quality,Website,3-20-2026,Resolved,24
4000956,1008225,2008225,11-15-2024,Service Quality,Website,12-11-24,Resolved,26
4001062,1009051,2009051,10-15-2025,Service Quality,Website,10-30-2025,Resolved,15
4001086,1009265,2009265,03-11-25,Service Quality,Website,04-04-25,Resolved,24
4001241,1010612,2010612,03-11-24,Service Quality,Website,04-01-24,Resolved,21
4001307,1011176,2011176,8-28-2024,Service Quality,Website,09-07-24,Resolved,10
4001354,1011525,2011525,02-01-26,Service Quality,Website,2-27-2026,Resolved,26
4001449,1012376,2012376,1-15-2025,Service Quality,Website,1-30-2025,Resolved,15
4001454,1012411,2012411,6-25-2025,Service Quality,Website,7-17-2025,Resolved,22
4001457,1012418,2012418,01-08-25,Service Quality,Website,1-25-2025,Resolved,17
4001460,1012461,2012461,1-28-2026,Service Quality,Website,2-24-2026,Resolved,27
4001484,1012636,2012636,03-05-25,Service Quality,Website,3-16-2025,Resolved,11
4001686,1014307,2014307,7-18-2026,Service Quality,Website,7-30-2026,Resolved,12
4001724,1014630,2014630,7-29-2025,Service Quality,Website,8-23-2025,Resolved,25
4001769,1014973,2014973,12-13-2025,Service Quality,Website,12-29-2025,Resolved,16
4001783,1015112,2015112,11-30-2025,Service Quality,Website,12-13-2025,Resolved,13
4001810,1015346,2015346,5-23-2026,Service Quality,Website,06-07-26,Resolved,15
4001826,1015500,2015500,03-09-26,Service Quality,Website,04-03-26,Resolved,25
4001832,1015520,2015520,09-08-25,Service Quality,Website,9-25-2025,Resolved,17
4001886,1016053,2016053,2-24-2025,Service Quality,Website,03-01-25,Resolved,5
4001915,1016248,2016248,3-21-2025,Service Quality,Website,04-11-25,Resolved,21
4001984,1016735,2016735,9-16-2025,Service Quality,Website,10-04-25,Resolved,18
4002001,1016872,2016872,05-03-25,Service Quality,Website,05-11-25,Resolved,8
4002130,1018001,2018001,04-08-25,Service Quality,Website,4-27-2025,Resolved,19
4002154,1018215,2018215,04-05-24,Service Quality,Website,4-28-2024,Resolved,23
4002244,1019146,2019146,03-08-25,Service Quality,Website,3-24-2025,Resolved,16
4002263,1019275,2019275,07-03-25,Service Quality,Website,07-10-25,Resolved,7
4002270,1019337,2019337,11-05-25,Service Quality,Website,12-02-25,Resolved,27
4002354,1020013,2020013,2-28-2025,Service Quality,Website,3-28-2025,Resolved,28
4002387,1020271,2020271,12-25-2024,Service Quality,Website,1-16-2025,Resolved,22
4002401,1020370,2020370,07-11-24,Service Quality,Website,7-23-2024,Resolved,12
4002483,1020963,2020963,01-01-26,Service Quality,Website,01-07-26,Resolved,6
4002529,1021402,2021402,07-01-26,Service Quality,Website,7-21-2026,Resolved,20
4002651,1022517,2022517,8-15-2025,Service Quality,Website,8-24-2025,Resolved,9
4002679,1022743,2022743,2-23-2025,Service Quality,Website,03-06-25,Resolved,11
4002697,1022871,2022871,6-16-2025,Service Quality,Website,6-17-2025,Resolved,1
4002851,1023966,2023966,3-18-2025,Service Quality,Website,04-01-25,Resolved,14
4003034,1025505,2025505,6-30-2024,Service Quality,Website,07-05-24,Resolved,5
4003077,1025838,2025838,4-14-2025,Service Quality,Website,4-23-2025,Resolved,9
4003110,1026070,2026070,10-09-24,Service Quality,Website,10-12-24,Resolved,3
4003188,1026872,2026872,05-04-26,Service Quality,Website,5-15-2026,Resolved,11
4003246,1027351,2027351,3-24-2026,Service Quality,Website,3-25-2026,Resolved,1
4003324,1027966,2027966,02-06-25,Service Quality,Website,2-18-2025,Resolved,12
4003327,1027979,2027979,10-12-24,Service Quality,Website,10-19-2024,Resolved,7
4003346,1028113,2028113,12-06-25,Service Quality,Website,12-17-2025,Resolved,11
4003448,1029029,2029029,09-11-26,Service Quality,Website,10-04-26,Resolved,23
4003470,1029217,2029217,9-16-2025,Service Quality,Website,10-02-25,Resolved,16
4003498,1029571,2029571,7-27-2024,Service Quality,Website,8-21-2024,Resolved,25
4003518,1029745,2029745,12-10-25,Service Quality,Website,12-26-2025,Resolved,16
4003579,1030355,2030355,6-28-2026,Service Quality,Website,07-12-26,Resolved,14
4003590,1030405,2030405,10-14-2025,Service Quality,Website,10-31-2025,Resolved,17
4003593,1030436,2030436,09-03-24,Service Quality,Website,09-12-24,Resolved,9
4003598,1030482,2030482,02-01-25,Service Quality,Website,02-12-25,Resolved,11
4003657,1031119,2031119,06-07-25,Service Quality,Website,06-09-25,Resolved,2
4003680,1031264,2031264,2-13-2026,Service Quality,Website,03-11-26,Resolved,26
4003804,1032326,2032326,01-10-26,Service Quality,Website,02-07-26,Resolved,28
4003821,1032429,2032429,12-17-2024,Service Quality,Website,01-08-25,Resolved,22
4003884,1033036,2033036,11-18-2025,Service Quality,Website,11-27-2025,Resolved,9
4003968,1033623,2033623,3-29-2025,Service Quality,Website,04-07-25,Resolved,9
4004054,1034315,2034315,09-10-24,Service Quality,Website,9-19-2024,Resolved,9
4004083,1034495,2034495,4-25-2025,Service Quality,Website,05-08-25,Resolved,13
4004131,1034947,2034947,10-26-2025,Service Quality,Website,11-24-2025,Resolved,29
4004137,1034975,2034975,8-27-2024,Service Quality,Website,9-21-2024,Resolved,25
4004175,1035373,2035373,06-03-25,Service Quality,Website,6-16-2025,Resolved,13
4004194,1035545,2035545,03-02-25,Service Quality,Website,3-19-2025,Resolved,17
4004232,1035821,2035821,12-07-24,Service Quality,Website,12-12-24,Resolved,5
4004238,1035864,2035864,06-12-25,Service Quality,Website,6-28-2025,Resolved,16
4004251,1035966,2035966,10-29-2024,Service Quality,Website,11-25-2024,Resolved,27
4004318,1036541,2036541,4-20-2025,Service Quality,Website,4-26-2025,Resolved,6
4004337,1036661,2036661,6-26-2026,Service Quality,Website,07-02-26,Resolved,6
4004341,1036699,2036699,03-10-25,Service Quality,Website,3-15-2025,Resolved,5
4004370,1036932,2036932,12-29-2025,Service Quality,Website,1-24-2026,Resolved,26
4004576,1038406,2038406,12-21-2024,Service Quality,Website,12-29-2024,Resolved,8
4004586,1038482,2038482,09-07-25,Service Quality,Website,9-20-2025,Resolved,13
4004597,1038601,2038601,04-02-26,Service Quality,Website,4-17-2026,Resolved,15
4004650,1039036,2039036,11-29-2024,Service Quality,Website,12-27-2024,Resolved,28
4004661,1039108,2039108,04-03-25,Service Quality,Website,4-28-2025,Resolved,25
4004708,1039494,2039494,02-06-25,Service Quality,Website,03-08-25,Resolved,30
4004742,1039758,2039758,4-26-2025,Service Quality,Website,4-28-2025,Resolved,2
4004793,1040201,2040201,06-08-26,Service Quality,Website,6-18-2026,Resolved,10
4004797,1040223,2040223,11-16-2024,Service Quality,Website,11-25-2024,Resolved,9
4004869,1040878,2040878,10-12-26,Service Quality,Website,11-03-26,Resolved,22
4004893,1041043,2041043,5-18-2025,Service Quality,Website,06-09-25,Resolved,22
4004959,1041671,2041671,1-27-2026,Service Quality,Website,02-05-26,Resolved,9
4004960,1041674,2041674,03-12-26,Service Quality,Website,04-08-26,Resolved,27
4005000,1041985,2041985,8-30-2024,Service Quality,Website,9-25-2024,Resolved,26
4005012,1042151,2042151,06-03-25,Service Quality,Website,6-15-2025,Resolved,12
4005040,1042356,2042356,4-28-2026,Service Quality,Website,5-25-2026,Resolved,27
4005049,1042462,2042462,02-12-26,Service Quality,Website,2-16-2026,Resolved,4
4005079,1042742,2042742,11-29-2024,Service Quality,Website,12-26-2024,Resolved,27
4005123,1043082,2043082,04-07-25,Service Quality,Website,04-08-25,Resolved,1
4005239,1044096,2044096,6-18-2025,Service Quality,Website,6-30-2025,Resolved,12
4005267,1044333,2044333,07-12-26,Service Quality,Website,7-25-2026,Resolved,13
4005342,1044911,2044911,12-03-25,Service Quality,Website,01-02-26,Resolved,30
4005343,1044914,2044914,06-01-26,Service Quality,Website,06-11-26,Resolved,10
4005351,1044968,2044968,1-31-2025,Service Quality,Website,03-02-25,Resolved,30
4005412,1045577,2045577,11-07-26,Service Quality,Website,11-18-2026,Resolved,11
4005435,1045708,2045708,12-12-24,Service Quality,Website,01-08-25,Resolved,27
4005465,1045953,2045953,1-22-2025,Service Quality,Website,2-21-2025,Resolved,30
4005532,1046513,2046513,11-23-2025,Service Quality,Website,12-09-25,Resolved,16
4005535,1046532,2046532,4-17-2025,Service Quality,Website,05-06-25,Resolved,19
4005582,1047014,2047014,3-13-2024,Service Quality,Website,3-18-2024,Resolved,5
4005621,1047372,2047372,06-07-25,Service Quality,Website,07-01-25,Resolved,24
4005634,1047522,2047522,09-12-25,Service Quality,Website,10-11-25,Resolved,29
4005658,1047736,2047736,01-10-25,Service Quality,Website,1-20-2025,Resolved,10
4005685,1047971,2047971,03-12-26,Service Quality,Website,3-27-2026,Resolved,15
4005699,1048129,2048129,6-30-2025,Service Quality,Website,7-18-2025,Resolved,18
4005730,1048347,2048347,6-27-2025,Service Quality,Website,07-06-25,Resolved,9
4005759,1048548,2048548,9-26-2024,Service Quality,Website,10-24-2024,Resolved,28
4005809,1049092,2049092,10-15-2024,Service Quality,Website,11-07-24,Resolved,23
4005851,1049379,2049379,6-15-2025,Service Quality,Website,6-17-2025,Resolved,2
4005854,1049420,2049420,11-05-24,Service Quality,Website,11-19-2024,Resolved,14
4005896,1049722,2049722,10-01-24,Service Quality,Website,10-02-24,Resolved,1
4005947,1050166,2050166,11-08-25,Service Quality,Website,11-18-2025,Resolved,10
4005967,1050283,2050283,4-18-2025,Service Quality,Website,5-14-2025,Resolved,26
4006048,1051065,2051065,12-06-24,Service Quality,Website,01-02-25,Resolved,27
4006110,1051717,2051717,10-16-2025,Service Quality,Website,11-07-25,Resolved,22
4006171,1052285,2052285,2-27-2025,Service Quality,Website,3-20-2025,Resolved,21
4006207,1052602,2052602,1-23-2025,Service Quality,Website,2-17-2025,Resolved,25
4006451,1054538,2054538,03-10-26,Service Quality,Website,3-19-2026,Resolved,9
4006457,1054603,2054603,8-22-2024,Service Quality,Website,09-05-24,Resolved,14
4006486,1054851,2054851,10-31-2025,Service Quality,Website,11-26-2025,Resolved,26
4006608,1055840,2055840,05-03-26,Service Quality,Website,05-09-26,Resolved,6
4006619,1055906,2055906,09-10-25,Service Quality,Website,09-12-25,Resolved,2
4006689,1056519,2056519,08-04-25,Service Quality,Website,8-27-2025,Resolved,23
4006802,1057322,2057322,9-26-2024,Service Quality,Website,10-07-24,Resolved,11
4006816,1057457,2057457,8-22-2024,Service Quality,Website,9-20-2024,Resolved,29
4006829,1057523,2057523,11-22-2025,Service Quality,Website,12-07-25,Resolved,15
4006948,1058370,2058370,02-05-25,Service Quality,Website,2-22-2025,Resolved,17
4006950,1058376,2058376,5-19-2025,Service Quality,Website,06-05-25,Resolved,17
4007027,1059120,2059120,11-10-24,Service Quality,Website,11-12-24,Resolved,2
4007062,1059357,2059357,03-12-26,Service Quality,Website,04-05-26,Resolved,24
4007085,1059592,2059592,9-25-2024,Service Quality,Website,10-13-2024,Resolved,18
4007095,1059640,2059640,3-17-2025,Service Quality,Website,3-31-2025,Resolved,14
4007104,1059717,2059717,01-07-25,Service Quality,Website,1-16-2025,Resolved,9
4007110,1059753,2059753,1-14-2026,Service Quality,Website,1-17-2026,Resolved,3
4007113,1059757,2059757,10-19-2025,Service Quality,Website,11-05-25,Resolved,17
4007259,1060828,2060828,7-21-2026,Service Quality,Website,7-22-2026,Resolved,1
4007385,1061866,2061866,08-05-24,Service Quality,Website,8-14-2024,Resolved,9
4007477,1062612,2062612,3-23-2026,Service Quality,Website,04-01-26,Resolved,9
4007516,1063017,2063017,5-31-2024,Service Quality,Website,6-15-2024,Resolved,15
4007567,1063516,2063516,5-18-2025,Service Quality,Website,5-24-2025,Resolved,6
4007632,1063964,2063964,08-09-25,Service Quality,Website,09-06-25,Resolved,28
4007640,1064038,2064038,5-14-2024,Service Quality,Website,6-13-2024,Resolved,30
4007645,1064064,2064064,08-04-25,Service Quality,Website,8-29-2025,Resolved,25
4007660,1064197,2064197,6-20-2025,Service Quality,Website,7-15-2025,Resolved,25
4007699,1064508,2064508,6-26-2025,Service Quality,Website,07-06-25,Resolved,10
4007715,1064631,2064631,4-21-2026,Service Quality,Website,05-01-26,Resolved,10
4007716,1064641,2064641,04-01-26,Service Quality,Website,04-09-26,Resolved,8
4007738,1064856,2064856,7-18-2025,Service Quality,Website,08-01-25,Resolved,14
4007789,1065238,2065238,11-04-25,Service Quality,Website,11-08-25,Resolved,4
4007810,1065424,2065424,05-05-25,Service Quality,Website,5-26-2025,Resolved,21
4007833,1065578,2065578,4-29-2024,Service Quality,Website,5-25-2024,Resolved,26
4007862,1065882,2065882,7-18-2026,Service Quality,Website,08-02-26,Resolved,15
4007870,1065935,2065935,5-23-2024,Service Quality,Website,6-13-2024,Resolved,21
4007922,1066325,2066325,07-09-24,Service Quality,Website,08-06-24,Resolved,28
4007928,1066386,2066386,2-25-2025,Service Quality,Website,03-01-25,Resolved,4
4007968,1066715,2066715,7-21-2025,Service Quality,Website,8-15-2025,Resolved,25
4008031,1067215,2067215,07-01-25,Service Quality,Website,7-13-2025,Resolved,12
4008050,1067334,2067334,12-15-2025,Service Quality,Website,12-22-2025,Resolved,7
4008098,1067809,2067809,6-18-2026,Service Quality,Website,07-08-26,Resolved,20
4008324,1069673,2069673,03-01-25,Service Quality,Website,3-23-2025,Resolved,22
4008410,1070468,2070468,02-04-26,Service Quality,Website,02-07-26,Resolved,3
4008449,1070791,2070791,4-20-2025,Service Quality,Website,05-01-25,Resolved,11
4008504,1071288,2071288,06-11-25,Service Quality,Website,6-30-2025,Resolved,19
4008561,1071926,2071926,9-25-2024,Service Quality,Website,10-09-24,Resolved,14
4008570,1071982,2071982,10-15-2024,Service Quality,Website,10-19-2024,Resolved,4
4008580,1072053,2072053,2-24-2025,Service Quality,Website,03-11-25,Resolved,15
4008591,1072121,2072121,01-10-25,Service Quality,Website,1-14-2025,Resolved,4
4008608,1072224,2072224,05-03-25,Service Quality,Website,5-13-2025,Resolved,10
4008726,1073288,2073288,09-11-26,Service Quality,Website,10-01-26,Resolved,20
4008738,1073369,2073369,09-10-25,Service Quality,Website,10-05-25,Resolved,25
4008747,1073449,2073449,02-11-25,Service Quality,Website,2-22-2025,Resolved,11
4008754,1073492,2073492,9-28-2025,Service Quality,Website,10-24-2025,Resolved,26
4008800,1073866,2073866,8-20-2026,Service Quality,Website,09-09-26,Resolved,20
4008835,1074211,2074211,11-05-25,Service Quality,Website,12-04-25,Resolved,29
4008927,1075046,2075046,01-01-25,Service Quality,Website,1-25-2025,Resolved,24
4008962,1075318,2075318,10-09-25,Service Quality,Website,10-11-25,Resolved,2
4009001,1075584,2075584,4-24-2025,Service Quality,Website,4-30-2025,Resolved,6
4009035,1075826,2075826,05-03-25,Service Quality,Website,5-20-2025,Resolved,17
4009053,1075992,2075992,10-08-25,Service Quality,Website,10-23-2025,Resolved,15
4009070,1076088,2076088,09-06-25,Service Quality,Website,9-27-2025,Resolved,21
4009109,1076392,2076392,4-13-2026,Service Quality,Website,4-26-2026,Resolved,13
4009121,1076466,2076466,8-19-2024,Service Quality,Website,8-29-2024,Resolved,10
4009269,1077680,2077680,08-04-25,Service Quality,Website,8-23-2025,Resolved,19
4009283,1077891,2077891,10-12-25,Service Quality,Website,10-14-2025,Resolved,2
4009302,1078061,2078061,1-25-2025,Service Quality,Website,2-17-2025,Resolved,23
4009342,1078399,2078399,3-28-2025,Service Quality,Website,4-17-2025,Resolved,20
4009353,1078485,2078485,1-30-2026,Service Quality,Website,02-10-26,Resolved,11
4009437,1079226,2079226,12-24-2025,Service Quality,Website,1-21-2026,Resolved,28
4009448,1079280,2079280,6-21-2024,Service Quality,Website,7-17-2024,Resolved,26
4009487,1079596,2079596,7-28-2024,Service Quality,Website,08-09-24,Resolved,12
4009500,1079701,2079701,5-26-2024,Service Quality,Website,06-12-24,Resolved,17
4009520,1079872,2079872,5-18-2026,Service Quality,Website,5-26-2026,Resolved,8
4009573,1080249,2080249,7-30-2025,Service Quality,Website,08-08-25,Resolved,9
4009590,1080393,2080393,10-12-26,Service Quality,Website,10-28-2026,Resolved,16
4009608,1080502,2080502,07-08-25,Service Quality,Website,7-18-2025,Resolved,10
4009626,1080661,2080661,2-14-2025,Service Quality,Website,3-15-2025,Resolved,29
4009647,1080832,2080832,9-23-2025,Service Quality,Website,10-13-2025,Resolved,20
4009727,1081418,2081418,01-11-25,Service Quality,Website,02-01-25,Resolved,21
4009802,1082023,2082023,6-26-2026,Service Quality,Website,6-30-2026,Resolved,4
4009803,1082027,2082027,11-24-2024,Service Quality,Website,12-17-2024,Resolved,23
4009820,1082146,2082146,03-09-25,Service Quality,Website,03-10-25,Resolved,1
4010140,1084851,2084851,01-10-26,Service Quality,Website,01-11-26,Resolved,1
4010213,1085481,2085481,9-22-2024,Service Quality,Website,10-12-24,Resolved,20
4010233,1085672,2085672,3-19-2025,Service Quality,Website,04-10-25,Resolved,22
4010258,1085921,2085921,6-18-2024,Service Quality,Website,6-30-2024,Resolved,12
4010304,1086302,2086302,07-06-24,Service Quality,Website,7-14-2024,Resolved,8
4010312,1086398,2086398,11-26-2024,Service Quality,Website,12-22-2024,Resolved,26
4010467,1087709,2087709,4-29-2025,Service Quality,Website,5-21-2025,Resolved,22
4010585,1088599,2088599,10-05-25,Service Quality,Website,10-23-2025,Resolved,18
4010598,1088701,2088701,3-19-2026,Service Quality,Website,3-27-2026,Resolved,8
4010620,1088790,2088790,11-12-24,Service Quality,Website,12-06-24,Resolved,24
4010875,1090927,2090927,10-31-2025,Service Quality,Website,11-24-2025,Resolved,24
4010896,1091076,2091076,10-10-24,Service Quality,Website,10-18-2024,Resolved,8
4010909,1091266,2091266,5-24-2026,Service Quality,Website,5-26-2026,Resolved,2
4010975,1091881,2091881,06-03-25,Service Quality,Website,06-06-25,Resolved,3
4011006,1092099,2092099,4-22-2025,Service Quality,Website,05-12-25,Resolved,20
4011014,1092141,2092141,6-15-2025,Service Quality,Website,07-07-25,Resolved,22
4011034,1092283,2092283,10-27-2025,Service Quality,Website,11-08-25,Resolved,12
4011076,1092558,2092558,02-04-25,Service Quality,Website,03-06-25,Resolved,30
4011152,1093253,2093253,10-24-2025,Service Quality,Website,11-08-25,Resolved,15
4011253,1094035,2094035,8-21-2025,Service Quality,Website,8-28-2025,Resolved,7
4011256,1094056,2094056,12-23-2025,Service Quality,Website,01-01-26,Resolved,9
4011300,1094420,2094420,7-24-2025,Service Quality,Website,7-30-2025,Resolved,6
4011455,1095867,2095867,6-16-2026,Service Quality,Website,6-19-2026,Resolved,3
4011502,1096322,2096322,02-01-25,Service Quality,Website,2-22-2025,Resolved,21
4011504,1096362,2096362,07-06-26,Service Quality,Website,7-21-2026,Resolved,15
4011579,1097073,2097073,11-07-25,Service Quality,Website,11-27-2025,Resolved,20
4011610,1097333,2097333,7-25-2025,Service Quality,Website,08-02-25,Resolved,8
4011723,1098241,2098241,01-02-25,Service Quality,Website,1-26-2025,Resolved,24
4011801,1098828,2098828,08-03-24,Service Quality,Website,8-14-2024,Resolved,11
4011846,1099188,2099188,10-10-24,Service Quality,Website,10-24-2024,Resolved,14
4011869,1099314,2099314,3-26-2024,Service Quality,Website,4-21-2024,Resolved,26
4011888,1099468,2099468,08-08-25,Service Quality,Website,8-30-2025,Resolved,22
4011922,1099752,2099752,7-18-2026,Service Quality,Website,7-19-2026,Resolved,1
4000024,1000216,2000216,6-30-2024,Policy Cancellation,Website,07-12-24,Resolved,12
4000103,1000942,2000942,11-24-2024,Policy Cancellation,Website,12-12-24,Resolved,18
4000106,1000967,2000967,04-08-25,Policy Cancellation,Website,4-26-2025,Resolved,18
4000183,1001643,2001643,10-12-24,Policy Cancellation,Website,10-29-2024,Resolved,17
4000268,1002502,2002502,6-17-2025,Policy Cancellation,Website,07-12-25,Resolved,25
4000278,1002559,2002559,10-04-24,Policy Cancellation,Website,10-31-2024,Resolved,27
4000407,1003622,2003622,3-24-2025,Policy Cancellation,Website,04-05-25,Resolved,12
4000422,1003753,2003753,11-04-25,Policy Cancellation,Website,11-22-2025,Resolved,18
4000472,1004186,2004186,4-19-2026,Policy Cancellation,Website,05-12-26,Resolved,23
4000477,1004217,2004217,11-11-24,Policy Cancellation,Website,11-23-2024,Resolved,12
4000522,1004581,2004581,04-08-26,Policy Cancellation,Website,4-21-2026,Resolved,13
4000584,1005142,2005142,03-11-25,Policy Cancellation,Website,3-24-2025,Resolved,13
4000628,1005536,2005536,8-30-2025,Policy Cancellation,Website,09-02-25,Resolved,3
4000706,1006129,2006129,07-05-26,Policy Cancellation,Website,07-10-26,Resolved,5
4000784,1006868,2006868,02-10-26,Policy Cancellation,Website,03-08-26,Resolved,26
4000938,1008127,2008127,11-25-2024,Policy Cancellation,Website,12-07-24,Resolved,12
4001156,1009790,2009790,05-08-26,Policy Cancellation,Website,5-22-2026,Resolved,14
4001159,1009813,2009813,05-03-26,Policy Cancellation,Website,5-26-2026,Resolved,23
4001177,1009980,2009980,8-31-2026,Policy Cancellation,Website,9-30-2026,Resolved,30
4001209,1010333,2010333,1-28-2024,Policy Cancellation,Website,02-01-24,Resolved,4
4001260,1010814,2010814,5-15-2026,Policy Cancellation,Website,06-09-26,Resolved,25
4001276,1010933,2010933,6-28-2026,Policy Cancellation,Website,07-08-26,Resolved,10
4001323,1011274,2011274,9-18-2024,Policy Cancellation,Website,10-11-24,Resolved,23
4001372,1011683,2011683,09-09-25,Policy Cancellation,Website,9-18-2025,Resolved,9
4001400,1011911,2011911,3-14-2026,Policy Cancellation,Website,04-02-26,Resolved,19
4001411,1012041,2012041,04-06-26,Policy Cancellation,Website,04-07-26,Resolved,1
4001424,1012162,2012162,6-18-2025,Policy Cancellation,Website,07-03-25,Resolved,15
4001461,1012477,2012477,5-18-2026,Policy Cancellation,Website,06-05-26,Resolved,18
4001466,1012490,2012490,4-19-2025,Policy Cancellation,Website,5-18-2025,Resolved,29
4001479,1012602,2012602,6-20-2024,Policy Cancellation,Website,7-19-2024,Resolved,29
4001599,1013620,2013620,12-31-2024,Policy Cancellation,Website,1-18-2025,Resolved,18
4001627,1013814,2013814,3-14-2025,Policy Cancellation,Website,04-10-25,Resolved,27
4001661,1014050,2014050,12-29-2024,Policy Cancellation,Website,01-09-25,Resolved,11
4001688,1014311,2014311,6-17-2025,Policy Cancellation,Website,07-03-25,Resolved,16
4001707,1014443,2014443,02-01-25,Policy Cancellation,Website,2-25-2025,Resolved,24
4001764,1014929,2014929,7-27-2025,Policy Cancellation,Website,8-21-2025,Resolved,25
4001916,1016251,2016251,7-25-2025,Policy Cancellation,Website,8-21-2025,Resolved,27
4001979,1016720,2016720,01-12-25,Policy Cancellation,Website,1-25-2025,Resolved,13
4002010,1017023,2017023,2-18-2025,Policy Cancellation,Website,03-02-25,Resolved,12
4002024,1017147,2017147,05-08-26,Policy Cancellation,Website,5-13-2026,Resolved,5
4002105,1017828,2017828,2-14-2025,Policy Cancellation,Website,3-14-2025,Resolved,28
4002139,1018123,2018123,03-02-25,Policy Cancellation,Website,3-13-2025,Resolved,11
4002145,1018163,2018163,8-23-2025,Policy Cancellation,Website,9-16-2025,Resolved,24
4002223,1018916,2018916,04-06-25,Policy Cancellation,Website,4-21-2025,Resolved,15
4002240,1019105,2019105,7-22-2024,Policy Cancellation,Website,7-31-2024,Resolved,9
4002243,1019141,2019141,5-25-2025,Policy Cancellation,Website,5-31-2025,Resolved,6
4002275,1019394,2019394,4-17-2025,Policy Cancellation,Website,05-12-25,Resolved,25
4002277,1019429,2019429,1-30-2026,Policy Cancellation,Website,2-14-2026,Resolved,15
4002340,1019949,2019949,11-04-24,Policy Cancellation,Website,11-13-2024,Resolved,9
4002412,1020438,2020438,5-21-2026,Policy Cancellation,Website,5-28-2026,Resolved,7
4002432,1020574,2020574,2-16-2025,Policy Cancellation,Website,03-04-25,Resolved,16
4002510,1021230,2021230,12-06-25,Policy Cancellation,Website,12-24-2025,Resolved,18
4002511,1021243,2021243,12-24-2024,Policy Cancellation,Website,1-16-2025,Resolved,23
4002527,1021372,2021372,10-08-24,Policy Cancellation,Website,10-21-2024,Resolved,13
4002531,1021404,2021404,10-22-2026,Policy Cancellation,Website,11-01-26,Resolved,10
4002658,1022578,2022578,06-01-26,Policy Cancellation,Website,6-26-2026,Resolved,25
4002665,1022625,2022625,10-08-24,Policy Cancellation,Website,10-29-2024,Resolved,21
4002745,1023189,2023189,9-21-2024,Policy Cancellation,Website,10-13-2024,Resolved,22
4002791,1023615,2023615,1-31-2026,Policy Cancellation,Website,2-20-2026,Resolved,20
4002820,1023763,2023763,05-05-24,Policy Cancellation,Website,5-27-2024,Resolved,22
4002854,1023982,2023982,11-06-24,Policy Cancellation,Website,12-06-24,Resolved,30
4002987,1025183,2025183,6-22-2025,Policy Cancellation,Website,6-27-2025,Resolved,5
4002998,1025255,2025255,10-06-24,Policy Cancellation,Website,10-28-2024,Resolved,22
4003067,1025730,2025730,07-12-26,Policy Cancellation,Website,7-17-2026,Resolved,5
4003069,1025746,2025746,5-18-2025,Policy Cancellation,Website,5-26-2025,Resolved,8
4003125,1026190,2026190,11-26-2025,Policy Cancellation,Website,12-06-25,Resolved,10
4003173,1026688,2026688,12-13-2025,Policy Cancellation,Website,12-29-2025,Resolved,16
4003216,1027127,2027127,04-06-26,Policy Cancellation,Website,04-08-26,Resolved,2
4003253,1027418,2027418,12-13-2024,Policy Cancellation,Website,01-04-25,Resolved,22
4003286,1027648,2027648,8-24-2026,Policy Cancellation,Website,09-09-26,Resolved,16
4003342,1028080,2028080,04-12-26,Policy Cancellation,Website,05-10-26,Resolved,28
4003357,1028203,2028203,9-23-2025,Policy Cancellation,Website,10-02-25,Resolved,9
4003526,1029846,2029846,1-15-2026,Policy Cancellation,Website,02-04-26,Resolved,20
4003542,1029965,2029965,03-03-25,Policy Cancellation,Website,3-28-2025,Resolved,25
4003556,1030115,2030115,10-18-2025,Policy Cancellation,Website,11-15-2025,Resolved,28
4003560,1030155,2030155,11-07-25,Policy Cancellation,Website,12-02-25,Resolved,25
4003569,1030246,2030246,10-03-25,Policy Cancellation,Website,10-24-2025,Resolved,21
4003609,1030550,2030550,1-26-2025,Policy Cancellation,Website,02-08-25,Resolved,13
4003614,1030668,2030668,11-26-2025,Policy Cancellation,Website,12-18-2025,Resolved,22
4003635,1030905,2030905,3-28-2025,Policy Cancellation,Website,3-31-2025,Resolved,3
4003643,1030984,2030984,2-23-2026,Policy Cancellation,Website,03-08-26,Resolved,13
4003665,1031155,2031155,07-08-24,Policy Cancellation,Website,7-15-2024,Resolved,7
4003672,1031192,2031192,8-29-2025,Policy Cancellation,Website,9-16-2025,Resolved,18
4003675,1031233,2031233,8-14-2024,Policy Cancellation,Website,09-05-24,Resolved,22
4003852,1032734,2032734,6-13-2025,Policy Cancellation,Website,6-19-2025,Resolved,6
4003865,1032863,2032863,05-08-25,Policy Cancellation,Website,5-17-2025,Resolved,9
4003874,1032983,2032983,8-13-2025,Policy Cancellation,Website,8-16-2025,Resolved,3
4003897,1033148,2033148,04-06-25,Policy Cancellation,Website,4-28-2025,Resolved,22
4003992,1033857,2033857,4-17-2026,Policy Cancellation,Website,4-22-2026,Resolved,5
4003997,1033914,2033914,7-26-2025,Policy Cancellation,Website,8-17-2025,Resolved,22
4004009,1033986,2033986,01-07-25,Policy Cancellation,Website,1-20-2025,Resolved,13
4004020,1034065,2034065,06-06-25,Policy Cancellation,Website,06-12-25,Resolved,6
4004087,1034523,2034523,09-10-24,Policy Cancellation,Website,9-30-2024,Resolved,20
4004100,1034631,2034631,12-29-2024,Policy Cancellation,Website,1-25-2025,Resolved,27
4004140,1034986,2034986,03-06-25,Policy Cancellation,Website,03-08-25,Resolved,2
4004184,1035432,2035432,6-20-2025,Policy Cancellation,Website,7-19-2025,Resolved,29
4004186,1035436,2035436,10-06-24,Policy Cancellation,Website,10-22-2024,Resolved,16
4004213,1035670,2035670,4-24-2026,Policy Cancellation,Website,4-30-2026,Resolved,6
4004216,1035686,2035686,5-31-2026,Policy Cancellation,Website,6-26-2026,Resolved,26
4004268,1036102,2036102,09-09-24,Policy Cancellation,Website,09-10-24,Resolved,1
4004277,1036200,2036200,12-08-25,Policy Cancellation,Website,12-30-2025,Resolved,22
4004280,1036213,2036213,08-11-25,Policy Cancellation,Website,8-28-2025,Resolved,17
4004411,1037292,2037292,05-10-25,Policy Cancellation,Website,06-08-25,Resolved,29
4004424,1037380,2037380,10-04-25,Policy Cancellation,Website,10-27-2025,Resolved,23
4004430,1037414,2037414,9-15-2024,Policy Cancellation,Website,10-15-2024,Resolved,30
4004489,1037814,2037814,11-28-2024,Policy Cancellation,Website,12-27-2024,Resolved,29
4004548,1038246,2038246,11-10-24,Policy Cancellation,Website,12-03-24,Resolved,23
4004608,1038677,2038677,09-05-25,Policy Cancellation,Website,10-01-25,Resolved,26
4004632,1038854,2038854,10-07-25,Policy Cancellation,Website,10-08-25,Resolved,1
4004697,1039400,2039400,4-15-2026,Policy Cancellation,Website,5-14-2026,Resolved,29
4004712,1039534,2039534,03-01-26,Policy Cancellation,Website,3-22-2026,Resolved,21
4004725,1039655,2039655,01-01-25,Policy Cancellation,Website,1-19-2025,Resolved,18
4004741,1039756,2039756,03-01-25,Policy Cancellation,Website,3-13-2025,Resolved,12
4004763,1039932,2039932,11-26-2025,Policy Cancellation,Website,12-21-2025,Resolved,25
4004808,1040324,2040324,7-14-2025,Policy Cancellation,Website,7-26-2025,Resolved,12
4004987,1041863,2041863,7-25-2025,Policy Cancellation,Website,8-19-2025,Resolved,25
4005011,1042141,2042141,03-11-25,Policy Cancellation,Website,04-06-25,Resolved,26
4005162,1043378,2043378,05-02-24,Policy Cancellation,Website,06-01-24,Resolved,30
4005226,1043983,2043983,1-15-2024,Policy Cancellation,Website,1-28-2024,Resolved,13
4005257,1044237,2044237,12-01-25,Policy Cancellation,Website,12-18-2025,Resolved,17
4005282,1044462,2044462,11-14-2024,Policy Cancellation,Website,11-20-2024,Resolved,6
4005355,1045004,2045004,5-15-2024,Policy Cancellation,Website,06-03-24,Resolved,19
4005360,1045053,2045053,9-17-2024,Policy Cancellation,Website,10-15-2024,Resolved,28
4005436,1045713,2045713,8-23-2024,Policy Cancellation,Website,09-08-24,Resolved,16
4005503,1046302,2046302,5-20-2024,Policy Cancellation,Website,06-10-24,Resolved,21
4005574,1046934,2046934,12-14-2024,Policy Cancellation,Website,01-12-25,Resolved,29
4005592,1047095,2047095,1-29-2025,Policy Cancellation,Website,2-19-2025,Resolved,21
4005600,1047176,2047176,10-15-2025,Policy Cancellation,Website,10-20-2025,Resolved,5
4005680,1047932,2047932,02-09-26,Policy Cancellation,Website,2-22-2026,Resolved,13
4005779,1048766,2048766,05-05-25,Policy Cancellation,Website,05-10-25,Resolved,5
4006114,1051734,2051734,03-07-25,Policy Cancellation,Website,3-26-2025,Resolved,19
4006270,1053138,2053138,8-25-2026,Policy Cancellation,Website,9-20-2026,Resolved,26
4006310,1053418,2053418,10-09-24,Policy Cancellation,Website,10-25-2024,Resolved,16
4006326,1053618,2053618,7-23-2026,Policy Cancellation,Website,08-09-26,Resolved,17
4006388,1054061,2054061,04-12-26,Policy Cancellation,Website,4-15-2026,Resolved,3
4006407,1054218,2054218,6-24-2025,Policy Cancellation,Website,07-12-25,Resolved,18
4006432,1054415,2054415,11-05-25,Policy Cancellation,Website,11-11-25,Resolved,6
4006532,1055221,2055221,02-05-25,Policy Cancellation,Website,02-11-25,Resolved,6
4006537,1055254,2055254,11-14-2024,Policy Cancellation,Website,11-22-2024,Resolved,8
4006558,1055422,2055422,10-21-2025,Policy Cancellation,Website,11-10-25,Resolved,20
4006571,1055535,2055535,05-06-26,Policy Cancellation,Website,05-10-26,Resolved,4
4006647,1056162,2056162,2-24-2026,Policy Cancellation,Website,03-06-26,Resolved,10
4006675,1056397,2056397,05-04-25,Policy Cancellation,Website,5-24-2025,Resolved,20
4006722,1056752,2056752,6-18-2025,Policy Cancellation,Website,07-03-25,Resolved,15
4006735,1056840,2056840,1-17-2025,Policy Cancellation,Website,2-13-2025,Resolved,27
4006744,1056920,2056920,5-27-2025,Policy Cancellation,Website,5-30-2025,Resolved,3
4006758,1056988,2056988,1-27-2026,Policy Cancellation,Website,02-03-26,Resolved,7
4006765,1057064,2057064,10-25-2025,Policy Cancellation,Website,11-22-2025,Resolved,28
4006957,1058409,2058409,04-10-25,Policy Cancellation,Website,05-10-25,Resolved,30
4006978,1058656,2058656,10-22-2024,Policy Cancellation,Website,10-31-2024,Resolved,9
4006987,1058722,2058722,7-24-2025,Policy Cancellation,Website,7-30-2025,Resolved,6
4007013,1058980,2058980,02-03-25,Policy Cancellation,Website,2-23-2025,Resolved,20
4007071,1059422,2059422,8-16-2025,Policy Cancellation,Website,8-29-2025,Resolved,13
4007188,1060351,2060351,3-13-2026,Policy Cancellation,Website,3-16-2026,Resolved,3
4007252,1060767,2060767,7-17-2025,Policy Cancellation,Website,7-29-2025,Resolved,12
4007254,1060771,2060771,1-24-2025,Policy Cancellation,Website,2-18-2025,Resolved,25
4007336,1061475,2061475,7-26-2025,Policy Cancellation,Website,8-22-2025,Resolved,27
4007357,1061649,2061649,10-16-2024,Policy Cancellation,Website,11-09-24,Resolved,24
4007363,1061702,2061702,01-04-25,Policy Cancellation,Website,02-01-25,Resolved,28
4007417,1062123,2062123,08-03-26,Policy Cancellation,Website,8-25-2026,Resolved,22
4007601,1063742,2063742,2-24-2026,Policy Cancellation,Website,3-22-2026,Resolved,26
4007850,1065734,2065734,12-24-2024,Policy Cancellation,Website,01-08-25,Resolved,15
4007864,1065886,2065886,03-11-25,Policy Cancellation,Website,3-27-2025,Resolved,16
4007904,1066197,2066197,08-04-24,Policy Cancellation,Website,8-28-2024,Resolved,24
4007951,1066521,2066521,8-29-2025,Policy Cancellation,Website,09-03-25,Resolved,5
4007972,1066746,2066746,07-05-26,Policy Cancellation,Website,07-10-26,Resolved,5
4007987,1066880,2066880,4-22-2024,Policy Cancellation,Website,05-12-24,Resolved,20
4008197,1068608,2068608,11-15-2026,Policy Cancellation,Website,12-14-2026,Resolved,29
4008222,1068818,2068818,7-31-2024,Policy Cancellation,Website,08-10-24,Resolved,10
4008254,1069125,2069125,01-06-26,Policy Cancellation,Website,1-31-2026,Resolved,25
4008258,1069158,2069158,11-13-2025,Policy Cancellation,Website,11-30-2025,Resolved,17
4008283,1069317,2069317,7-14-2025,Policy Cancellation,Website,08-06-25,Resolved,23
4008312,1069585,2069585,11-05-25,Policy Cancellation,Website,12-01-25,Resolved,26
4008314,1069604,2069604,11-27-2025,Policy Cancellation,Website,12-24-2025,Resolved,27
4008325,1069676,2069676,05-09-26,Policy Cancellation,Website,06-01-26,Resolved,23
4008340,1069835,2069835,10-01-25,Policy Cancellation,Website,10-21-2025,Resolved,20
4008346,1069874,2069874,07-03-26,Policy Cancellation,Website,7-26-2026,Resolved,23
4008350,1069890,2069890,10-24-2024,Policy Cancellation,Website,10-31-2024,Resolved,7
4008576,1072030,2072030,08-05-25,Policy Cancellation,Website,8-20-2025,Resolved,15
4008594,1072135,2072135,2-28-2025,Policy Cancellation,Website,03-12-25,Resolved,12
4008611,1072277,2072277,3-29-2025,Policy Cancellation,Website,4-27-2025,Resolved,29
4008702,1073082,2073082,4-16-2025,Policy Cancellation,Website,05-02-25,Resolved,16
4008714,1073206,2073206,5-28-2026,Policy Cancellation,Website,06-05-26,Resolved,8
4008776,1073698,2073698,12-10-24,Policy Cancellation,Website,12-17-2024,Resolved,7
4008789,1073798,2073798,10-04-25,Policy Cancellation,Website,11-02-25,Resolved,29
4008843,1074294,2074294,7-21-2024,Policy Cancellation,Website,7-29-2024,Resolved,8
4008850,1074321,2074321,04-06-25,Policy Cancellation,Website,4-27-2025,Resolved,21
4008920,1074976,2074976,4-13-2026,Policy Cancellation,Website,5-13-2026,Resolved,30
4008955,1075278,2075278,1-31-2025,Policy Cancellation,Website,2-28-2025,Resolved,28
4008972,1075367,2075367,9-20-2024,Policy Cancellation,Website,10-14-2024,Resolved,24
4008982,1075484,2075484,02-12-26,Policy Cancellation,Website,2-27-2026,Resolved,15
4008986,1075511,2075511,9-29-2025,Policy Cancellation,Website,10-11-25,Resolved,12
4009049,1075969,2075969,3-21-2025,Policy Cancellation,Website,04-02-25,Resolved,12
4009067,1076083,2076083,08-02-25,Policy Cancellation,Website,08-04-25,Resolved,2
4009090,1076234,2076234,7-19-2024,Policy Cancellation,Website,8-18-2024,Resolved,30
4009103,1076341,2076341,01-01-26,Policy Cancellation,Website,1-22-2026,Resolved,21
4009138,1076558,2076558,09-10-25,Policy Cancellation,Website,9-24-2025,Resolved,14
4009161,1076795,2076795,02-01-26,Policy Cancellation,Website,2-27-2026,Resolved,26
4009188,1076997,2076997,11-28-2025,Policy Cancellation,Website,12-16-2025,Resolved,18
4009247,1077482,2077482,6-15-2025,Policy Cancellation,Website,6-20-2025,Resolved,5
4009503,1079718,2079718,7-31-2024,Policy Cancellation,Website,8-16-2024,Resolved,16
4009595,1080425,2080425,05-01-24,Policy Cancellation,Website,05-09-24,Resolved,8
4009664,1080974,2080974,04-01-24,Policy Cancellation,Website,4-22-2024,Resolved,21
4009748,1081561,2081561,10-12-24,Policy Cancellation,Website,10-27-2024,Resolved,15
4009777,1081807,2081807,4-29-2025,Policy Cancellation,Website,05-12-25,Resolved,13
4009811,1082082,2082082,11-13-2024,Policy Cancellation,Website,12-09-24,Resolved,26
4009997,1083633,2083633,7-16-2025,Policy Cancellation,Website,08-08-25,Resolved,23
4010032,1083900,2083900,4-21-2025,Policy Cancellation,Website,5-19-2025,Resolved,28
4010053,1084066,2084066,3-30-2025,Policy Cancellation,Website,4-18-2025,Resolved,19
4010089,1084398,2084398,6-20-2025,Policy Cancellation,Website,6-30-2025,Resolved,10
4010214,1085487,2085487,2-14-2025,Policy Cancellation,Website,03-02-25,Resolved,16
4010231,1085661,2085661,07-02-25,Policy Cancellation,Website,7-25-2025,Resolved,23
4010254,1085896,2085896,2-22-2026,Policy Cancellation,Website,3-21-2026,Resolved,27
4010297,1086246,2086246,10-04-24,Policy Cancellation,Website,10-17-2024,Resolved,13
4010349,1086774,2086774,1-22-2026,Policy Cancellation,Website,02-09-26,Resolved,18
4010361,1086860,2086860,04-07-25,Policy Cancellation,Website,4-13-2025,Resolved,6
4010364,1086887,2086887,10-27-2024,Policy Cancellation,Website,11-26-2024,Resolved,30
4010379,1087053,2087053,05-09-25,Policy Cancellation,Website,5-31-2025,Resolved,22
4010392,1087159,2087159,12-15-2024,Policy Cancellation,Website,12-30-2024,Resolved,15
4010413,1087330,2087330,11-12-25,Policy Cancellation,Website,12-09-25,Resolved,27
4010519,1088116,2088116,05-04-25,Policy Cancellation,Website,5-17-2025,Resolved,13
4010672,1089276,2089276,4-21-2026,Policy Cancellation,Website,5-14-2026,Resolved,23
4010738,1089847,2089847,01-10-26,Policy Cancellation,Website,1-16-2026,Resolved,6
4010860,1090821,2090821,3-13-2025,Policy Cancellation,Website,04-06-25,Resolved,24
4010924,1091391,2091391,6-17-2026,Policy Cancellation,Website,07-03-26,Resolved,16
4010926,1091412,2091412,05-02-25,Policy Cancellation,Website,05-03-25,Resolved,1
4010936,1091517,2091517,05-07-25,Policy Cancellation,Website,06-04-25,Resolved,28
4010971,1091847,2091847,03-12-24,Policy Cancellation,Website,3-30-2024,Resolved,18
4010995,1091988,2091988,2-27-2026,Policy Cancellation,Website,3-21-2026,Resolved,22
4011019,1092208,2092208,3-24-2026,Policy Cancellation,Website,3-26-2026,Resolved,2
4011021,1092213,2092213,6-23-2025,Policy Cancellation,Website,7-21-2025,Resolved,28
4011026,1092251,2092251,12-12-25,Policy Cancellation,Website,12-20-2025,Resolved,8
4011136,1093076,2093076,7-22-2025,Policy Cancellation,Website,7-28-2025,Resolved,6
4011195,1093575,2093575,4-27-2025,Policy Cancellation,Website,5-24-2025,Resolved,27
4011218,1093769,2093769,9-22-2025,Policy Cancellation,Website,10-19-2025,Resolved,27
4011360,1094980,2094980,12-20-2024,Policy Cancellation,Website,01-06-25,Resolved,17
4011416,1095528,2095528,11-26-2025,Policy Cancellation,Website,12-24-2025,Resolved,28
4011432,1095698,2095698,5-24-2025,Policy Cancellation,Website,5-31-2025,Resolved,7
4011434,1095726,2095726,02-01-25,Policy Cancellation,Website,2-25-2025,Resolved,24
4011464,1095991,2095991,08-05-25,Policy Cancellation,Website,8-25-2025,Resolved,20
4011511,1096403,2096403,9-22-2024,Policy Cancellation,Website,10-18-2024,Resolved,26
4011561,1096866,2096866,12-03-25,Policy Cancellation,Website,12-10-25,Resolved,7
4011636,1097542,2097542,04-07-25,Policy Cancellation,Website,4-27-2025,Resolved,20
4011670,1097861,2097861,12-16-2025,Policy Cancellation,Website,12-26-2025,Resolved,10
4011692,1098031,2098031,02-04-26,Policy Cancellation,Website,02-11-26,Resolved,7
4011698,1098062,2098062,2-13-2026,Policy Cancellation,Website,03-08-26,Resolved,23
4011772,1098628,2098628,09-08-25,Policy Cancellation,Website,9-15-2025,Resolved,7
4011797,1098782,2098782,1-20-2026,Policy Cancellation,Website,1-26-2026,Resolved,6
4011855,1099260,2099260,2-24-2026,Policy Cancellation,Website,3-21-2026,Resolved,25
4011871,1099326,2099326,01-08-26,Policy Cancellation,Website,1-24-2026,Resolved,16
4000148,1001345,2001345,10-12-25,Claim Delay,Website,11-08-25,Resolved,27
4000155,1001401,2001401,02-07-25,Claim Delay,Website,2-13-2025,Resolved,6
4000190,1001740,2001740,12-31-2025,Claim Delay,Website,01-11-26,Resolved,11
4000210,1001903,2001903,01-07-26,Claim Delay,Website,1-25-2026,Resolved,18
4000247,1002331,2002331,4-23-2025,Claim Delay,Website,5-16-2025,Resolved,23
4000361,1003201,2003201,6-14-2025,Claim Delay,Website,07-03-25,Resolved,19
4000367,1003250,2003250,10-30-2024,Claim Delay,Website,11-16-2024,Resolved,17
4000379,1003398,2003398,8-18-2025,Claim Delay,Website,8-27-2025,Resolved,9
4000441,1003944,2003944,03-05-25,Claim Delay,Website,3-22-2025,Resolved,17
4000461,1004129,2004129,10-22-2025,Claim Delay,Website,11-12-25,Resolved,21
4000470,1004180,2004180,7-14-2025,Claim Delay,Website,7-23-2025,Resolved,9
4000473,1004193,2004193,9-13-2025,Claim Delay,Website,9-18-2025,Resolved,5
4000479,1004222,2004222,12-17-2025,Claim Delay,Website,01-08-26,Resolved,22
4000501,1004393,2004393,7-21-2025,Claim Delay,Website,8-20-2025,Resolved,30
4000525,1004627,2004627,2-21-2025,Claim Delay,Website,3-16-2025,Resolved,23
4000552,1004842,2004842,02-02-26,Claim Delay,Website,2-22-2026,Resolved,20
4000603,1005305,2005305,4-16-2026,Claim Delay,Website,4-19-2026,Resolved,3
4000728,1006291,2006291,7-29-2024,Claim Delay,Website,8-28-2024,Resolved,30
4000777,1006786,2006786,10-22-2025,Claim Delay,Website,11-11-25,Resolved,20
4000850,1007455,2007455,02-06-25,Claim Delay,Website,2-23-2025,Resolved,17
4000952,1008213,2008213,02-11-26,Claim Delay,Website,2-27-2026,Resolved,16
4000954,1008216,2008216,4-14-2025,Claim Delay,Website,4-30-2025,Resolved,16
4000969,1008293,2008293,11-11-25,Claim Delay,Website,12-06-25,Resolved,25
4000970,1008302,2008302,12-16-2025,Claim Delay,Website,01-09-26,Resolved,24
4001110,1009427,2009427,03-08-26,Claim Delay,Website,3-29-2026,Resolved,21
4001153,1009769,2009769,4-13-2025,Claim Delay,Website,4-30-2025,Resolved,17
4001157,1009800,2009800,3-16-2025,Claim Delay,Website,04-12-25,Resolved,27
4001202,1010288,2010288,5-23-2024,Claim Delay,Website,06-08-24,Resolved,16
4001251,1010727,2010727,6-21-2025,Claim Delay,Website,6-26-2025,Resolved,5
4001327,1011292,2011292,7-29-2025,Claim Delay,Website,8-25-2025,Resolved,27
4001373,1011690,2011690,5-25-2025,Claim Delay,Website,6-19-2025,Resolved,25
4001419,1012097,2012097,8-28-2024,Claim Delay,Website,09-11-24,Resolved,14
4001546,1013208,2013208,06-02-25,Claim Delay,Website,6-29-2025,Resolved,27
4001569,1013355,2013355,5-23-2026,Claim Delay,Website,5-26-2026,Resolved,3
4001571,1013386,2013386,3-17-2026,Claim Delay,Website,3-23-2026,Resolved,6
4001577,1013418,2013418,11-18-2025,Claim Delay,Website,11-20-2025,Resolved,2
4001609,1013670,2013670,04-04-26,Claim Delay,Website,4-18-2026,Resolved,14
4001639,1013891,2013891,8-28-2024,Claim Delay,Website,09-05-24,Resolved,8
4001669,1014086,2014086,11-22-2024,Claim Delay,Website,11-24-2024,Resolved,2
4001673,1014120,2014120,04-03-26,Claim Delay,Website,05-01-26,Resolved,28
4001730,1014676,2014676,12-11-25,Claim Delay,Website,01-08-26,Resolved,28
4001812,1015360,2015360,10-12-25,Claim Delay,Website,11-10-25,Resolved,29
4001905,1016213,2016213,10-29-2025,Claim Delay,Website,11-19-2025,Resolved,21
4001937,1016411,2016411,1-19-2025,Claim Delay,Website,1-30-2025,Resolved,11
4001957,1016531,2016531,12-06-25,Claim Delay,Website,12-22-2025,Resolved,16
4001972,1016646,2016646,6-15-2025,Claim Delay,Website,6-21-2025,Resolved,6
4002003,1016884,2016884,4-30-2026,Claim Delay,Website,5-17-2026,Resolved,17
4002023,1017144,2017144,10-25-2024,Claim Delay,Website,11-03-24,Resolved,9
4002081,1017564,2017564,07-03-25,Claim Delay,Website,7-16-2025,Resolved,13
4002101,1017787,2017787,9-27-2026,Claim Delay,Website,10-12-26,Resolved,15
4002197,1018636,2018636,8-31-2026,Claim Delay,Website,9-17-2026,Resolved,17
4002219,1018874,2018874,12-17-2024,Claim Delay,Website,12-26-2024,Resolved,9
4002260,1019251,2019251,1-23-2025,Claim Delay,Website,02-03-25,Resolved,11
4002329,1019880,2019880,10-01-24,Claim Delay,Website,10-12-24,Resolved,11
4002341,1019953,2019953,03-08-26,Claim Delay,Website,3-15-2026,Resolved,7
4002349,1019993,2019993,3-31-2025,Claim Delay,Website,4-24-2025,Resolved,24
4002360,1020053,2020053,12-05-25,Claim Delay,Website,12-30-2025,Resolved,25
4002415,1020454,2020454,2-17-2025,Claim Delay,Website,03-06-25,Resolved,17
4002425,1020509,2020509,10-06-24,Claim Delay,Website,11-04-24,Resolved,29
4002499,1021152,2021152,02-04-25,Claim Delay,Website,2-14-2025,Resolved,10
4002503,1021168,2021168,6-25-2025,Claim Delay,Website,07-11-25,Resolved,16
4002663,1022611,2022611,10-04-25,Claim Delay,Website,10-14-2025,Resolved,10
4002666,1022630,2022630,3-25-2025,Claim Delay,Website,4-20-2025,Resolved,26
4002781,1023533,2023533,1-30-2026,Claim Delay,Website,2-28-2026,Resolved,29
4002789,1023599,2023599,8-31-2026,Claim Delay,Website,9-29-2026,Resolved,29
4002858,1024002,2024002,05-08-25,Claim Delay,Website,5-17-2025,Resolved,9
4002893,1024316,2024316,10-06-26,Claim Delay,Website,10-30-2026,Resolved,24
4002913,1024524,2024524,06-08-25,Claim Delay,Website,07-05-25,Resolved,27
4002949,1024877,2024877,12-17-2025,Claim Delay,Website,01-02-26,Resolved,16
4002977,1025119,2025119,11-28-2024,Claim Delay,Website,12-02-24,Resolved,4
4002993,1025213,2025213,03-12-26,Claim Delay,Website,3-14-2026,Resolved,2
4003378,1028439,2028439,02-02-25,Claim Delay,Website,2-21-2025,Resolved,19
4003463,1029160,2029160,8-20-2024,Claim Delay,Website,8-23-2024,Resolved,3
4003467,1029193,2029193,7-23-2024,Claim Delay,Website,7-27-2024,Resolved,4
4003468,1029210,2029210,10-30-2025,Claim Delay,Website,11-12-25,Resolved,13
4003490,1029454,2029454,2-13-2026,Claim Delay,Website,2-15-2026,Resolved,2
4003515,1029737,2029737,12-01-25,Claim Delay,Website,12-04-25,Resolved,3
4003647,1031027,2031027,02-05-25,Claim Delay,Website,02-06-25,Resolved,1
4003656,1031110,2031110,10-30-2024,Claim Delay,Website,11-03-24,Resolved,4
4003731,1031668,2031668,1-29-2026,Claim Delay,Website,2-15-2026,Resolved,17
4003746,1031766,2031766,03-06-26,Claim Delay,Website,3-26-2026,Resolved,20
4003812,1032385,2032385,01-02-26,Claim Delay,Website,01-06-26,Resolved,4
4003978,1033682,2033682,11-06-25,Claim Delay,Website,12-01-25,Resolved,25
4004105,1034713,2034713,2-16-2025,Claim Delay,Website,2-19-2025,Resolved,3
4004115,1034822,2034822,4-19-2025,Claim Delay,Website,4-25-2025,Resolved,6
4004125,1034890,2034890,01-10-25,Claim Delay,Website,1-16-2025,Resolved,6
4004138,1034976,2034976,3-18-2026,Claim Delay,Website,3-29-2026,Resolved,11
4004249,1035952,2035952,7-16-2024,Claim Delay,Website,08-06-24,Resolved,21
4004273,1036157,2036157,05-06-26,Claim Delay,Website,05-10-26,Resolved,4
4004329,1036602,2036602,12-27-2024,Claim Delay,Website,1-24-2025,Resolved,28
4004377,1036984,2036984,6-19-2024,Claim Delay,Website,7-14-2024,Resolved,25
4004399,1037194,2037194,02-06-25,Claim Delay,Website,03-08-25,Resolved,30
4004410,1037291,2037291,2-27-2026,Claim Delay,Website,03-02-26,Resolved,3
4004438,1037462,2037462,1-22-2025,Claim Delay,Website,1-28-2025,Resolved,6
4004469,1037693,2037693,11-12-25,Claim Delay,Website,11-19-2025,Resolved,7
4004507,1037976,2037976,8-20-2025,Claim Delay,Website,09-10-25,Resolved,21
4004598,1038604,2038604,07-07-25,Claim Delay,Website,7-26-2025,Resolved,19
4004714,1039537,2039537,7-19-2024,Claim Delay,Website,7-28-2024,Resolved,9
4004717,1039566,2039566,07-06-26,Claim Delay,Website,7-28-2026,Resolved,22
4004794,1040210,2040210,6-18-2025,Claim Delay,Website,6-22-2025,Resolved,4
4004854,1040719,2040719,11-14-2024,Claim Delay,Website,11-18-2024,Resolved,4
4004863,1040815,2040815,5-14-2025,Claim Delay,Website,5-30-2025,Resolved,16
4004883,1040981,2040981,5-14-2026,Claim Delay,Website,5-26-2026,Resolved,12
4004906,1041182,2041182,7-17-2025,Claim Delay,Website,08-01-25,Resolved,15
4005002,1041996,2041996,06-07-24,Claim Delay,Website,6-16-2024,Resolved,9
4005089,1042817,2042817,10-27-2025,Claim Delay,Website,11-26-2025,Resolved,30
4005112,1042993,2042993,7-28-2026,Claim Delay,Website,8-19-2026,Resolved,22
4005164,1043395,2043395,8-15-2025,Claim Delay,Website,09-10-25,Resolved,26
4005195,1043677,2043677,02-03-25,Claim Delay,Website,2-21-2025,Resolved,18
4005241,1044119,2044119,2-25-2026,Claim Delay,Website,3-22-2026,Resolved,25
4005252,1044197,2044197,05-02-25,Claim Delay,Website,05-12-25,Resolved,10
4005381,1045336,2045336,5-21-2025,Claim Delay,Website,5-28-2025,Resolved,7
4005384,1045351,2045351,1-24-2026,Claim Delay,Website,1-31-2026,Resolved,7
4005462,1045933,2045933,03-03-26,Claim Delay,Website,03-09-26,Resolved,6
4005481,1046093,2046093,8-22-2026,Claim Delay,Website,9-18-2026,Resolved,27
4005497,1046259,2046259,10-05-25,Claim Delay,Website,10-18-2025,Resolved,13
4005571,1046907,2046907,07-01-24,Claim Delay,Website,7-17-2024,Resolved,16
4005595,1047113,2047113,6-19-2025,Claim Delay,Website,6-25-2025,Resolved,6
4005656,1047716,2047716,07-12-25,Claim Delay,Website,08-07-25,Resolved,26
4005669,1047888,2047888,1-30-2025,Claim Delay,Website,02-01-25,Resolved,2
4005760,1048573,2048573,10-07-24,Claim Delay,Website,10-13-2024,Resolved,6
4005804,1049049,2049049,06-09-24,Claim Delay,Website,6-13-2024,Resolved,4
4005813,1049123,2049123,6-23-2025,Claim Delay,Website,07-05-25,Resolved,12
4005830,1049225,2049225,12-04-25,Claim Delay,Website,12-24-2025,Resolved,20
4005844,1049350,2049350,8-31-2025,Claim Delay,Website,09-07-25,Resolved,7
4005850,1049374,2049374,04-11-25,Claim Delay,Website,4-18-2025,Resolved,7
4005865,1049514,2049514,10-13-2025,Claim Delay,Website,11-05-25,Resolved,23
4005916,1049889,2049889,4-26-2025,Claim Delay,Website,05-06-25,Resolved,10
4005978,1050397,2050397,04-08-26,Claim Delay,Website,05-07-26,Resolved,29
4005985,1050440,2050440,05-08-25,Claim Delay,Website,5-27-2025,Resolved,19
4006277,1053173,2053173,10-01-25,Claim Delay,Website,10-15-2025,Resolved,14
4006282,1053223,2053223,07-08-26,Claim Delay,Website,7-13-2026,Resolved,5
4006283,1053228,2053228,12-18-2025,Claim Delay,Website,1-14-2026,Resolved,27
4006290,1053259,2053259,06-03-26,Claim Delay,Website,06-06-26,Resolved,3
4006340,1053703,2053703,4-18-2025,Claim Delay,Website,5-14-2025,Resolved,26
4006469,1054669,2054669,02-01-25,Claim Delay,Website,2-27-2025,Resolved,26
4006480,1054802,2054802,10-19-2025,Claim Delay,Website,10-29-2025,Resolved,10
4006549,1055356,2055356,5-22-2026,Claim Delay,Website,5-23-2026,Resolved,1
4006574,1055575,2055575,7-18-2026,Claim Delay,Website,7-28-2026,Resolved,10
4006590,1055720,2055720,02-03-25,Claim Delay,Website,2-15-2025,Resolved,12
4006638,1056047,2056047,08-03-26,Claim Delay,Website,8-14-2026,Resolved,11
4006736,1056841,2056841,01-09-25,Claim Delay,Website,02-07-25,Resolved,29
4006774,1057139,2057139,4-19-2026,Claim Delay,Website,05-10-26,Resolved,21
4006938,1058288,2058288,3-18-2025,Claim Delay,Website,3-24-2025,Resolved,6
4007063,1059365,2059365,11-01-25,Claim Delay,Website,11-24-2025,Resolved,23
4007171,1060203,2060203,08-10-24,Claim Delay,Website,8-31-2024,Resolved,21
4007176,1060262,2060262,6-17-2025,Claim Delay,Website,07-04-25,Resolved,17
4007214,1060514,2060514,5-14-2026,Claim Delay,Website,6-13-2026,Resolved,30
4007319,1061325,2061325,12-18-2024,Claim Delay,Website,01-07-25,Resolved,20
4007338,1061533,2061533,12-20-2025,Claim Delay,Website,01-03-26,Resolved,14
4007393,1061950,2061950,7-13-2024,Claim Delay,Website,08-05-24,Resolved,23
4007431,1062255,2062255,01-01-26,Claim Delay,Website,1-15-2026,Resolved,14
4007437,1062280,2062280,3-13-2026,Claim Delay,Website,3-26-2026,Resolved,13
4007460,1062419,2062419,4-27-2025,Claim Delay,Website,5-24-2025,Resolved,27
4007498,1062850,2062850,10-16-2025,Claim Delay,Website,10-28-2025,Resolved,12
4007509,1062952,2062952,5-17-2026,Claim Delay,Website,06-09-26,Resolved,23
4007571,1063531,2063531,07-03-25,Claim Delay,Website,7-31-2025,Resolved,28
4007575,1063560,2063560,10-25-2024,Claim Delay,Website,11-21-2024,Resolved,27
4007600,1063732,2063732,10-10-24,Claim Delay,Website,10-27-2024,Resolved,17
4007615,1063825,2063825,11-04-24,Claim Delay,Website,11-19-2024,Resolved,15
4007711,1064612,2064612,5-17-2024,Claim Delay,Website,5-19-2024,Resolved,2
4007788,1065231,2065231,7-25-2024,Claim Delay,Website,8-21-2024,Resolved,27
4007885,1066026,2066026,12-31-2024,Claim Delay,Website,1-13-2025,Resolved,13
4007889,1066067,2066067,07-02-25,Claim Delay,Website,7-17-2025,Resolved,15
4007911,1066254,2066254,10-28-2024,Claim Delay,Website,11-04-24,Resolved,7
4007937,1066429,2066429,10-21-2025,Claim Delay,Website,11-01-25,Resolved,11
4007996,1066924,2066924,2-24-2025,Claim Delay,Website,03-02-25,Resolved,6
4008052,1067347,2067347,02-07-26,Claim Delay,Website,02-09-26,Resolved,2
4008066,1067440,2067440,3-20-2026,Claim Delay,Website,04-03-26,Resolved,14
4008206,1068709,2068709,2-13-2026,Claim Delay,Website,2-19-2026,Resolved,6
4008247,1069064,2069064,01-06-26,Claim Delay,Website,1-19-2026,Resolved,13
4008288,1069342,2069342,12-08-25,Claim Delay,Website,12-23-2025,Resolved,15
4008319,1069646,2069646,02-09-26,Claim Delay,Website,2-24-2026,Resolved,15
4008322,1069661,2069661,6-18-2025,Claim Delay,Website,6-23-2025,Resolved,5
4008413,1070490,2070490,02-04-25,Claim Delay,Website,03-06-25,Resolved,30
4008421,1070570,2070570,02-01-25,Claim Delay,Website,2-23-2025,Resolved,22
4008467,1070989,2070989,1-13-2025,Claim Delay,Website,1-15-2025,Resolved,2
4008470,1071011,2071011,05-01-24,Claim Delay,Website,05-03-24,Resolved,2
4008509,1071337,2071337,12-25-2025,Claim Delay,Website,1-24-2026,Resolved,30
4008541,1071649,2071649,04-05-25,Claim Delay,Website,4-22-2025,Resolved,17
4008574,1072023,2072023,11-25-2025,Claim Delay,Website,12-20-2025,Resolved,25
4008688,1073002,2073002,11-18-2024,Claim Delay,Website,11-28-2024,Resolved,10
4008899,1074807,2074807,1-15-2026,Claim Delay,Website,1-16-2026,Resolved,1
4008900,1074810,2074810,09-01-26,Claim Delay,Website,9-26-2026,Resolved,25
4009021,1075749,2075749,5-16-2026,Claim Delay,Website,5-24-2026,Resolved,8
4009028,1075781,2075781,4-18-2025,Claim Delay,Website,05-10-25,Resolved,22
4009151,1076676,2076676,04-02-25,Claim Delay,Website,4-15-2025,Resolved,13
4009226,1077308,2077308,9-18-2026,Claim Delay,Website,10-10-26,Resolved,22
4009235,1077397,2077397,12-03-24,Claim Delay,Website,12-15-2024,Resolved,12
4009390,1078834,2078834,7-26-2025,Claim Delay,Website,7-31-2025,Resolved,5
4009467,1079435,2079435,04-06-25,Claim Delay,Website,4-27-2025,Resolved,21
4009532,1079987,2079987,09-09-25,Claim Delay,Website,9-25-2025,Resolved,16
4009591,1080406,2080406,12-09-25,Claim Delay,Website,12-29-2025,Resolved,20
4009637,1080750,2080750,01-01-26,Claim Delay,Website,1-18-2026,Resolved,17
4009671,1081004,2081004,6-14-2026,Claim Delay,Website,6-21-2026,Resolved,7
4009685,1081107,2081107,05-10-25,Claim Delay,Website,5-20-2025,Resolved,10
4009687,1081116,2081116,08-11-25,Claim Delay,Website,09-09-25,Resolved,29
4009690,1081124,2081124,8-29-2024,Claim Delay,Website,09-05-24,Resolved,7
4009714,1081317,2081317,7-30-2025,Claim Delay,Website,8-14-2025,Resolved,15
4009717,1081333,2081333,10-19-2025,Claim Delay,Website,10-25-2025,Resolved,6
4009787,1081849,2081849,03-05-26,Claim Delay,Website,3-17-2026,Resolved,12
4009817,1082116,2082116,7-29-2024,Claim Delay,Website,8-23-2024,Resolved,25
4009930,1083060,2083060,4-22-2025,Claim Delay,Website,4-26-2025,Resolved,4
4009943,1083173,2083173,12-03-25,Claim Delay,Website,12-06-25,Resolved,3
4009954,1083272,2083272,1-20-2025,Claim Delay,Website,2-17-2025,Resolved,28
4009963,1083347,2083347,11-11-24,Claim Delay,Website,11-19-2024,Resolved,8
4009967,1083398,2083398,02-08-25,Claim Delay,Website,2-13-2025,Resolved,5
4010012,1083770,2083770,12-07-26,Claim Delay,Website,01-06-27,Resolved,30
4010029,1083879,2083879,9-16-2025,Claim Delay,Website,10-13-2025,Resolved,27
4010080,1084302,2084302,11-04-24,Claim Delay,Website,11-09-24,Resolved,5
4010137,1084823,2084823,01-07-26,Claim Delay,Website,01-08-26,Resolved,1
4010172,1085125,2085125,08-07-26,Claim Delay,Website,09-06-26,Resolved,30
4010202,1085369,2085369,10-05-25,Claim Delay,Website,11-04-25,Resolved,30
4010226,1085579,2085579,04-11-25,Claim Delay,Website,4-20-2025,Resolved,9
4010239,1085743,2085743,3-25-2025,Claim Delay,Website,04-11-25,Resolved,17
4010358,1086833,2086833,12-22-2025,Claim Delay,Website,1-17-2026,Resolved,26
4010359,1086837,2086837,04-03-25,Claim Delay,Website,4-28-2025,Resolved,25
4010433,1087474,2087474,11-13-2024,Claim Delay,Website,11-19-2024,Resolved,6
4010436,1087502,2087502,2-26-2025,Claim Delay,Website,03-01-25,Resolved,3
4010552,1088363,2088363,12-09-24,Claim Delay,Website,12-17-2024,Resolved,8
4010633,1088876,2088876,11-25-2024,Claim Delay,Website,12-18-2024,Resolved,23
4010638,1088896,2088896,10-15-2025,Claim Delay,Website,10-22-2025,Resolved,7
4010640,1088912,2088912,2-26-2025,Claim Delay,Website,3-21-2025,Resolved,23
4010650,1088999,2088999,05-12-26,Claim Delay,Website,06-04-26,Resolved,23
4010692,1089444,2089444,08-02-24,Claim Delay,Website,8-19-2024,Resolved,17
4010997,1092006,2092006,11-10-25,Claim Delay,Website,11-24-2025,Resolved,14
4011036,1092288,2092288,7-13-2026,Claim Delay,Website,08-09-26,Resolved,27
4011186,1093502,2093502,7-27-2024,Claim Delay,Website,08-07-24,Resolved,11
4011212,1093728,2093728,09-07-25,Claim Delay,Website,09-10-25,Resolved,3
4011311,1094564,2094564,3-22-2025,Claim Delay,Website,3-26-2025,Resolved,4
4011353,1094902,2094902,02-09-26,Claim Delay,Website,2-18-2026,Resolved,9
4011356,1094925,2094925,7-25-2025,Claim Delay,Website,08-06-25,Resolved,12
4011420,1095573,2095573,11-04-24,Claim Delay,Website,11-11-24,Resolved,7
4011429,1095672,2095672,8-16-2025,Claim Delay,Website,9-13-2025,Resolved,28
4011446,1095806,2095806,2-25-2025,Claim Delay,Website,03-09-25,Resolved,12
4011485,1096169,2096169,7-18-2024,Claim Delay,Website,7-19-2024,Resolved,1
4011597,1097210,2097210,6-30-2026,Claim Delay,Website,7-25-2026,Resolved,25
4011726,1098254,2098254,04-04-26,Claim Delay,Website,4-17-2026,Resolved,13
4011796,1098780,2098780,4-30-2026,Claim Delay,Website,05-05-26,Resolved,5
4011840,1099140,2099140,06-12-24,Claim Delay,Website,6-22-2024,Resolved,10
4011883,1099450,2099450,11-19-2025,Claim Delay,Website,12-12-25,Resolved,23
4011886,1099457,2099457,11-21-2025,Claim Delay,Website,12-10-25,Resolved,19
4011900,1099565,2099565,4-17-2024,Claim Delay,Website,5-13-2024,Resolved,26
4011940,1099890,2099890,07-06-25,Claim Delay,Website,7-13-2025,Resolved,7
4011941,1099895,2099895,11-07-25,Claim Delay,Website,11-13-2025,Resolved,6
4000016,1000158,2000158,12-14-2025,Agent Behaviour,Website,1-13-2026,Resolved,30
4000125,1001135,2001135,12-21-2024,Agent Behaviour,Website,1-16-2025,Resolved,26
4000191,1001759,2001759,1-20-2026,Agent Behaviour,Website,1-23-2026,Resolved,3
4000198,1001812,2001812,03-08-25,Agent Behaviour,Website,3-17-2025,Resolved,9
4000285,1002625,2002625,5-21-2025,Agent Behaviour,Website,6-20-2025,Resolved,30
4000335,1002996,2002996,4-24-2026,Agent Behaviour,Website,05-03-26,Resolved,9
4000388,1003469,2003469,2-22-2025,Agent Behaviour,Website,03-02-25,Resolved,8
4000439,1003925,2003925,02-06-25,Agent Behaviour,Website,03-05-25,Resolved,27
4000530,1004670,2004670,4-19-2024,Agent Behaviour,Website,5-13-2024,Resolved,24
4000538,1004727,2004727,4-27-2025,Agent Behaviour,Website,5-21-2025,Resolved,24
4000569,1005009,2005009,11-30-2024,Agent Behaviour,Website,12-01-24,Resolved,1
4000601,1005288,2005288,5-15-2026,Agent Behaviour,Website,06-04-26,Resolved,20
4000661,1005767,2005767,8-27-2025,Agent Behaviour,Website,9-21-2025,Resolved,25
4000730,1006312,2006312,3-17-2025,Agent Behaviour,Website,04-04-25,Resolved,18
4000754,1006599,2006599,9-26-2025,Agent Behaviour,Website,10-14-2025,Resolved,18
4000816,1007158,2007158,01-06-25,Agent Behaviour,Website,02-04-25,Resolved,29
4000897,1007815,2007815,9-13-2025,Agent Behaviour,Website,9-29-2025,Resolved,16
4001111,1009428,2009428,9-14-2025,Agent Behaviour,Website,9-28-2025,Resolved,14
4001174,1009953,2009953,01-12-25,Agent Behaviour,Website,02-10-25,Resolved,29
4001309,1011180,2011180,01-08-25,Agent Behaviour,Website,1-22-2025,Resolved,14
4001312,1011201,2011201,02-02-26,Agent Behaviour,Website,2-14-2026,Resolved,12
4001365,1011643,2011643,9-18-2025,Agent Behaviour,Website,9-23-2025,Resolved,5
4001392,1011857,2011857,09-08-24,Agent Behaviour,Website,9-27-2024,Resolved,19
4001439,1012329,2012329,12-26-2025,Agent Behaviour,Website,12-30-2025,Resolved,4
4001500,1012734,2012734,3-31-2026,Agent Behaviour,Website,04-01-26,Resolved,1
4001553,1013254,2013254,7-16-2026,Agent Behaviour,Website,7-21-2026,Resolved,5
4001557,1013285,2013285,01-03-26,Agent Behaviour,Website,1-15-2026,Resolved,12
4001663,1014062,2014062,8-16-2026,Agent Behaviour,Website,8-18-2026,Resolved,2
4001680,1014236,2014236,8-24-2024,Agent Behaviour,Website,09-08-24,Resolved,15
4001727,1014657,2014657,3-23-2026,Agent Behaviour,Website,4-22-2026,Resolved,30
4001751,1014851,2014851,3-15-2025,Agent Behaviour,Website,3-20-2025,Resolved,5
4001862,1015825,2015825,02-03-26,Agent Behaviour,Website,02-04-26,Resolved,1
4001877,1015984,2015984,12-05-24,Agent Behaviour,Website,12-21-2024,Resolved,16
4001908,1016226,2016226,7-23-2025,Agent Behaviour,Website,8-18-2025,Resolved,26
4002089,1017667,2017667,04-11-25,Agent Behaviour,Website,4-20-2025,Resolved,9
4002181,1018485,2018485,07-02-26,Agent Behaviour,Website,07-07-26,Resolved,5
4002221,1018891,2018891,9-28-2026,Agent Behaviour,Website,10-22-2026,Resolved,24
4002230,1018984,2018984,12-10-24,Agent Behaviour,Website,01-05-25,Resolved,26
4002287,1019514,2019514,07-06-24,Agent Behaviour,Website,7-14-2024,Resolved,8
4002336,1019933,2019933,12-22-2025,Agent Behaviour,Website,01-03-26,Resolved,12
4002403,1020380,2020380,11-23-2024,Agent Behaviour,Website,12-16-2024,Resolved,23
4002420,1020474,2020474,03-05-26,Agent Behaviour,Website,04-03-26,Resolved,29
4002469,1020883,2020883,8-22-2024,Agent Behaviour,Website,09-01-24,Resolved,10
4002495,1021098,2021098,12-26-2024,Agent Behaviour,Website,1-16-2025,Resolved,21
4002636,1022373,2022373,4-15-2025,Agent Behaviour,Website,4-22-2025,Resolved,7
4002680,1022762,2022762,4-25-2026,Agent Behaviour,Website,05-04-26,Resolved,9
4002710,1022921,2022921,03-04-25,Agent Behaviour,Website,3-16-2025,Resolved,12
4002780,1023530,2023530,05-10-26,Agent Behaviour,Website,05-12-26,Resolved,2
4002784,1023556,2023556,7-31-2025,Agent Behaviour,Website,8-20-2025,Resolved,20
4002914,1024536,2024536,06-07-25,Agent Behaviour,Website,6-17-2025,Resolved,10
4003035,1025511,2025511,7-17-2025,Agent Behaviour,Website,08-09-25,Resolved,23
4003190,1026876,2026876,02-07-25,Agent Behaviour,Website,03-06-25,Resolved,27
4003287,1027653,2027653,8-25-2024,Agent Behaviour,Website,9-21-2024,Resolved,27
4003309,1027844,2027844,05-08-25,Agent Behaviour,Website,5-16-2025,Resolved,8
4003438,1028949,2028949,11-21-2025,Agent Behaviour,Website,12-13-2025,Resolved,22
4003443,1028975,2028975,06-08-24,Agent Behaviour,Website,6-18-2024,Resolved,10
4003476,1029276,2029276,02-08-25,Agent Behaviour,Website,2-23-2025,Resolved,15
4003483,1029388,2029388,11-04-24,Agent Behaviour,Website,11-24-2024,Resolved,20
4003513,1029716,2029716,1-29-2025,Agent Behaviour,Website,02-08-25,Resolved,10
4003553,1030096,2030096,03-10-25,Agent Behaviour,Website,04-08-25,Resolved,29
4003606,1030530,2030530,5-15-2024,Agent Behaviour,Website,5-23-2024,Resolved,8
4003610,1030588,2030588,06-01-26,Agent Behaviour,Website,06-05-26,Resolved,4
4003628,1030804,2030804,12-05-24,Agent Behaviour,Website,12-21-2024,Resolved,16
4003653,1031084,2031084,9-20-2025,Agent Behaviour,Website,10-09-25,Resolved,19
4003671,1031190,2031190,5-26-2026,Agent Behaviour,Website,6-21-2026,Resolved,26
4003676,1031237,2031237,5-31-2025,Agent Behaviour,Website,6-28-2025,Resolved,28
4003705,1031448,2031448,06-08-25,Agent Behaviour,Website,07-04-25,Resolved,26
4003745,1031765,2031765,05-09-25,Agent Behaviour,Website,5-25-2025,Resolved,16
4003748,1031770,2031770,8-19-2026,Agent Behaviour,Website,09-06-26,Resolved,18
4003768,1032000,2032000,04-05-26,Agent Behaviour,Website,04-11-26,Resolved,6
4003790,1032170,2032170,9-29-2026,Agent Behaviour,Website,10-28-2026,Resolved,29
4003800,1032282,2032282,5-24-2024,Agent Behaviour,Website,06-05-24,Resolved,12
4003806,1032348,2032348,9-19-2026,Agent Behaviour,Website,10-04-26,Resolved,15
4003859,1032804,2032804,12-25-2024,Agent Behaviour,Website,1-19-2025,Resolved,25
4003953,1033524,2033524,09-12-25,Agent Behaviour,Website,9-18-2025,Resolved,6
4004026,1034118,2034118,2-19-2025,Agent Behaviour,Website,03-09-25,Resolved,18
4004079,1034471,2034471,9-21-2024,Agent Behaviour,Website,10-15-2024,Resolved,24
4004113,1034816,2034816,10-03-25,Agent Behaviour,Website,10-21-2025,Resolved,18
4004227,1035788,2035788,11-20-2024,Agent Behaviour,Website,12-02-24,Resolved,12
4004314,1036512,2036512,6-30-2026,Agent Behaviour,Website,7-20-2026,Resolved,20
4004353,1036793,2036793,6-18-2025,Agent Behaviour,Website,6-23-2025,Resolved,5
4004356,1036810,2036810,4-24-2026,Agent Behaviour,Website,4-25-2026,Resolved,1
4004450,1037547,2037547,10-19-2025,Agent Behaviour,Website,11-12-25,Resolved,24
4004474,1037722,2037722,11-01-25,Agent Behaviour,Website,11-29-2025,Resolved,28
4004522,1038084,2038084,05-12-25,Agent Behaviour,Website,06-09-25,Resolved,28
4004558,1038310,2038310,6-23-2025,Agent Behaviour,Website,6-25-2025,Resolved,2
4004585,1038478,2038478,1-24-2025,Agent Behaviour,Website,2-23-2025,Resolved,30
4004633,1038866,2038866,6-30-2025,Agent Behaviour,Website,7-13-2025,Resolved,13
4004660,1039105,2039105,10-01-25,Agent Behaviour,Website,10-13-2025,Resolved,12
4004807,1040309,2040309,8-13-2025,Agent Behaviour,Website,8-31-2025,Resolved,18
4004888,1041026,2041026,05-03-25,Agent Behaviour,Website,5-14-2025,Resolved,11
4005027,1042287,2042287,01-07-26,Agent Behaviour,Website,01-09-26,Resolved,2
4005097,1042882,2042882,4-22-2025,Agent Behaviour,Website,4-29-2025,Resolved,7
4005098,1042886,2042886,04-11-25,Agent Behaviour,Website,4-29-2025,Resolved,18
4005122,1043074,2043074,6-29-2025,Agent Behaviour,Website,7-22-2025,Resolved,23
4005128,1043107,2043107,05-02-26,Agent Behaviour,Website,5-30-2026,Resolved,28
4005132,1043135,2043135,4-16-2025,Agent Behaviour,Website,4-20-2025,Resolved,4
4005159,1043365,2043365,2-15-2026,Agent Behaviour,Website,2-18-2026,Resolved,3
4005191,1043645,2043645,6-24-2025,Agent Behaviour,Website,7-22-2025,Resolved,28
4005227,1043991,2043991,3-15-2024,Agent Behaviour,Website,3-16-2024,Resolved,1
4005385,1045352,2045352,1-22-2025,Agent Behaviour,Website,02-07-25,Resolved,16
4005456,1045906,2045906,02-08-25,Agent Behaviour,Website,2-15-2025,Resolved,7
4005504,1046307,2046307,11-05-24,Agent Behaviour,Website,11-07-24,Resolved,2
4005559,1046790,2046790,5-24-2024,Agent Behaviour,Website,06-04-24,Resolved,11
4005633,1047521,2047521,05-08-26,Agent Behaviour,Website,06-05-26,Resolved,28
4005719,1048291,2048291,11-03-24,Agent Behaviour,Website,11-07-24,Resolved,4
4005741,1048443,2048443,01-07-26,Agent Behaviour,Website,1-22-2026,Resolved,15
4005828,1049210,2049210,4-28-2025,Agent Behaviour,Website,5-25-2025,Resolved,27
4005860,1049489,2049489,08-11-24,Agent Behaviour,Website,09-01-24,Resolved,21
4005902,1049768,2049768,8-30-2026,Agent Behaviour,Website,9-17-2026,Resolved,18
4005942,1050118,2050118,4-19-2024,Agent Behaviour,Website,05-11-24,Resolved,22
4006014,1050683,2050683,02-04-26,Agent Behaviour,Website,02-07-26,Resolved,3
4006036,1050960,2050960,4-20-2026,Agent Behaviour,Website,4-30-2026,Resolved,10
4006104,1051624,2051624,05-05-26,Agent Behaviour,Website,5-15-2026,Resolved,10
4006127,1051881,2051881,12-16-2025,Agent Behaviour,Website,1-14-2026,Resolved,29
4006132,1051938,2051938,5-31-2024,Agent Behaviour,Website,06-02-24,Resolved,2
4006265,1053103,2053103,09-12-24,Agent Behaviour,Website,9-19-2024,Resolved,7
4006411,1054261,2054261,03-09-26,Agent Behaviour,Website,3-13-2026,Resolved,4
4006478,1054793,2054793,1-29-2025,Agent Behaviour,Website,02-10-25,Resolved,12
4006566,1055501,2055501,7-18-2025,Agent Behaviour,Website,08-10-25,Resolved,23
4006621,1055921,2055921,08-10-26,Agent Behaviour,Website,8-13-2026,Resolved,3
4006626,1055950,2055950,01-10-25,Agent Behaviour,Website,1-13-2025,Resolved,3
4006708,1056625,2056625,10-27-2024,Agent Behaviour,Website,11-26-2024,Resolved,30
4006731,1056823,2056823,7-27-2025,Agent Behaviour,Website,08-01-25,Resolved,5
4006755,1056966,2056966,11-14-2025,Agent Behaviour,Website,11-26-2025,Resolved,12
4006769,1057100,2057100,8-26-2024,Agent Behaviour,Website,9-24-2024,Resolved,29
4006806,1057352,2057352,02-10-25,Agent Behaviour,Website,2-14-2025,Resolved,4
4006807,1057371,2057371,5-26-2025,Agent Behaviour,Website,5-31-2025,Resolved,5
4006817,1057464,2057464,4-21-2024,Agent Behaviour,Website,5-18-2024,Resolved,27
4006973,1058628,2058628,4-21-2024,Agent Behaviour,Website,05-10-24,Resolved,19
4007049,1059276,2059276,6-29-2025,Agent Behaviour,Website,07-05-25,Resolved,6
4007059,1059333,2059333,6-21-2026,Agent Behaviour,Website,7-15-2026,Resolved,24
4007066,1059380,2059380,6-23-2024,Agent Behaviour,Website,7-13-2024,Resolved,20
4007092,1059619,2059619,1-23-2025,Agent Behaviour,Website,02-07-25,Resolved,15
4007291,1061113,2061113,12-15-2024,Agent Behaviour,Website,12-30-2024,Resolved,15
4007300,1061159,2061159,4-13-2024,Agent Behaviour,Website,05-03-24,Resolved,20
4007318,1061316,2061316,09-11-25,Agent Behaviour,Website,10-06-25,Resolved,25
4007346,1061581,2061581,11-26-2025,Agent Behaviour,Website,12-12-25,Resolved,16
4007377,1061817,2061817,4-14-2025,Agent Behaviour,Website,4-21-2025,Resolved,7
4007383,1061848,2061848,5-22-2025,Agent Behaviour,Website,06-12-25,Resolved,21
4007397,1061970,2061970,2-28-2026,Agent Behaviour,Website,3-24-2026,Resolved,24
4007422,1062156,2062156,11-11-25,Agent Behaviour,Website,12-07-25,Resolved,26
4007504,1062886,2062886,1-16-2026,Agent Behaviour,Website,02-08-26,Resolved,23
4007540,1063272,2063272,10-04-24,Agent Behaviour,Website,10-15-2024,Resolved,11
4007565,1063514,2063514,01-02-25,Agent Behaviour,Website,1-29-2025,Resolved,27
4007639,1064018,2064018,3-15-2026,Agent Behaviour,Website,04-11-26,Resolved,27
4007664,1064243,2064243,2-25-2026,Agent Behaviour,Website,3-19-2026,Resolved,22
4007667,1064256,2064256,11-29-2024,Agent Behaviour,Website,12-12-24,Resolved,13
4007676,1064347,2064347,7-14-2025,Agent Behaviour,Website,7-18-2025,Resolved,4
4007712,1064620,2064620,11-26-2024,Agent Behaviour,Website,12-19-2024,Resolved,23
4007777,1065135,2065135,02-02-24,Agent Behaviour,Website,2-16-2024,Resolved,14
4007843,1065676,2065676,11-22-2024,Agent Behaviour,Website,11-30-2024,Resolved,8
4007854,1065797,2065797,06-08-24,Agent Behaviour,Website,6-21-2024,Resolved,13
4007896,1066126,2066126,4-16-2026,Agent Behaviour,Website,05-08-26,Resolved,22
4008260,1069174,2069174,5-17-2024,Agent Behaviour,Website,5-29-2024,Resolved,12
4008308,1069541,2069541,7-15-2026,Agent Behaviour,Website,7-17-2026,Resolved,2
4008465,1070946,2070946,04-08-25,Agent Behaviour,Website,4-28-2025,Resolved,20
4008490,1071159,2071159,9-17-2025,Agent Behaviour,Website,9-25-2025,Resolved,8
4008491,1071167,2071167,08-05-25,Agent Behaviour,Website,8-21-2025,Resolved,16
4008507,1071315,2071315,2-16-2026,Agent Behaviour,Website,2-28-2026,Resolved,12
4008560,1071905,2071905,04-07-26,Agent Behaviour,Website,4-19-2026,Resolved,12
4008678,1072869,2072869,4-27-2026,Agent Behaviour,Website,4-29-2026,Resolved,2
4008752,1073479,2073479,12-22-2025,Agent Behaviour,Website,12-27-2025,Resolved,5
4008819,1074036,2074036,6-24-2025,Agent Behaviour,Website,7-23-2025,Resolved,29
4008824,1074133,2074133,02-11-25,Agent Behaviour,Website,2-15-2025,Resolved,4
4008829,1074151,2074151,08-03-25,Agent Behaviour,Website,8-22-2025,Resolved,19
4008905,1074847,2074847,9-16-2026,Agent Behaviour,Website,10-04-26,Resolved,18
4008911,1074901,2074901,1-22-2025,Agent Behaviour,Website,1-27-2025,Resolved,5
4008970,1075363,2075363,12-21-2024,Agent Behaviour,Website,01-07-25,Resolved,17
4009087,1076210,2076210,01-07-25,Agent Behaviour,Website,01-11-25,Resolved,4
4009178,1076920,2076920,02-02-25,Agent Behaviour,Website,02-06-25,Resolved,4
4009197,1077039,2077039,03-09-25,Agent Behaviour,Website,3-27-2025,Resolved,18
4009199,1077050,2077050,7-14-2025,Agent Behaviour,Website,7-15-2025,Resolved,1
4009213,1077180,2077180,11-13-2025,Agent Behaviour,Website,11-25-2025,Resolved,12
4009268,1077669,2077669,10-11-26,Agent Behaviour,Website,10-15-2026,Resolved,4
4009281,1077863,2077863,04-05-25,Agent Behaviour,Website,05-05-25,Resolved,30
4009295,1078021,2078021,5-13-2025,Agent Behaviour,Website,5-16-2025,Resolved,3
4009318,1078220,2078220,9-14-2025,Agent Behaviour,Website,9-25-2025,Resolved,11
4009325,1078275,2078275,10-19-2024,Agent Behaviour,Website,10-24-2024,Resolved,5
4009397,1078902,2078902,01-06-25,Agent Behaviour,Website,1-13-2025,Resolved,7
4009404,1078960,2078960,8-22-2025,Agent Behaviour,Website,09-11-25,Resolved,20
4009450,1079288,2079288,01-05-25,Agent Behaviour,Website,1-25-2025,Resolved,20
4009460,1079366,2079366,8-27-2025,Agent Behaviour,Website,09-05-25,Resolved,9
4009486,1079589,2079589,07-01-24,Agent Behaviour,Website,07-11-24,Resolved,10
4009640,1080775,2080775,3-22-2025,Agent Behaviour,Website,3-28-2025,Resolved,6
4009660,1080938,2080938,6-25-2025,Agent Behaviour,Website,7-15-2025,Resolved,20
4009704,1081263,2081263,12-17-2025,Agent Behaviour,Website,01-06-26,Resolved,20
4009747,1081549,2081549,8-27-2024,Agent Behaviour,Website,09-07-24,Resolved,11
4009764,1081703,2081703,11-13-2024,Agent Behaviour,Website,11-29-2024,Resolved,16
4009807,1082060,2082060,11-04-24,Agent Behaviour,Website,11-13-2024,Resolved,9
4009813,1082089,2082089,6-21-2026,Agent Behaviour,Website,07-12-26,Resolved,21
4009855,1082416,2082416,10-08-24,Agent Behaviour,Website,10-25-2024,Resolved,17
4009871,1082514,2082514,4-22-2025,Agent Behaviour,Website,05-09-25,Resolved,17
4009947,1083213,2083213,10-14-2025,Agent Behaviour,Website,10-20-2025,Resolved,6
4010078,1084297,2084297,3-21-2025,Agent Behaviour,Website,3-26-2025,Resolved,5
4010087,1084373,2084373,2-17-2025,Agent Behaviour,Website,3-18-2025,Resolved,29
4010092,1084453,2084453,1-26-2025,Agent Behaviour,Website,02-08-25,Resolved,13
4010127,1084708,2084708,11-13-2025,Agent Behaviour,Website,11-16-2025,Resolved,3
4010166,1085099,2085099,10-16-2025,Agent Behaviour,Website,10-28-2025,Resolved,12
4010227,1085592,2085592,6-21-2024,Agent Behaviour,Website,6-25-2024,Resolved,4
4010237,1085703,2085703,11-04-25,Agent Behaviour,Website,11-08-25,Resolved,4
4010260,1085928,2085928,9-13-2025,Agent Behaviour,Website,9-20-2025,Resolved,7
4010412,1087329,2087329,01-05-25,Agent Behaviour,Website,1-25-2025,Resolved,20
4010698,1089484,2089484,6-21-2026,Agent Behaviour,Website,07-04-26,Resolved,13
4010739,1089852,2089852,1-25-2025,Agent Behaviour,Website,2-16-2025,Resolved,22
4010765,1090063,2090063,01-08-25,Agent Behaviour,Website,1-17-2025,Resolved,9
4010845,1090731,2090731,7-28-2025,Agent Behaviour,Website,8-15-2025,Resolved,18
4010882,1090966,2090966,7-15-2026,Agent Behaviour,Website,7-22-2026,Resolved,7
4010910,1091276,2091276,10-12-25,Agent Behaviour,Website,11-07-25,Resolved,26
4010974,1091871,2091871,10-07-25,Agent Behaviour,Website,11-01-25,Resolved,25
4011063,1092435,2092435,12-15-2025,Agent Behaviour,Website,12-21-2025,Resolved,6
4011064,1092456,2092456,11-27-2025,Agent Behaviour,Website,12-07-25,Resolved,10
4011131,1093054,2093054,04-08-26,Agent Behaviour,Website,4-13-2026,Resolved,5
4011144,1093163,2093163,2-20-2026,Agent Behaviour,Website,3-17-2026,Resolved,25
4011255,1094043,2094043,01-07-25,Agent Behaviour,Website,1-13-2025,Resolved,6
4011270,1094148,2094148,03-03-25,Agent Behaviour,Website,3-26-2025,Resolved,23
4011272,1094171,2094171,9-19-2025,Agent Behaviour,Website,9-29-2025,Resolved,10
4011298,1094402,2094402,04-11-25,Agent Behaviour,Website,4-25-2025,Resolved,14
4011344,1094829,2094829,02-12-25,Agent Behaviour,Website,2-16-2025,Resolved,4
4011415,1095527,2095527,4-28-2025,Agent Behaviour,Website,5-22-2025,Resolved,24
4011421,1095580,2095580,01-06-26,Agent Behaviour,Website,02-03-26,Resolved,28
4011442,1095775,2095775,1-15-2025,Agent Behaviour,Website,02-04-25,Resolved,20
4011459,1095946,2095946,03-08-26,Agent Behaviour,Website,3-24-2026,Resolved,16
4011460,1095954,2095954,1-15-2026,Agent Behaviour,Website,02-07-26,Resolved,23
4011539,1096683,2096683,9-13-2026,Agent Behaviour,Website,10-09-26,Resolved,26
4011593,1097176,2097176,10-12-26,Agent Behaviour,Website,10-23-2026,Resolved,11
4011625,1097473,2097473,07-09-26,Agent Behaviour,Website,08-07-26,Resolved,29
4011754,1098513,2098513,11-20-2025,Agent Behaviour,Website,11-21-2025,Resolved,1
4011769,1098608,2098608,1-22-2026,Agent Behaviour,Website,02-03-26,Resolved,12
4011852,1099225,2099225,6-17-2025,Agent Behaviour,Website,07-12-25,Resolved,25
4011889,1099474,2099474,1-25-2025,Agent Behaviour,Website,2-22-2025,Resolved,28
4000128,1001161,2001161,06-11-25,Premium Issue,Website,6-13-2025,Resolved,2
4000245,1002316,2002316,05-08-25,Premium Issue,Website,05-12-25,Resolved,4
4000326,1002916,2002916,04-04-26,Premium Issue,Website,4-29-2026,Resolved,25
4000349,1003132,2003132,03-06-25,Premium Issue,Website,03-11-25,Resolved,5
4000454,1004050,2004050,8-14-2026,Premium Issue,Website,09-06-26,Resolved,23
4000609,1005340,2005340,9-17-2025,Premium Issue,Website,10-15-2025,Resolved,28
4000651,1005689,2005689,07-07-26,Premium Issue,Website,7-28-2026,Resolved,21
4000746,1006506,2006506,07-07-25,Premium Issue,Website,7-15-2025,Resolved,8
4000759,1006633,2006633,04-01-26,Premium Issue,Website,4-25-2026,Resolved,24
4000817,1007159,2007159,7-26-2025,Premium Issue,Website,08-01-25,Resolved,6
4000923,1008031,2008031,02-03-25,Premium Issue,Website,2-14-2025,Resolved,11
4000924,1008033,2008033,07-08-25,Premium Issue,Website,08-01-25,Resolved,24
4000932,1008071,2008071,8-16-2026,Premium Issue,Website,09-05-26,Resolved,20
4001059,1009028,2009028,1-31-2026,Premium Issue,Website,02-04-26,Resolved,4
4001084,1009254,2009254,09-01-24,Premium Issue,Website,9-25-2024,Resolved,24
4001107,1009410,2009410,03-09-26,Premium Issue,Website,04-01-26,Resolved,23
4001131,1009604,2009604,10-04-24,Premium Issue,Website,10-13-2024,Resolved,9
4001186,1010124,2010124,02-05-26,Premium Issue,Website,2-14-2026,Resolved,9
4001188,1010186,2010186,4-18-2025,Premium Issue,Website,05-04-25,Resolved,16
4001196,1010236,2010236,6-14-2025,Premium Issue,Website,6-27-2025,Resolved,13
4001231,1010506,2010506,06-04-26,Premium Issue,Website,6-19-2026,Resolved,15
4001428,1012205,2012205,11-21-2025,Premium Issue,Website,11-27-2025,Resolved,6
4001452,1012404,2012404,7-19-2026,Premium Issue,Website,7-20-2026,Resolved,1
4001462,1012480,2012480,01-09-26,Premium Issue,Website,1-23-2026,Resolved,14
4001516,1012916,2012916,3-26-2025,Premium Issue,Website,4-25-2025,Resolved,30
4001544,1013183,2013183,08-08-24,Premium Issue,Website,8-15-2024,Resolved,7
4001584,1013516,2013516,01-02-26,Premium Issue,Website,01-03-26,Resolved,1
4001604,1013636,2013636,05-12-25,Premium Issue,Website,06-04-25,Resolved,23
4001607,1013656,2013656,9-23-2025,Premium Issue,Website,10-01-25,Resolved,8
4001649,1013932,2013932,11-22-2024,Premium Issue,Website,12-19-2024,Resolved,27
4001675,1014163,2014163,08-08-25,Premium Issue,Website,8-30-2025,Resolved,22
4001720,1014572,2014572,07-12-26,Premium Issue,Website,08-11-26,Resolved,30
4001733,1014685,2014685,10-17-2024,Premium Issue,Website,11-02-24,Resolved,16
4001762,1014911,2014911,7-19-2024,Premium Issue,Website,08-04-24,Resolved,16
4001840,1015587,2015587,5-30-2025,Premium Issue,Website,6-27-2025,Resolved,28
4001864,1015863,2015863,10-19-2024,Premium Issue,Website,10-26-2024,Resolved,7
4002058,1017372,2017372,9-20-2024,Premium Issue,Website,10-13-2024,Resolved,23
4002114,1017882,2017882,07-07-25,Premium Issue,Website,7-31-2025,Resolved,24
4002167,1018359,2018359,2-13-2025,Premium Issue,Website,2-23-2025,Resolved,10
4002213,1018845,2018845,3-25-2025,Premium Issue,Website,3-27-2025,Resolved,2
4002246,1019169,2019169,6-16-2026,Premium Issue,Website,6-26-2026,Resolved,10
4002358,1020042,2020042,10-20-2024,Premium Issue,Website,11-01-24,Resolved,12
4002378,1020177,2020177,06-06-26,Premium Issue,Website,6-17-2026,Resolved,11
4002446,1020702,2020702,1-16-2026,Premium Issue,Website,02-08-26,Resolved,23
4002559,1021703,2021703,9-17-2026,Premium Issue,Website,9-28-2026,Resolved,11
4002568,1021753,2021753,8-13-2024,Premium Issue,Website,09-05-24,Resolved,23
4002601,1022069,2022069,11-23-2024,Premium Issue,Website,12-03-24,Resolved,10
4002613,1022209,2022209,3-17-2026,Premium Issue,Website,04-09-26,Resolved,23
4002620,1022264,2022264,10-29-2025,Premium Issue,Website,11-03-25,Resolved,5
4002728,1023088,2023088,12-13-2025,Premium Issue,Website,01-09-26,Resolved,27
4002808,1023682,2023682,11-06-25,Premium Issue,Website,11-15-2025,Resolved,9
4002956,1024921,2024921,12-28-2025,Premium Issue,Website,01-04-26,Resolved,7
4002975,1025099,2025099,09-03-24,Premium Issue,Website,09-06-24,Resolved,3
4003025,1025429,2025429,4-25-2025,Premium Issue,Website,5-24-2025,Resolved,29
4003135,1026329,2026329,3-20-2026,Premium Issue,Website,04-01-26,Resolved,12
4003234,1027250,2027250,6-26-2026,Premium Issue,Website,7-17-2026,Resolved,21
4003259,1027447,2027447,11-11-24,Premium Issue,Website,11-12-24,Resolved,1
4003261,1027464,2027464,3-17-2025,Premium Issue,Website,3-30-2025,Resolved,13
4003351,1028175,2028175,10-11-24,Premium Issue,Website,10-22-2024,Resolved,11
4003366,1028306,2028306,1-30-2026,Premium Issue,Website,2-27-2026,Resolved,28
4003455,1029086,2029086,10-08-25,Premium Issue,Website,11-03-25,Resolved,26
4003481,1029355,2029355,07-10-25,Premium Issue,Website,7-16-2025,Resolved,6
4003493,1029498,2029498,9-28-2025,Premium Issue,Website,10-04-25,Resolved,6
4003630,1030817,2030817,11-22-2025,Premium Issue,Website,12-22-2025,Resolved,30
4003681,1031267,2031267,1-22-2026,Premium Issue,Website,1-27-2026,Resolved,5
4003707,1031463,2031463,8-18-2026,Premium Issue,Website,09-10-26,Resolved,23
4003717,1031562,2031562,02-05-25,Premium Issue,Website,2-26-2025,Resolved,21
4003749,1031776,2031776,09-06-24,Premium Issue,Website,10-02-24,Resolved,26
4003755,1031874,2031874,1-19-2025,Premium Issue,Website,2-14-2025,Resolved,26
4003798,1032259,2032259,9-20-2025,Premium Issue,Website,9-22-2025,Resolved,2
4003827,1032482,2032482,10-17-2025,Premium Issue,Website,10-25-2025,Resolved,8
4003918,1033302,2033302,9-20-2025,Premium Issue,Website,10-17-2025,Resolved,27
4003952,1033514,2033514,4-17-2026,Premium Issue,Website,05-05-26,Resolved,18
4003985,1033811,2033811,4-15-2025,Premium Issue,Website,5-15-2025,Resolved,30
4004109,1034767,2034767,1-23-2025,Premium Issue,Website,1-27-2025,Resolved,4
4004164,1035269,2035269,09-02-24,Premium Issue,Website,09-07-24,Resolved,5
4004237,1035863,2035863,3-23-2025,Premium Issue,Website,3-30-2025,Resolved,7
4004242,1035900,2035900,3-19-2026,Premium Issue,Website,04-02-26,Resolved,14
4004407,1037263,2037263,05-01-24,Premium Issue,Website,5-31-2024,Resolved,30
4004435,1037443,2037443,02-01-26,Premium Issue,Website,02-12-26,Resolved,11
4004460,1037618,2037618,10-08-25,Premium Issue,Website,10-11-25,Resolved,3
4004529,1038125,2038125,02-01-25,Premium Issue,Website,2-25-2025,Resolved,24
4004675,1039221,2039221,9-13-2025,Premium Issue,Website,9-28-2025,Resolved,15
4004730,1039677,2039677,2-17-2025,Premium Issue,Website,03-04-25,Resolved,15
4004843,1040676,2040676,1-26-2025,Premium Issue,Website,2-18-2025,Resolved,23
4004865,1040829,2040829,4-17-2026,Premium Issue,Website,05-09-26,Resolved,22
4004919,1041269,2041269,9-27-2024,Premium Issue,Website,9-29-2024,Resolved,2
4004931,1041410,2041410,08-03-26,Premium Issue,Website,08-11-26,Resolved,8
4004934,1041438,2041438,1-28-2026,Premium Issue,Website,2-27-2026,Resolved,30
4004957,1041660,2041660,5-25-2026,Premium Issue,Website,06-11-26,Resolved,17
4005020,1042236,2042236,6-29-2026,Premium Issue,Website,7-22-2026,Resolved,23
4005037,1042343,2042343,03-11-26,Premium Issue,Website,04-08-26,Resolved,28
4005042,1042378,2042378,6-18-2025,Premium Issue,Website,07-09-25,Resolved,21
4005073,1042654,2042654,05-03-24,Premium Issue,Website,5-25-2024,Resolved,22
4005075,1042661,2042661,2-22-2026,Premium Issue,Website,03-06-26,Resolved,12
4005119,1043047,2043047,01-07-25,Premium Issue,Website,02-01-25,Resolved,25
4005280,1044437,2044437,09-07-24,Premium Issue,Website,10-03-24,Resolved,26
4005281,1044442,2044442,05-04-26,Premium Issue,Website,5-14-2026,Resolved,10
4005285,1044480,2044480,11-25-2025,Premium Issue,Website,12-01-25,Resolved,6
4005296,1044587,2044587,11-08-24,Premium Issue,Website,11-16-2024,Resolved,8
4005310,1044709,2044709,4-26-2024,Premium Issue,Website,05-04-24,Resolved,8
4005313,1044727,2044727,11-13-2024,Premium Issue,Website,11-20-2024,Resolved,7
4005334,1044870,2044870,7-25-2025,Premium Issue,Website,08-07-25,Resolved,13
4005365,1045109,2045109,03-06-25,Premium Issue,Website,3-22-2025,Resolved,16
4005431,1045688,2045688,9-20-2025,Premium Issue,Website,10-11-25,Resolved,21
4005483,1046114,2046114,08-05-25,Premium Issue,Website,8-25-2025,Resolved,20
4005675,1047913,2047913,10-10-26,Premium Issue,Website,10-29-2026,Resolved,19
4005681,1047944,2047944,8-26-2025,Premium Issue,Website,9-21-2025,Resolved,26
4005692,1048065,2048065,7-27-2025,Premium Issue,Website,08-12-25,Resolved,16
4005715,1048264,2048264,4-26-2025,Premium Issue,Website,4-27-2025,Resolved,1
4005824,1049192,2049192,8-16-2026,Premium Issue,Website,8-22-2026,Resolved,6
4006034,1050955,2050955,8-15-2025,Premium Issue,Website,09-11-25,Resolved,27
4006046,1051058,2051058,9-22-2025,Premium Issue,Website,9-24-2025,Resolved,2
4006123,1051827,2051827,12-27-2024,Premium Issue,Website,01-02-25,Resolved,6
4006173,1052294,2052294,4-26-2025,Premium Issue,Website,5-22-2025,Resolved,26
4006198,1052499,2052499,5-23-2025,Premium Issue,Website,5-27-2025,Resolved,4
4006224,1052783,2052783,3-19-2026,Premium Issue,Website,04-06-26,Resolved,18
4006256,1053055,2053055,06-03-26,Premium Issue,Website,06-05-26,Resolved,2
4006266,1053106,2053106,9-27-2025,Premium Issue,Website,10-13-2025,Resolved,16
4006319,1053528,2053528,10-10-25,Premium Issue,Website,10-22-2025,Resolved,12
4006348,1053768,2053768,12-15-2024,Premium Issue,Website,1-13-2025,Resolved,29
4006408,1054220,2054220,02-02-26,Premium Issue,Website,02-07-26,Resolved,5
4006513,1055074,2055074,12-12-24,Premium Issue,Website,12-30-2024,Resolved,18
4006516,1055126,2055126,10-02-24,Premium Issue,Website,10-30-2024,Resolved,28
4006563,1055477,2055477,1-18-2026,Premium Issue,Website,2-13-2026,Resolved,26
4006594,1055761,2055761,09-05-26,Premium Issue,Website,9-26-2026,Resolved,21
4006668,1056317,2056317,10-02-24,Premium Issue,Website,10-26-2024,Resolved,24
4006710,1056640,2056640,3-21-2024,Premium Issue,Website,04-01-24,Resolved,11
4006757,1056975,2056975,07-04-25,Premium Issue,Website,7-14-2025,Resolved,10
4006780,1057161,2057161,05-01-25,Premium Issue,Website,5-23-2025,Resolved,22
4006849,1057634,2057634,8-19-2025,Premium Issue,Website,09-05-25,Resolved,17
4006893,1057977,2057977,6-15-2025,Premium Issue,Website,6-19-2025,Resolved,4
4006912,1058108,2058108,3-19-2026,Premium Issue,Website,04-06-26,Resolved,18
4006946,1058348,2058348,7-16-2025,Premium Issue,Website,08-12-25,Resolved,27
4007025,1059086,2059086,5-15-2025,Premium Issue,Website,5-25-2025,Resolved,10
4007155,1060041,2060041,8-31-2026,Premium Issue,Website,9-20-2026,Resolved,20
4007212,1060502,2060502,9-29-2026,Premium Issue,Website,10-10-26,Resolved,11
4007220,1060544,2060544,9-16-2024,Premium Issue,Website,9-19-2024,Resolved,3
4007348,1061591,2061591,01-04-26,Premium Issue,Website,1-30-2026,Resolved,26
4007375,1061783,2061783,07-09-26,Premium Issue,Website,7-16-2026,Resolved,7
4007526,1063134,2063134,6-22-2025,Premium Issue,Website,7-15-2025,Resolved,23
4007561,1063487,2063487,9-19-2025,Premium Issue,Website,10-14-2025,Resolved,25
4007569,1063525,2063525,3-15-2025,Premium Issue,Website,4-13-2025,Resolved,29
4007674,1064330,2064330,3-27-2026,Premium Issue,Website,3-28-2026,Resolved,1
4007679,1064365,2064365,06-11-25,Premium Issue,Website,6-26-2025,Resolved,15
4007917,1066279,2066279,12-27-2024,Premium Issue,Website,12-28-2024,Resolved,1
4007924,1066361,2066361,8-31-2026,Premium Issue,Website,9-13-2026,Resolved,13
4007926,1066369,2066369,8-28-2025,Premium Issue,Website,09-10-25,Resolved,13
4007961,1066619,2066619,4-30-2026,Premium Issue,Website,5-17-2026,Resolved,17
4008008,1067003,2067003,1-24-2025,Premium Issue,Website,02-12-25,Resolved,19
4008016,1067069,2067069,11-24-2024,Premium Issue,Website,12-19-2024,Resolved,25
4008102,1067828,2067828,5-30-2024,Premium Issue,Website,06-09-24,Resolved,10
4008134,1068104,2068104,06-07-26,Premium Issue,Website,07-04-26,Resolved,27
4008151,1068215,2068215,9-24-2025,Premium Issue,Website,10-03-25,Resolved,9
4008158,1068264,2068264,4-22-2026,Premium Issue,Website,5-18-2026,Resolved,26
4008159,1068275,2068275,9-16-2024,Premium Issue,Website,10-09-24,Resolved,23
4008241,1069026,2069026,5-13-2025,Premium Issue,Website,5-14-2025,Resolved,1
4008272,1069249,2069249,6-17-2025,Premium Issue,Website,07-06-25,Resolved,19
4008309,1069553,2069553,1-13-2026,Premium Issue,Website,02-05-26,Resolved,23
4008348,1069885,2069885,05-04-25,Premium Issue,Website,05-07-25,Resolved,3
4008369,1070046,2070046,8-13-2025,Premium Issue,Website,8-21-2025,Resolved,8
4008383,1070200,2070200,8-22-2024,Premium Issue,Website,9-17-2024,Resolved,26
4008480,1071089,2071089,10-31-2025,Premium Issue,Website,11-01-25,Resolved,1
4008511,1071379,2071379,7-18-2025,Premium Issue,Website,08-01-25,Resolved,14
4008640,1072555,2072555,9-26-2025,Premium Issue,Website,10-14-2025,Resolved,18
4008727,1073289,2073289,4-14-2026,Premium Issue,Website,4-22-2026,Resolved,8
4008791,1073809,2073809,10-15-2024,Premium Issue,Website,10-25-2024,Resolved,10
4008858,1074357,2074357,10-21-2024,Premium Issue,Website,11-17-2024,Resolved,27
4008872,1074486,2074486,06-02-25,Premium Issue,Website,6-25-2025,Resolved,23
4008950,1075240,2075240,8-20-2024,Premium Issue,Website,09-10-24,Resolved,21
4008979,1075423,2075423,08-01-24,Premium Issue,Website,8-15-2024,Resolved,14
4008992,1075542,2075542,12-13-2025,Premium Issue,Website,01-05-26,Resolved,23
4009259,1077578,2077578,04-11-25,Premium Issue,Website,4-20-2025,Resolved,9
4009278,1077843,2077843,9-20-2025,Premium Issue,Website,10-20-2025,Resolved,30
4009319,1078223,2078223,02-04-26,Premium Issue,Website,2-25-2026,Resolved,21
4009334,1078316,2078316,4-20-2025,Premium Issue,Website,05-11-25,Resolved,21
4009380,1078760,2078760,03-10-26,Premium Issue,Website,3-21-2026,Resolved,11
4009394,1078875,2078875,2-17-2026,Premium Issue,Website,03-03-26,Resolved,14
4009408,1079008,2079008,4-16-2026,Premium Issue,Website,05-12-26,Resolved,26
4009607,1080497,2080497,6-23-2025,Premium Issue,Website,6-24-2025,Resolved,1
4009668,1080983,2080983,12-12-24,Premium Issue,Website,12-27-2024,Resolved,15
4009692,1081134,2081134,08-04-25,Premium Issue,Website,8-14-2025,Resolved,10
4009712,1081305,2081305,3-13-2025,Premium Issue,Website,04-06-25,Resolved,24
4009728,1081421,2081421,10-25-2025,Premium Issue,Website,11-24-2025,Resolved,30
4009789,1081854,2081854,02-06-25,Premium Issue,Website,2-26-2025,Resolved,20
4009816,1082109,2082109,4-24-2024,Premium Issue,Website,05-06-24,Resolved,12
4009830,1082213,2082213,04-03-26,Premium Issue,Website,04-10-26,Resolved,7
4009948,1083231,2083231,5-24-2024,Premium Issue,Website,6-13-2024,Resolved,20
4010002,1083699,2083699,03-04-26,Premium Issue,Website,04-02-26,Resolved,29
4010033,1083933,2083933,04-06-25,Premium Issue,Website,4-17-2025,Resolved,11
4010049,1084043,2084043,5-17-2026,Premium Issue,Website,5-25-2026,Resolved,8
4010059,1084165,2084165,07-03-26,Premium Issue,Website,07-04-26,Resolved,1
4010148,1084951,2084951,7-28-2026,Premium Issue,Website,8-26-2026,Resolved,29
4010160,1085037,2085037,09-05-25,Premium Issue,Website,9-29-2025,Resolved,24
4010249,1085842,2085842,02-06-26,Premium Issue,Website,2-17-2026,Resolved,11
4010293,1086217,2086217,1-24-2026,Premium Issue,Website,02-07-26,Resolved,14
4010445,1087545,2087545,07-01-26,Premium Issue,Website,07-08-26,Resolved,7
4010462,1087666,2087666,01-11-25,Premium Issue,Website,1-29-2025,Resolved,18
4010497,1087941,2087941,9-25-2024,Premium Issue,Website,10-14-2024,Resolved,19
4010674,1089291,2089291,10-27-2025,Premium Issue,Website,11-09-25,Resolved,13
4010717,1089652,2089652,1-22-2025,Premium Issue,Website,02-02-25,Resolved,11
4010725,1089745,2089745,11-26-2024,Premium Issue,Website,12-03-24,Resolved,7
4010726,1089756,2089756,11-07-25,Premium Issue,Website,12-07-25,Resolved,30
4010749,1089922,2089922,07-05-24,Premium Issue,Website,07-11-24,Resolved,6
4010757,1090023,2090023,8-19-2024,Premium Issue,Website,09-11-24,Resolved,23
4010776,1090167,2090167,01-01-25,Premium Issue,Website,01-08-25,Resolved,7
4010842,1090711,2090711,05-08-25,Premium Issue,Website,06-05-25,Resolved,28
4010861,1090822,2090822,7-30-2024,Premium Issue,Website,7-31-2024,Resolved,1
4010880,1090954,2090954,08-01-25,Premium Issue,Website,8-29-2025,Resolved,28
4010886,1091005,2091005,10-02-25,Premium Issue,Website,10-10-25,Resolved,8
4010954,1091657,2091657,8-14-2025,Premium Issue,Website,09-09-25,Resolved,26
4010963,1091759,2091759,02-07-26,Premium Issue,Website,2-23-2026,Resolved,16
4010990,1091959,2091959,7-26-2026,Premium Issue,Website,8-13-2026,Resolved,18
4011087,1092645,2092645,07-05-26,Premium Issue,Website,7-22-2026,Resolved,17
4011148,1093197,2093197,12-14-2025,Premium Issue,Website,01-04-26,Resolved,21
4011165,1093335,2093335,07-06-26,Premium Issue,Website,7-17-2026,Resolved,11
4011208,1093714,2093714,7-20-2026,Premium Issue,Website,08-05-26,Resolved,16
4011375,1095136,2095136,6-24-2024,Premium Issue,Website,07-04-24,Resolved,10
4011546,1096771,2096771,09-08-24,Premium Issue,Website,9-16-2024,Resolved,8
4011554,1096830,2096830,8-25-2026,Premium Issue,Website,09-08-26,Resolved,14
4011595,1097181,2097181,6-20-2025,Premium Issue,Website,7-14-2025,Resolved,24
4011707,1098120,2098120,11-16-2025,Premium Issue,Website,12-07-25,Resolved,21
4011742,1098405,2098405,08-10-25,Premium Issue,Website,09-08-25,Resolved,29
4011771,1098627,2098627,11-17-2025,Premium Issue,Website,12-13-2025,Resolved,26
4011777,1098658,2098658,10-17-2025,Premium Issue,Website,11-01-25,Resolved,15
4011887,1099460,2099460,1-15-2026,Premium Issue,Website,2-14-2026,Resolved,30
4011908,1099669,2099669,12-13-2024,Premium Issue,Website,01-02-25,Resolved,20
4011946,1099929,2099929,12-01-25,Premium Issue,Website,12-13-2025,Resolved,12
4000052,1000459,2000459,12-14-2025,Agent Behaviour,Branch,01-07-26,Resolved,24
4000203,1001828,2001828,4-26-2024,Agent Behaviour,Branch,05-02-24,Resolved,6
4000287,1002638,2002638,10-15-2024,Agent Behaviour,Branch,10-25-2024,Resolved,10
4000290,1002672,2002672,10-08-25,Agent Behaviour,Branch,11-06-25,Resolved,29
4000293,1002715,2002715,05-02-25,Agent Behaviour,Branch,05-06-25,Resolved,4
4000311,1002847,2002847,3-13-2025,Agent Behaviour,Branch,04-02-25,Resolved,20
4000348,1003129,2003129,7-26-2025,Agent Behaviour,Branch,8-19-2025,Resolved,24
4000456,1004057,2004057,8-18-2025,Agent Behaviour,Branch,9-15-2025,Resolved,28
4000494,1004326,2004326,11-24-2025,Agent Behaviour,Branch,12-01-25,Resolved,7
4000554,1004852,2004852,10-07-26,Agent Behaviour,Branch,10-31-2026,Resolved,24
4000606,1005310,2005310,9-16-2024,Agent Behaviour,Branch,10-08-24,Resolved,22
4000620,1005464,2005464,12-01-24,Agent Behaviour,Branch,12-25-2024,Resolved,24
4000654,1005719,2005719,05-07-26,Agent Behaviour,Branch,06-05-26,Resolved,29
4000790,1006907,2006907,10-05-24,Agent Behaviour,Branch,10-22-2024,Resolved,17
4000794,1006973,2006973,10-16-2025,Agent Behaviour,Branch,11-11-25,Resolved,26
4000795,1006980,2006980,4-30-2025,Agent Behaviour,Branch,5-26-2025,Resolved,26
4000796,1006987,2006987,3-18-2024,Agent Behaviour,Branch,04-10-24,Resolved,23
4000847,1007430,2007430,06-02-26,Agent Behaviour,Branch,6-16-2026,Resolved,14
4000859,1007511,2007511,12-25-2024,Agent Behaviour,Branch,1-20-2025,Resolved,26
4000933,1008086,2008086,05-02-25,Agent Behaviour,Branch,5-31-2025,Resolved,29
4000945,1008160,2008160,12-18-2024,Agent Behaviour,Branch,12-22-2024,Resolved,4
4000950,1008208,2008208,8-31-2024,Agent Behaviour,Branch,9-15-2024,Resolved,15
4001058,1009026,2009026,03-07-26,Agent Behaviour,Branch,04-03-26,Resolved,27
4001072,1009176,2009176,3-30-2025,Agent Behaviour,Branch,4-19-2025,Resolved,20
4001105,1009384,2009384,05-01-25,Agent Behaviour,Branch,5-18-2025,Resolved,17
4001198,1010255,2010255,6-25-2025,Agent Behaviour,Branch,7-25-2025,Resolved,30
4001225,1010469,2010469,8-22-2025,Agent Behaviour,Branch,9-16-2025,Resolved,25
4001234,1010538,2010538,07-01-25,Agent Behaviour,Branch,07-03-25,Resolved,2
4001311,1011187,2011187,04-07-25,Agent Behaviour,Branch,05-03-25,Resolved,26
4001367,1011659,2011659,11-27-2025,Agent Behaviour,Branch,11-29-2025,Resolved,2
4001407,1011958,2011958,06-04-25,Agent Behaviour,Branch,6-18-2025,Resolved,14
4001412,1012045,2012045,10-13-2026,Agent Behaviour,Branch,11-08-26,Resolved,26
4001459,1012459,2012459,3-29-2025,Agent Behaviour,Branch,04-10-25,Resolved,12
4001481,1012613,2012613,04-10-25,Agent Behaviour,Branch,05-06-25,Resolved,26
4001497,1012708,2012708,07-06-25,Agent Behaviour,Branch,7-22-2025,Resolved,16
4001746,1014811,2014811,1-29-2025,Agent Behaviour,Branch,2-18-2025,Resolved,20
4001814,1015388,2015388,1-31-2026,Agent Behaviour,Branch,2-28-2026,Resolved,28
4001821,1015470,2015470,7-23-2026,Agent Behaviour,Branch,7-26-2026,Resolved,3
4001935,1016407,2016407,7-18-2024,Agent Behaviour,Branch,08-06-24,Resolved,19
4001944,1016470,2016470,8-22-2025,Agent Behaviour,Branch,8-27-2025,Resolved,5
4001961,1016577,2016577,10-29-2025,Agent Behaviour,Branch,11-04-25,Resolved,6
4002025,1017150,2017150,2-14-2025,Agent Behaviour,Branch,2-16-2025,Resolved,2
4002062,1017412,2017412,10-28-2024,Agent Behaviour,Branch,11-26-2024,Resolved,29
4002078,1017535,2017535,7-22-2024,Agent Behaviour,Branch,8-20-2024,Resolved,29
4002115,1017891,2017891,06-12-25,Agent Behaviour,Branch,07-09-25,Resolved,27
4002141,1018133,2018133,9-27-2025,Agent Behaviour,Branch,10-27-2025,Resolved,30
4002195,1018610,2018610,01-10-25,Agent Behaviour,Branch,1-30-2025,Resolved,20
4002206,1018739,2018739,01-08-25,Agent Behaviour,Branch,1-31-2025,Resolved,23
4002215,1018854,2018854,12-01-24,Agent Behaviour,Branch,12-29-2024,Resolved,28
4002245,1019149,2019149,5-25-2026,Agent Behaviour,Branch,6-23-2026,Resolved,29
4002333,1019908,2019908,9-19-2025,Agent Behaviour,Branch,10-03-25,Resolved,14
4002452,1020740,2020740,12-09-25,Agent Behaviour,Branch,12-20-2025,Resolved,11
4002453,1020741,2020741,10-01-25,Agent Behaviour,Branch,10-11-25,Resolved,10
4002501,1021164,2021164,11-12-25,Agent Behaviour,Branch,11-19-2025,Resolved,7
4002630,1022327,2022327,03-02-26,Agent Behaviour,Branch,3-24-2026,Resolved,22
4002646,1022450,2022450,04-06-24,Agent Behaviour,Branch,4-17-2024,Resolved,11
4002719,1022999,2022999,1-25-2025,Agent Behaviour,Branch,02-09-25,Resolved,15
4002732,1023130,2023130,12-04-24,Agent Behaviour,Branch,12-10-24,Resolved,6
4002764,1023366,2023366,12-17-2024,Agent Behaviour,Branch,12-23-2024,Resolved,6
4002802,1023656,2023656,9-27-2024,Agent Behaviour,Branch,10-05-24,Resolved,8
4002835,1023869,2023869,09-08-24,Agent Behaviour,Branch,10-06-24,Resolved,28
4002887,1024280,2024280,09-06-26,Agent Behaviour,Branch,09-09-26,Resolved,3
4003027,1025445,2025445,8-31-2026,Agent Behaviour,Branch,09-07-26,Resolved,7
4003097,1026016,2026016,08-09-25,Agent Behaviour,Branch,08-10-25,Resolved,1
4003280,1027623,2027623,09-01-26,Agent Behaviour,Branch,09-12-26,Resolved,11
4003326,1027974,2027974,03-09-24,Agent Behaviour,Branch,3-29-2024,Resolved,20
4003519,1029748,2029748,01-11-25,Agent Behaviour,Branch,1-28-2025,Resolved,17
4003531,1029895,2029895,09-05-24,Agent Behaviour,Branch,09-07-24,Resolved,2
4003570,1030263,2030263,12-14-2025,Agent Behaviour,Branch,12-20-2025,Resolved,6
4003625,1030781,2030781,10-06-24,Agent Behaviour,Branch,10-17-2024,Resolved,11
4003637,1030927,2030927,11-02-25,Agent Behaviour,Branch,11-06-25,Resolved,4
4003660,1031128,2031128,7-30-2025,Agent Behaviour,Branch,08-07-25,Resolved,8
4003735,1031714,2031714,10-27-2024,Agent Behaviour,Branch,11-15-2024,Resolved,19
4003764,1031951,2031951,1-23-2025,Agent Behaviour,Branch,2-20-2025,Resolved,28
4003901,1033192,2033192,10-14-2025,Agent Behaviour,Branch,11-03-25,Resolved,20
4003931,1033370,2033370,4-24-2026,Agent Behaviour,Branch,05-01-26,Resolved,7
4003965,1033587,2033587,11-29-2025,Agent Behaviour,Branch,12-10-25,Resolved,11
4004007,1033970,2033970,9-27-2025,Agent Behaviour,Branch,10-05-25,Resolved,8
4004021,1034072,2034072,2-27-2026,Agent Behaviour,Branch,03-07-26,Resolved,8
4004067,1034389,2034389,8-20-2026,Agent Behaviour,Branch,9-13-2026,Resolved,24
4004222,1035717,2035717,10-17-2025,Agent Behaviour,Branch,10-22-2025,Resolved,5
4004332,1036631,2036631,07-04-26,Agent Behaviour,Branch,7-15-2026,Resolved,11
4004394,1037116,2037116,7-23-2025,Agent Behaviour,Branch,8-21-2025,Resolved,29
4004454,1037583,2037583,1-19-2026,Agent Behaviour,Branch,02-06-26,Resolved,18
4004485,1037788,2037788,9-19-2025,Agent Behaviour,Branch,10-05-25,Resolved,16
4004519,1038067,2038067,10-12-25,Agent Behaviour,Branch,10-15-2025,Resolved,3
4004564,1038328,2038328,11-27-2025,Agent Behaviour,Branch,12-01-25,Resolved,4
4004573,1038380,2038380,12-26-2024,Agent Behaviour,Branch,1-17-2025,Resolved,22
4004579,1038445,2038445,9-17-2024,Agent Behaviour,Branch,9-21-2024,Resolved,4
4004635,1038886,2038886,09-07-24,Agent Behaviour,Branch,10-06-24,Resolved,29
4004672,1039208,2039208,01-09-26,Agent Behaviour,Branch,1-28-2026,Resolved,19
4004673,1039212,2039212,01-03-25,Agent Behaviour,Branch,1-26-2025,Resolved,23
4004686,1039321,2039321,1-16-2025,Agent Behaviour,Branch,1-18-2025,Resolved,2
4004693,1039352,2039352,10-17-2024,Agent Behaviour,Branch,10-31-2024,Resolved,14
4004753,1039839,2039839,12-10-25,Agent Behaviour,Branch,12-30-2025,Resolved,20
4004820,1040418,2040418,09-03-24,Agent Behaviour,Branch,9-18-2024,Resolved,15
4004916,1041243,2041243,3-18-2025,Agent Behaviour,Branch,04-05-25,Resolved,18
4004921,1041281,2041281,11-21-2024,Agent Behaviour,Branch,11-24-2024,Resolved,3
4004947,1041559,2041559,7-20-2025,Agent Behaviour,Branch,8-14-2025,Resolved,25
4004964,1041731,2041731,12-10-25,Agent Behaviour,Branch,12-16-2025,Resolved,6
4005053,1042486,2042486,08-07-25,Agent Behaviour,Branch,8-29-2025,Resolved,22
4005057,1042523,2042523,11-17-2024,Agent Behaviour,Branch,12-02-24,Resolved,15
4005086,1042794,2042794,9-16-2025,Agent Behaviour,Branch,10-13-2025,Resolved,27
4005172,1043483,2043483,03-09-24,Agent Behaviour,Branch,3-21-2024,Resolved,12
4005178,1043569,2043569,3-31-2026,Agent Behaviour,Branch,04-04-26,Resolved,4
4005307,1044655,2044655,07-05-25,Agent Behaviour,Branch,07-07-25,Resolved,2
4005314,1044729,2044729,8-21-2025,Agent Behaviour,Branch,8-24-2025,Resolved,3
4005489,1046211,2046211,10-24-2025,Agent Behaviour,Branch,11-12-25,Resolved,19
4005501,1046286,2046286,8-26-2025,Agent Behaviour,Branch,09-07-25,Resolved,12
4005538,1046572,2046572,1-23-2026,Agent Behaviour,Branch,02-07-26,Resolved,15
4005587,1047063,2047063,7-18-2025,Agent Behaviour,Branch,7-25-2025,Resolved,7
4005652,1047682,2047682,12-01-25,Agent Behaviour,Branch,12-06-25,Resolved,5
4005696,1048112,2048112,08-11-25,Agent Behaviour,Branch,8-29-2025,Resolved,18
4005787,1048835,2048835,4-25-2025,Agent Behaviour,Branch,05-09-25,Resolved,14
4005802,1049037,2049037,10-03-25,Agent Behaviour,Branch,10-31-2025,Resolved,28
4005866,1049521,2049521,04-12-25,Agent Behaviour,Branch,05-07-25,Resolved,25
4005893,1049685,2049685,4-24-2026,Agent Behaviour,Branch,5-14-2026,Resolved,20
4006064,1051267,2051267,3-24-2026,Agent Behaviour,Branch,4-20-2026,Resolved,27
4006085,1051473,2051473,2-16-2025,Agent Behaviour,Branch,2-19-2025,Resolved,3
4006217,1052694,2052694,01-04-25,Agent Behaviour,Branch,02-02-25,Resolved,29
4006253,1053050,2053050,5-26-2026,Agent Behaviour,Branch,06-09-26,Resolved,14
4006255,1053052,2053052,11-02-25,Agent Behaviour,Branch,11-25-2025,Resolved,23
4006437,1054444,2054444,6-21-2024,Agent Behaviour,Branch,07-04-24,Resolved,13
4006578,1055610,2055610,02-07-25,Agent Behaviour,Branch,2-16-2025,Resolved,9
4006584,1055657,2055657,12-12-24,Agent Behaviour,Branch,01-10-25,Resolved,29
4006606,1055823,2055823,9-17-2024,Agent Behaviour,Branch,9-23-2024,Resolved,6
4006766,1057083,2057083,05-06-26,Agent Behaviour,Branch,5-17-2026,Resolved,11
4006804,1057339,2057339,12-11-24,Agent Behaviour,Branch,12-30-2024,Resolved,19
4006809,1057421,2057421,07-09-26,Agent Behaviour,Branch,7-24-2026,Resolved,15
4006875,1057855,2057855,7-14-2024,Agent Behaviour,Branch,7-30-2024,Resolved,16
4006915,1058127,2058127,05-07-24,Agent Behaviour,Branch,05-10-24,Resolved,3
4006926,1058199,2058199,10-02-25,Agent Behaviour,Branch,10-08-25,Resolved,6
4007037,1059200,2059200,05-11-25,Agent Behaviour,Branch,06-07-25,Resolved,27
4007072,1059424,2059424,11-15-2024,Agent Behaviour,Branch,12-14-2024,Resolved,29
4007115,1059762,2059762,08-11-25,Agent Behaviour,Branch,8-21-2025,Resolved,10
4007134,1059882,2059882,12-26-2024,Agent Behaviour,Branch,1-14-2025,Resolved,19
4007229,1060612,2060612,06-06-25,Agent Behaviour,Branch,6-18-2025,Resolved,12
4007261,1060862,2060862,4-13-2025,Agent Behaviour,Branch,4-21-2025,Resolved,8
4007313,1061266,2061266,12-12-24,Agent Behaviour,Branch,01-03-25,Resolved,22
4007322,1061342,2061342,02-02-26,Agent Behaviour,Branch,02-05-26,Resolved,3
4007379,1061824,2061824,11-16-2024,Agent Behaviour,Branch,11-23-2024,Resolved,7
4007404,1062004,2062004,2-28-2026,Agent Behaviour,Branch,03-08-26,Resolved,8
4007451,1062361,2062361,8-14-2025,Agent Behaviour,Branch,8-29-2025,Resolved,15
4007492,1062769,2062769,11-20-2024,Agent Behaviour,Branch,12-08-24,Resolved,18
4007624,1063893,2063893,10-22-2026,Agent Behaviour,Branch,11-11-26,Resolved,20
4007625,1063896,2063896,09-09-25,Agent Behaviour,Branch,9-15-2025,Resolved,6
4007670,1064308,2064308,3-28-2025,Agent Behaviour,Branch,4-16-2025,Resolved,19
4007678,1064363,2064363,09-01-25,Agent Behaviour,Branch,9-14-2025,Resolved,13
4007718,1064684,2064684,8-29-2025,Agent Behaviour,Branch,9-18-2025,Resolved,20
4007752,1064940,2064940,1-30-2026,Agent Behaviour,Branch,02-02-26,Resolved,3
4007761,1065028,2065028,5-23-2024,Agent Behaviour,Branch,5-25-2024,Resolved,2
4007817,1065486,2065486,02-09-25,Agent Behaviour,Branch,03-07-25,Resolved,26
4007946,1066501,2066501,7-22-2025,Agent Behaviour,Branch,08-02-25,Resolved,11
4007949,1066509,2066509,11-06-25,Agent Behaviour,Branch,11-13-2025,Resolved,7
4007950,1066516,2066516,12-18-2024,Agent Behaviour,Branch,1-13-2025,Resolved,26
4007993,1066920,2066920,10-09-25,Agent Behaviour,Branch,10-25-2025,Resolved,16
4008065,1067433,2067433,10-21-2024,Agent Behaviour,Branch,11-15-2024,Resolved,25
4008094,1067771,2067771,2-23-2025,Agent Behaviour,Branch,2-26-2025,Resolved,3
4008216,1068798,2068798,05-01-24,Agent Behaviour,Branch,5-13-2024,Resolved,12
4008269,1069236,2069236,02-01-25,Agent Behaviour,Branch,2-27-2025,Resolved,26
4008317,1069634,2069634,08-06-25,Agent Behaviour,Branch,8-13-2025,Resolved,7
4008370,1070061,2070061,11-07-25,Agent Behaviour,Branch,11-08-25,Resolved,1
4008392,1070320,2070320,9-14-2024,Agent Behaviour,Branch,9-23-2024,Resolved,9
4008401,1070386,2070386,6-14-2025,Agent Behaviour,Branch,6-21-2025,Resolved,7
4008423,1070595,2070595,8-19-2025,Agent Behaviour,Branch,8-24-2025,Resolved,5
4008506,1071310,2071310,05-07-25,Agent Behaviour,Branch,06-01-25,Resolved,25
4008526,1071528,2071528,8-21-2024,Agent Behaviour,Branch,9-20-2024,Resolved,30
4008598,1072171,2072171,8-29-2026,Agent Behaviour,Branch,09-12-26,Resolved,14
4008615,1072310,2072310,11-06-25,Agent Behaviour,Branch,11-20-2025,Resolved,14
4008745,1073444,2073444,1-31-2025,Agent Behaviour,Branch,02-07-25,Resolved,7
4008769,1073621,2073621,03-10-26,Agent Behaviour,Branch,3-17-2026,Resolved,7
4008833,1074173,2074173,10-29-2025,Agent Behaviour,Branch,11-08-25,Resolved,10
4008866,1074427,2074427,5-20-2025,Agent Behaviour,Branch,06-02-25,Resolved,13
4008974,1075381,2075381,4-21-2025,Agent Behaviour,Branch,05-11-25,Resolved,20
4008981,1075470,2075470,11-09-25,Agent Behaviour,Branch,11-26-2025,Resolved,17
4009013,1075676,2075676,4-17-2024,Agent Behaviour,Branch,4-22-2024,Resolved,5
4009034,1075819,2075819,8-20-2025,Agent Behaviour,Branch,9-17-2025,Resolved,28
4009042,1075900,2075900,3-24-2025,Agent Behaviour,Branch,4-13-2025,Resolved,20
4009054,1075996,2075996,12-31-2025,Agent Behaviour,Branch,1-26-2026,Resolved,26
4009064,1076071,2076071,03-05-24,Agent Behaviour,Branch,3-27-2024,Resolved,22
4009081,1076163,2076163,4-18-2024,Agent Behaviour,Branch,5-13-2024,Resolved,25
4009118,1076450,2076450,10-05-25,Agent Behaviour,Branch,10-16-2025,Resolved,11
4009214,1077189,2077189,12-03-24,Agent Behaviour,Branch,01-01-25,Resolved,29
4009323,1078263,2078263,9-28-2024,Agent Behaviour,Branch,10-05-24,Resolved,7
4009363,1078632,2078632,7-20-2025,Agent Behaviour,Branch,08-07-25,Resolved,18
4009365,1078645,2078645,6-27-2025,Agent Behaviour,Branch,7-14-2025,Resolved,17
4009415,1079054,2079054,06-01-25,Agent Behaviour,Branch,6-14-2025,Resolved,13
4009522,1079923,2079923,03-05-25,Agent Behaviour,Branch,03-07-25,Resolved,2
4009606,1080490,2080490,02-04-25,Agent Behaviour,Branch,02-07-25,Resolved,3
4009654,1080884,2080884,08-11-25,Agent Behaviour,Branch,8-29-2025,Resolved,18
4009689,1081123,2081123,10-11-25,Agent Behaviour,Branch,10-20-2025,Resolved,9
4009706,1081279,2081279,01-07-26,Agent Behaviour,Branch,1-29-2026,Resolved,22
4009950,1083244,2083244,10-07-25,Agent Behaviour,Branch,11-02-25,Resolved,26
4010075,1084275,2084275,10-28-2025,Agent Behaviour,Branch,11-17-2025,Resolved,20
4010104,1084534,2084534,09-04-25,Agent Behaviour,Branch,9-21-2025,Resolved,17
4010136,1084816,2084816,7-21-2025,Agent Behaviour,Branch,8-14-2025,Resolved,24
4010163,1085086,2085086,12-12-24,Agent Behaviour,Branch,12-16-2024,Resolved,4
4010273,1086071,2086071,3-28-2025,Agent Behaviour,Branch,3-31-2025,Resolved,3
4010322,1086508,2086508,03-09-25,Agent Behaviour,Branch,03-12-25,Resolved,3
4010372,1086939,2086939,09-01-25,Agent Behaviour,Branch,9-21-2025,Resolved,20
4010468,1087720,2087720,2-19-2026,Agent Behaviour,Branch,03-04-26,Resolved,13
4010493,1087906,2087906,6-21-2025,Agent Behaviour,Branch,07-07-25,Resolved,16
4010595,1088682,2088682,4-16-2026,Agent Behaviour,Branch,05-05-26,Resolved,19
4010601,1088710,2088710,12-08-24,Agent Behaviour,Branch,01-03-25,Resolved,26
4010697,1089481,2089481,3-31-2025,Agent Behaviour,Branch,4-22-2025,Resolved,22
4010763,1090044,2090044,8-23-2024,Agent Behaviour,Branch,8-28-2024,Resolved,5
4010795,1090310,2090310,09-10-24,Agent Behaviour,Branch,09-11-24,Resolved,1
4010797,1090316,2090316,6-27-2025,Agent Behaviour,Branch,07-04-25,Resolved,7
4010831,1090613,2090613,03-03-25,Agent Behaviour,Branch,3-21-2025,Resolved,18
4010865,1090858,2090858,06-05-24,Agent Behaviour,Branch,06-10-24,Resolved,5
4010994,1091984,2091984,09-07-26,Agent Behaviour,Branch,9-23-2026,Resolved,16
4011027,1092252,2092252,9-22-2026,Agent Behaviour,Branch,9-29-2026,Resolved,7
4011180,1093474,2093474,10-06-26,Agent Behaviour,Branch,10-23-2026,Resolved,17
4011238,1093914,2093914,5-31-2025,Agent Behaviour,Branch,6-19-2025,Resolved,19
4011245,1093959,2093959,7-31-2025,Agent Behaviour,Branch,8-16-2025,Resolved,16
4011266,1094132,2094132,3-16-2026,Agent Behaviour,Branch,4-15-2026,Resolved,30
4011287,1094297,2094297,1-19-2025,Agent Behaviour,Branch,1-20-2025,Resolved,1
4011296,1094384,2094384,8-20-2024,Agent Behaviour,Branch,09-01-24,Resolved,12
4011338,1094787,2094787,12-11-24,Agent Behaviour,Branch,01-02-25,Resolved,22
4011343,1094824,2094824,6-13-2025,Agent Behaviour,Branch,7-13-2025,Resolved,30
4011367,1095045,2095045,03-11-26,Agent Behaviour,Branch,04-01-26,Resolved,21
4011385,1095244,2095244,11-08-25,Agent Behaviour,Branch,11-14-2025,Resolved,6
4011426,1095626,2095626,06-02-25,Agent Behaviour,Branch,06-09-25,Resolved,7
4011508,1096385,2096385,11-26-2024,Agent Behaviour,Branch,12-10-24,Resolved,14
4011566,1096879,2096879,11-02-25,Agent Behaviour,Branch,11-20-2025,Resolved,18
4011585,1097120,2097120,03-06-25,Agent Behaviour,Branch,03-08-25,Resolved,2
4011586,1097135,2097135,10-14-2025,Agent Behaviour,Branch,10-20-2025,Resolved,6
4011599,1097230,2097230,08-02-24,Agent Behaviour,Branch,8-30-2024,Resolved,28
4011647,1097690,2097690,6-17-2025,Agent Behaviour,Branch,07-03-25,Resolved,16
4011675,1097883,2097883,2-23-2025,Agent Behaviour,Branch,3-13-2025,Resolved,18
4011722,1098239,2098239,12-28-2024,Agent Behaviour,Branch,1-16-2025,Resolved,19
4011729,1098275,2098275,1-21-2026,Agent Behaviour,Branch,02-01-26,Resolved,11
4011859,1099279,2099279,5-15-2024,Agent Behaviour,Branch,06-07-24,Resolved,23
4011904,1099631,2099631,12-06-25,Agent Behaviour,Branch,12-29-2025,Resolved,23
4011930,1099796,2099796,2-25-2025,Agent Behaviour,Branch,03-07-25,Resolved,10
4000032,1000260,2000260,02-07-26,Service Quality,Branch,2-22-2026,Resolved,15
4000063,1000588,2000588,11-23-2025,Service Quality,Branch,12-20-2025,Resolved,27
4000078,1000719,2000719,01-12-26,Service Quality,Branch,02-05-26,Resolved,24
4000206,1001857,2001857,1-27-2025,Service Quality,Branch,2-16-2025,Resolved,20
4000219,1002008,2002008,09-09-25,Service Quality,Branch,9-16-2025,Resolved,7
4000269,1002503,2002503,12-07-25,Service Quality,Branch,12-10-25,Resolved,3
4000393,1003510,2003510,7-31-2025,Service Quality,Branch,8-18-2025,Resolved,18
4000400,1003556,2003556,6-13-2026,Service Quality,Branch,07-04-26,Resolved,21
4000401,1003558,2003558,10-04-24,Service Quality,Branch,10-25-2024,Resolved,21
4000446,1003979,2003979,4-16-2025,Service Quality,Branch,5-15-2025,Resolved,29
4000484,1004260,2004260,7-22-2025,Service Quality,Branch,8-15-2025,Resolved,24
4000503,1004448,2004448,10-17-2025,Service Quality,Branch,11-03-25,Resolved,17
4000624,1005507,2005507,1-22-2025,Service Quality,Branch,02-12-25,Resolved,21
4000634,1005577,2005577,2-13-2025,Service Quality,Branch,03-02-25,Resolved,17
4000650,1005680,2005680,4-24-2026,Service Quality,Branch,5-14-2026,Resolved,20
4000697,1006046,2006046,06-04-26,Service Quality,Branch,6-14-2026,Resolved,10
4000704,1006100,2006100,6-27-2025,Service Quality,Branch,07-10-25,Resolved,13
4000820,1007169,2007169,5-17-2025,Service Quality,Branch,06-07-25,Resolved,21
4000849,1007453,2007453,11-30-2025,Service Quality,Branch,12-09-25,Resolved,9
4000858,1007506,2007506,05-12-25,Service Quality,Branch,06-10-25,Resolved,29
4000917,1007984,2007984,2-23-2025,Service Quality,Branch,3-23-2025,Resolved,28
4000926,1008047,2008047,5-20-2026,Service Quality,Branch,6-19-2026,Resolved,30
4000947,1008173,2008173,03-04-25,Service Quality,Branch,03-06-25,Resolved,2
4000967,1008287,2008287,4-29-2024,Service Quality,Branch,5-21-2024,Resolved,22
4000987,1008444,2008444,4-22-2026,Service Quality,Branch,05-01-26,Resolved,9
4001007,1008663,2008663,2-20-2024,Service Quality,Branch,03-07-24,Resolved,16
4001095,1009318,2009318,3-22-2025,Service Quality,Branch,3-26-2025,Resolved,4
4001272,1010882,2010882,12-17-2024,Service Quality,Branch,01-01-25,Resolved,15
4001279,1010958,2010958,9-17-2025,Service Quality,Branch,9-25-2025,Resolved,8
4001394,1011870,2011870,11-06-24,Service Quality,Branch,11-27-2024,Resolved,21
4001469,1012533,2012533,07-12-26,Service Quality,Branch,7-26-2026,Resolved,14
4001478,1012584,2012584,11-22-2025,Service Quality,Branch,12-22-2025,Resolved,30
4001494,1012691,2012691,6-29-2026,Service Quality,Branch,07-03-26,Resolved,4
4001514,1012907,2012907,04-05-26,Service Quality,Branch,4-30-2026,Resolved,25
4001536,1013088,2013088,08-09-25,Service Quality,Branch,09-03-25,Resolved,25
4001605,1013645,2013645,11-20-2025,Service Quality,Branch,12-05-25,Resolved,15
4001638,1013889,2013889,06-05-25,Service Quality,Branch,07-04-25,Resolved,29
4001670,1014095,2014095,1-21-2026,Service Quality,Branch,02-10-26,Resolved,20
4001722,1014610,2014610,4-23-2026,Service Quality,Branch,5-19-2026,Resolved,26
4001743,1014787,2014787,2-15-2026,Service Quality,Branch,2-25-2026,Resolved,10
4001800,1015283,2015283,11-26-2025,Service Quality,Branch,12-19-2025,Resolved,23
4001902,1016188,2016188,3-17-2025,Service Quality,Branch,04-01-25,Resolved,15
4001971,1016638,2016638,10-18-2024,Service Quality,Branch,10-28-2024,Resolved,10
4001978,1016717,2016717,4-19-2026,Service Quality,Branch,5-13-2026,Resolved,24
4002032,1017187,2017187,2-15-2026,Service Quality,Branch,3-17-2026,Resolved,30
4002033,1017192,2017192,1-25-2026,Service Quality,Branch,1-28-2026,Resolved,3
4002043,1017256,2017256,12-18-2025,Service Quality,Branch,12-23-2025,Resolved,5
4002090,1017670,2017670,4-15-2025,Service Quality,Branch,5-13-2025,Resolved,28
4002140,1018129,2018129,12-17-2024,Service Quality,Branch,01-02-25,Resolved,16
4002185,1018510,2018510,7-31-2025,Service Quality,Branch,8-19-2025,Resolved,19
4002201,1018657,2018657,11-17-2024,Service Quality,Branch,11-19-2024,Resolved,2
4002232,1019008,2019008,6-22-2025,Service Quality,Branch,7-20-2025,Resolved,28
4002408,1020411,2020411,09-02-26,Service Quality,Branch,9-30-2026,Resolved,28
4002445,1020696,2020696,9-25-2025,Service Quality,Branch,10-05-25,Resolved,10
4002537,1021490,2021490,03-06-26,Service Quality,Branch,3-29-2026,Resolved,23
4002548,1021556,2021556,08-07-26,Service Quality,Branch,08-12-26,Resolved,5
4002584,1021908,2021908,7-29-2025,Service Quality,Branch,08-07-25,Resolved,9
4002626,1022307,2022307,04-11-25,Service Quality,Branch,4-27-2025,Resolved,16
4002668,1022647,2022647,3-28-2026,Service Quality,Branch,04-06-26,Resolved,9
4002782,1023535,2023535,4-13-2025,Service Quality,Branch,4-26-2025,Resolved,13
4002807,1023678,2023678,7-18-2025,Service Quality,Branch,08-05-25,Resolved,18
4002852,1023971,2023971,4-29-2024,Service Quality,Branch,05-03-24,Resolved,4
4002916,1024573,2024573,2-21-2025,Service Quality,Branch,3-23-2025,Resolved,30
4002925,1024660,2024660,7-18-2026,Service Quality,Branch,7-26-2026,Resolved,8
4002959,1024949,2024949,1-17-2025,Service Quality,Branch,1-18-2025,Resolved,1
4003056,1025677,2025677,2-22-2026,Service Quality,Branch,2-24-2026,Resolved,2
4003129,1026223,2026223,02-06-26,Service Quality,Branch,03-01-26,Resolved,23
4003157,1026583,2026583,5-15-2025,Service Quality,Branch,5-24-2025,Resolved,9
4003172,1026682,2026682,11-03-25,Service Quality,Branch,11-19-2025,Resolved,16
4003270,1027521,2027521,04-10-24,Service Quality,Branch,05-03-24,Resolved,23
4003416,1028775,2028775,05-12-25,Service Quality,Branch,06-03-25,Resolved,22
4003449,1029030,2029030,9-19-2026,Service Quality,Branch,10-06-26,Resolved,17
4003596,1030469,2030469,6-30-2025,Service Quality,Branch,07-10-25,Resolved,10
4003600,1030488,2030488,1-17-2025,Service Quality,Branch,02-12-25,Resolved,26
4003636,1030920,2030920,10-15-2025,Service Quality,Branch,10-17-2025,Resolved,2
4003662,1031131,2031131,12-08-24,Service Quality,Branch,01-04-25,Resolved,27
4003674,1031201,2031201,8-25-2025,Service Quality,Branch,09-02-25,Resolved,8
4003823,1032458,2032458,10-19-2024,Service Quality,Branch,10-28-2024,Resolved,9
4003847,1032705,2032705,7-14-2024,Service Quality,Branch,08-03-24,Resolved,20
4003879,1033002,2033002,01-08-26,Service Quality,Branch,1-21-2026,Resolved,13
4003970,1033658,2033658,11-07-25,Service Quality,Branch,11-13-2025,Resolved,6
4004030,1034142,2034142,7-31-2024,Service Quality,Branch,8-24-2024,Resolved,24
4004069,1034410,2034410,5-29-2026,Service Quality,Branch,6-24-2026,Resolved,26
4004151,1035133,2035133,03-03-26,Service Quality,Branch,03-12-26,Resolved,9
4004177,1035383,2035383,2-17-2026,Service Quality,Branch,03-05-26,Resolved,16
4004239,1035868,2035868,2-16-2026,Service Quality,Branch,03-08-26,Resolved,20
4004398,1037192,2037192,05-06-25,Service Quality,Branch,5-28-2025,Resolved,22
4004542,1038215,2038215,09-10-25,Service Quality,Branch,9-20-2025,Resolved,10
4004592,1038543,2038543,9-20-2025,Service Quality,Branch,10-08-25,Resolved,18
4004722,1039626,2039626,4-30-2026,Service Quality,Branch,05-12-26,Resolved,12
4004831,1040521,2040521,10-15-2024,Service Quality,Branch,10-17-2024,Resolved,2
4004937,1041464,2041464,3-30-2024,Service Quality,Branch,04-07-24,Resolved,8
4004973,1041795,2041795,12-31-2025,Service Quality,Branch,01-02-26,Resolved,2
4005105,1042950,2042950,07-02-24,Service Quality,Branch,07-12-24,Resolved,10
4005133,1043137,2043137,3-15-2026,Service Quality,Branch,3-17-2026,Resolved,2
4005212,1043795,2043795,03-08-25,Service Quality,Branch,3-26-2025,Resolved,18
4005245,1044148,2044148,10-28-2024,Service Quality,Branch,11-22-2024,Resolved,25
4005259,1044252,2044252,7-23-2024,Service Quality,Branch,08-01-24,Resolved,9
4005273,1044392,2044392,9-28-2025,Service Quality,Branch,10-15-2025,Resolved,17
4005315,1044735,2044735,7-16-2024,Service Quality,Branch,7-29-2024,Resolved,13
4005332,1044846,2044846,8-22-2025,Service Quality,Branch,8-29-2025,Resolved,7
4005345,1044923,2044923,3-15-2026,Service Quality,Branch,3-31-2026,Resolved,16
4005394,1045399,2045399,06-09-25,Service Quality,Branch,6-14-2025,Resolved,5
4005442,1045777,2045777,12-14-2024,Service Quality,Branch,01-03-25,Resolved,20
4005482,1046098,2046098,3-28-2025,Service Quality,Branch,4-18-2025,Resolved,21
4005510,1046354,2046354,11-07-24,Service Quality,Branch,11-08-24,Resolved,1
4005613,1047272,2047272,9-22-2024,Service Quality,Branch,10-14-2024,Resolved,22
4005811,1049115,2049115,4-13-2025,Service Quality,Branch,05-12-25,Resolved,29
4005872,1049551,2049551,01-11-25,Service Quality,Branch,1-31-2025,Resolved,20
4005895,1049711,2049711,11-24-2024,Service Quality,Branch,12-11-24,Resolved,17
4005930,1050031,2050031,03-03-25,Service Quality,Branch,3-22-2025,Resolved,19
4006033,1050939,2050939,1-17-2025,Service Quality,Branch,02-06-25,Resolved,20
4006092,1051506,2051506,11-14-2025,Service Quality,Branch,12-08-25,Resolved,24
4006167,1052217,2052217,6-17-2025,Service Quality,Branch,6-27-2025,Resolved,10
4006229,1052837,2052837,2-22-2026,Service Quality,Branch,03-07-26,Resolved,13
4006331,1053653,2053653,5-25-2026,Service Quality,Branch,6-18-2026,Resolved,24
4006485,1054849,2054849,7-31-2025,Service Quality,Branch,8-24-2025,Resolved,24
4006510,1055053,2055053,12-08-24,Service Quality,Branch,12-18-2024,Resolved,10
4006530,1055207,2055207,3-16-2026,Service Quality,Branch,04-10-26,Resolved,25
4006595,1055777,2055777,4-17-2025,Service Quality,Branch,05-12-25,Resolved,25
4006670,1056338,2056338,11-21-2024,Service Quality,Branch,12-11-24,Resolved,20
4006681,1056446,2056446,11-13-2025,Service Quality,Branch,11-30-2025,Resolved,17
4006749,1056951,2056951,07-12-25,Service Quality,Branch,7-30-2025,Resolved,18
4006776,1057150,2057150,7-31-2025,Service Quality,Branch,08-11-25,Resolved,11
4006830,1057527,2057527,01-09-25,Service Quality,Branch,1-23-2025,Resolved,14
4006923,1058181,2058181,12-16-2025,Service Quality,Branch,12-22-2025,Resolved,6
4006965,1058526,2058526,6-13-2026,Service Quality,Branch,07-05-26,Resolved,22
4006966,1058536,2058536,02-02-25,Service Quality,Branch,2-15-2025,Resolved,13
4006975,1058646,2058646,10-06-24,Service Quality,Branch,11-01-24,Resolved,26
4006976,1058649,2058649,02-08-26,Service Quality,Branch,2-18-2026,Resolved,10
4006985,1058715,2058715,07-02-25,Service Quality,Branch,7-28-2025,Resolved,26
4007106,1059729,2059729,5-13-2025,Service Quality,Branch,5-19-2025,Resolved,6
4007170,1060199,2060199,7-25-2026,Service Quality,Branch,08-09-26,Resolved,15
4007237,1060661,2060661,07-03-25,Service Quality,Branch,7-23-2025,Resolved,20
4007343,1061561,2061561,1-31-2026,Service Quality,Branch,02-02-26,Resolved,2
4007365,1061717,2061717,8-27-2025,Service Quality,Branch,9-14-2025,Resolved,18
4007506,1062906,2062906,6-26-2025,Service Quality,Branch,7-19-2025,Resolved,23
4007524,1063120,2063120,06-11-26,Service Quality,Branch,6-15-2026,Resolved,4
4007592,1063646,2063646,3-28-2026,Service Quality,Branch,04-06-26,Resolved,9
4007658,1064191,2064191,03-02-25,Service Quality,Branch,3-29-2025,Resolved,27
4007696,1064500,2064500,9-20-2025,Service Quality,Branch,9-30-2025,Resolved,10
4007736,1064843,2064843,1-31-2026,Service Quality,Branch,02-10-26,Resolved,10
4007745,1064912,2064912,12-21-2024,Service Quality,Branch,01-11-25,Resolved,21
4007778,1065143,2065143,3-14-2025,Service Quality,Branch,3-21-2025,Resolved,7
4007838,1065608,2065608,10-16-2025,Service Quality,Branch,11-07-25,Resolved,22
4007895,1066118,2066118,6-16-2025,Service Quality,Branch,6-26-2025,Resolved,10
4007915,1066269,2066269,7-26-2024,Service Quality,Branch,8-16-2024,Resolved,21
4007954,1066550,2066550,9-30-2024,Service Quality,Branch,10-15-2024,Resolved,15
4007969,1066726,2066726,01-09-26,Service Quality,Branch,02-07-26,Resolved,29
4007971,1066737,2066737,9-19-2025,Service Quality,Branch,10-08-25,Resolved,19
4007981,1066797,2066797,8-22-2024,Service Quality,Branch,9-14-2024,Resolved,23
4008009,1067008,2067008,05-04-25,Service Quality,Branch,05-05-25,Resolved,1
4008021,1067124,2067124,7-24-2024,Service Quality,Branch,08-04-24,Resolved,11
4008128,1068051,2068051,10-01-25,Service Quality,Branch,10-29-2025,Resolved,28
4008170,1068375,2068375,10-13-2024,Service Quality,Branch,10-15-2024,Resolved,2
4008179,1068411,2068411,5-25-2026,Service Quality,Branch,6-17-2026,Resolved,23
4008292,1069364,2069364,9-30-2024,Service Quality,Branch,10-07-24,Resolved,7
4008377,1070148,2070148,8-26-2026,Service Quality,Branch,9-19-2026,Resolved,24
4008399,1070370,2070370,02-10-25,Service Quality,Branch,2-28-2025,Resolved,18
4008567,1071971,2071971,01-09-26,Service Quality,Branch,02-02-26,Resolved,24
4008602,1072194,2072194,11-03-25,Service Quality,Branch,11-21-2025,Resolved,18
4008656,1072702,2072702,06-05-25,Service Quality,Branch,06-10-25,Resolved,5
4008704,1073096,2073096,2-21-2025,Service Quality,Branch,3-17-2025,Resolved,24
4008705,1073100,2073100,5-15-2026,Service Quality,Branch,06-03-26,Resolved,19
4008770,1073646,2073646,6-19-2026,Service Quality,Branch,07-03-26,Resolved,14
4008792,1073812,2073812,3-22-2025,Service Quality,Branch,4-19-2025,Resolved,28
4008852,1074338,2074338,5-16-2025,Service Quality,Branch,06-11-25,Resolved,26
4008937,1075131,2075131,8-31-2025,Service Quality,Branch,9-21-2025,Resolved,21
4009023,1075752,2075752,11-19-2025,Service Quality,Branch,12-06-25,Resolved,17
4009033,1075812,2075812,11-22-2025,Service Quality,Branch,12-08-25,Resolved,16
4009041,1075887,2075887,04-01-25,Service Quality,Branch,04-11-25,Resolved,10
4009147,1076638,2076638,11-28-2025,Service Quality,Branch,12-27-2025,Resolved,29
4009236,1077405,2077405,9-15-2025,Service Quality,Branch,9-29-2025,Resolved,14
4009255,1077543,2077543,11-05-24,Service Quality,Branch,11-19-2024,Resolved,14
4009277,1077815,2077815,8-24-2025,Service Quality,Branch,09-12-25,Resolved,19
4009416,1079055,2079055,3-21-2025,Service Quality,Branch,04-01-25,Resolved,11
4009471,1079484,2079484,4-29-2025,Service Quality,Branch,5-26-2025,Resolved,27
4009501,1079703,2079703,7-24-2024,Service Quality,Branch,8-23-2024,Resolved,30
4009512,1079809,2079809,11-26-2024,Service Quality,Branch,12-01-24,Resolved,5
4009577,1080285,2080285,5-18-2024,Service Quality,Branch,5-31-2024,Resolved,13
4009699,1081203,2081203,07-08-26,Service Quality,Branch,7-21-2026,Resolved,13
4009705,1081274,2081274,12-17-2025,Service Quality,Branch,1-13-2026,Resolved,27
4009710,1081298,2081298,3-29-2024,Service Quality,Branch,04-11-24,Resolved,13
4009775,1081799,2081799,8-27-2025,Service Quality,Branch,9-25-2025,Resolved,29
4009875,1082539,2082539,01-11-25,Service Quality,Branch,1-18-2025,Resolved,7
4009986,1083558,2083558,5-20-2026,Service Quality,Branch,6-16-2026,Resolved,27
4010015,1083782,2083782,12-03-24,Service Quality,Branch,12-18-2024,Resolved,15
4010034,1083946,2083946,05-03-26,Service Quality,Branch,5-25-2026,Resolved,22
4010038,1083974,2083974,10-19-2024,Service Quality,Branch,10-29-2024,Resolved,10
4010117,1084629,2084629,12-28-2025,Service Quality,Branch,01-01-26,Resolved,4
4010171,1085122,2085122,10-09-26,Service Quality,Branch,11-06-26,Resolved,28
4010188,1085252,2085252,11-05-24,Service Quality,Branch,12-01-24,Resolved,26
4010313,1086403,2086403,2-19-2026,Service Quality,Branch,2-24-2026,Resolved,5
4010340,1086725,2086725,01-03-26,Service Quality,Branch,01-09-26,Resolved,6
4010477,1087805,2087805,02-07-25,Service Quality,Branch,2-17-2025,Resolved,10
4010587,1088613,2088613,2-16-2026,Service Quality,Branch,03-11-26,Resolved,23
4010588,1088629,2088629,5-21-2026,Service Quality,Branch,6-19-2026,Resolved,29
4010637,1088894,2088894,5-27-2026,Service Quality,Branch,6-19-2026,Resolved,23
4010683,1089333,2089333,08-10-24,Service Quality,Branch,8-21-2024,Resolved,11
4010767,1090098,2090098,11-11-25,Service Quality,Branch,12-04-25,Resolved,23
4010807,1090390,2090390,5-22-2026,Service Quality,Branch,6-13-2026,Resolved,22
4010856,1090799,2090799,6-14-2025,Service Quality,Branch,7-13-2025,Resolved,29
4010903,1091192,2091192,5-13-2025,Service Quality,Branch,5-22-2025,Resolved,9
4010919,1091365,2091365,11-25-2025,Service Quality,Branch,12-19-2025,Resolved,24
4010935,1091513,2091513,4-20-2025,Service Quality,Branch,5-19-2025,Resolved,29
4010951,1091622,2091622,02-08-25,Service Quality,Branch,2-26-2025,Resolved,18
4010970,1091843,2091843,09-12-24,Service Quality,Branch,9-24-2024,Resolved,12
4010978,1091898,2091898,10-25-2024,Service Quality,Branch,11-08-24,Resolved,14
4011008,1092107,2092107,10-03-24,Service Quality,Branch,11-02-24,Resolved,30
4011041,1092322,2092322,06-12-25,Service Quality,Branch,07-08-25,Resolved,26
4011047,1092356,2092356,8-13-2025,Service Quality,Branch,09-05-25,Resolved,23
4011058,1092418,2092418,1-23-2024,Service Quality,Branch,2-22-2024,Resolved,30
4011133,1093059,2093059,06-03-25,Service Quality,Branch,06-10-25,Resolved,7
4011139,1093106,2093106,11-28-2024,Service Quality,Branch,12-10-24,Resolved,12
4011176,1093449,2093449,04-01-25,Service Quality,Branch,4-26-2025,Resolved,25
4011185,1093499,2093499,4-24-2025,Service Quality,Branch,5-17-2025,Resolved,23
4011237,1093908,2093908,6-30-2024,Service Quality,Branch,7-29-2024,Resolved,29
4011295,1094382,2094382,2-21-2026,Service Quality,Branch,03-06-26,Resolved,13
4011324,1094716,2094716,11-16-2024,Service Quality,Branch,11-28-2024,Resolved,12
4011387,1095270,2095270,8-28-2024,Service Quality,Branch,9-26-2024,Resolved,29
4011394,1095336,2095336,10-30-2024,Service Quality,Branch,11-11-24,Resolved,12
4011437,1095737,2095737,10-28-2025,Service Quality,Branch,11-04-25,Resolved,7
4011444,1095792,2095792,9-18-2025,Service Quality,Branch,9-19-2025,Resolved,1
4011450,1095837,2095837,03-02-26,Service Quality,Branch,03-08-26,Resolved,6
4011493,1096244,2096244,12-27-2025,Service Quality,Branch,01-10-26,Resolved,14
4011515,1096448,2096448,10-29-2024,Service Quality,Branch,11-06-24,Resolved,8
4011519,1096468,2096468,8-20-2025,Service Quality,Branch,09-08-25,Resolved,19
4011570,1096905,2096905,03-04-25,Service Quality,Branch,3-30-2025,Resolved,26
4011674,1097878,2097878,2-25-2025,Service Quality,Branch,03-01-25,Resolved,4
4011695,1098050,2098050,8-27-2025,Service Quality,Branch,9-13-2025,Resolved,17
4011702,1098091,2098091,3-16-2025,Service Quality,Branch,04-07-25,Resolved,22
4011766,1098603,2098603,08-10-25,Service Quality,Branch,09-08-25,Resolved,29
4011773,1098636,2098636,08-05-24,Service Quality,Branch,8-26-2024,Resolved,21
4011805,1098845,2098845,09-02-26,Service Quality,Branch,9-21-2026,Resolved,19
4011806,1098851,2098851,12-25-2024,Service Quality,Branch,01-07-25,Resolved,13
4011826,1099032,2099032,07-01-26,Service Quality,Branch,7-18-2026,Resolved,17
4011919,1099739,2099739,7-13-2026,Service Quality,Branch,7-26-2026,Resolved,13
4000041,1000381,2000381,8-19-2025,Documentation,Branch,8-30-2025,Resolved,11
4000055,1000483,2000483,05-12-24,Documentation,Branch,06-10-24,Resolved,29
4000169,1001532,2001532,12-30-2024,Documentation,Branch,1-24-2025,Resolved,25
4000228,1002136,2002136,8-29-2024,Documentation,Branch,8-30-2024,Resolved,1
4000301,1002780,2002780,11-02-25,Documentation,Branch,12-01-25,Resolved,29
4000358,1003186,2003186,08-02-25,Documentation,Branch,8-30-2025,Resolved,28
4000460,1004127,2004127,02-12-26,Documentation,Branch,03-08-26,Resolved,24
4000462,1004140,2004140,07-08-25,Documentation,Branch,08-01-25,Resolved,24
4000475,1004204,2004204,1-28-2026,Documentation,Branch,02-09-26,Resolved,12
4000478,1004219,2004219,12-27-2025,Documentation,Branch,1-23-2026,Resolved,27
4000524,1004607,2004607,05-03-25,Documentation,Branch,05-06-25,Resolved,3
4000535,1004705,2004705,3-18-2026,Documentation,Branch,04-05-26,Resolved,18
4000631,1005572,2005572,11-17-2025,Documentation,Branch,12-13-2025,Resolved,26
4000635,1005579,2005579,5-14-2026,Documentation,Branch,06-06-26,Resolved,23
4000667,1005849,2005849,11-02-24,Documentation,Branch,11-20-2024,Resolved,18
4000683,1005959,2005959,2-18-2025,Documentation,Branch,2-20-2025,Resolved,2
4000753,1006594,2006594,04-06-26,Documentation,Branch,4-19-2026,Resolved,13
4000772,1006725,2006725,12-03-24,Documentation,Branch,12-09-24,Resolved,6
4000900,1007835,2007835,07-05-26,Documentation,Branch,07-10-26,Resolved,5
4000915,1007975,2007975,09-07-25,Documentation,Branch,9-15-2025,Resolved,8
4000953,1008214,2008214,12-25-2024,Documentation,Branch,01-12-25,Resolved,18
4000961,1008250,2008250,5-27-2025,Documentation,Branch,5-30-2025,Resolved,3
4000983,1008399,2008399,09-07-24,Documentation,Branch,10-02-24,Resolved,25
4000996,1008486,2008486,06-01-24,Documentation,Branch,6-24-2024,Resolved,23
4001030,1008809,2008809,6-18-2025,Documentation,Branch,6-20-2025,Resolved,2
4001035,1008839,2008839,2-19-2025,Documentation,Branch,2-22-2025,Resolved,3
4001108,1009417,2009417,12-14-2025,Documentation,Branch,12-27-2025,Resolved,13
4001113,1009446,2009446,1-30-2025,Documentation,Branch,2-25-2025,Resolved,26
4001129,1009563,2009563,10-31-2024,Documentation,Branch,11-06-24,Resolved,6
4001141,1009704,2009704,4-21-2025,Documentation,Branch,05-12-25,Resolved,21
4001215,1010409,2010409,10-19-2025,Documentation,Branch,10-23-2025,Resolved,4
4001283,1010983,2010983,01-08-26,Documentation,Branch,1-16-2026,Resolved,8
4001292,1011016,2011016,3-29-2025,Documentation,Branch,04-09-25,Resolved,11
4001304,1011109,2011109,01-02-25,Documentation,Branch,1-16-2025,Resolved,14
4001334,1011319,2011319,5-15-2025,Documentation,Branch,5-29-2025,Resolved,14
4001399,1011896,2011896,06-02-25,Documentation,Branch,06-05-25,Resolved,3
4001421,1012123,2012123,10-26-2025,Documentation,Branch,11-02-25,Resolved,7
4001517,1012923,2012923,11-28-2024,Documentation,Branch,12-02-24,Resolved,4
4001780,1015092,2015092,02-03-26,Documentation,Branch,03-04-26,Resolved,29
4001785,1015134,2015134,6-28-2026,Documentation,Branch,7-25-2026,Resolved,27
4001788,1015156,2015156,12-10-24,Documentation,Branch,01-03-25,Resolved,24
4001828,1015503,2015503,6-26-2024,Documentation,Branch,07-08-24,Resolved,12
4001842,1015592,2015592,10-25-2025,Documentation,Branch,10-28-2025,Resolved,3
4001925,1016308,2016308,11-03-25,Documentation,Branch,11-22-2025,Resolved,19
4001956,1016525,2016525,9-18-2025,Documentation,Branch,9-24-2025,Resolved,6
4001962,1016579,2016579,09-01-25,Documentation,Branch,9-23-2025,Resolved,22
4002029,1017178,2017178,12-28-2024,Documentation,Branch,1-13-2025,Resolved,16
4002044,1017277,2017277,6-26-2025,Documentation,Branch,7-21-2025,Resolved,25
4002100,1017774,2017774,8-31-2025,Documentation,Branch,9-29-2025,Resolved,29
4002172,1018401,2018401,2-24-2025,Documentation,Branch,03-09-25,Resolved,13
4002286,1019494,2019494,6-13-2025,Documentation,Branch,07-11-25,Resolved,28
4002315,1019782,2019782,04-04-24,Documentation,Branch,05-04-24,Resolved,30
4002317,1019787,2019787,11-11-25,Documentation,Branch,11-13-2025,Resolved,2
4002318,1019798,2019798,3-18-2026,Documentation,Branch,3-19-2026,Resolved,1
4002330,1019888,2019888,5-28-2024,Documentation,Branch,06-12-24,Resolved,15
4002346,1019985,2019985,09-11-25,Documentation,Branch,9-28-2025,Resolved,17
4002397,1020340,2020340,12-07-25,Documentation,Branch,12-08-25,Resolved,1
4002400,1020367,2020367,9-15-2025,Documentation,Branch,10-04-25,Resolved,19
4002407,1020409,2020409,8-28-2025,Documentation,Branch,09-05-25,Resolved,8
4002427,1020521,2020521,10-09-24,Documentation,Branch,10-27-2024,Resolved,18
4002539,1021511,2021511,12-06-25,Documentation,Branch,12-19-2025,Resolved,13
4002635,1022366,2022366,12-09-25,Documentation,Branch,01-04-26,Resolved,26
4002650,1022479,2022479,5-19-2025,Documentation,Branch,06-09-25,Resolved,21
4002785,1023557,2023557,10-04-25,Documentation,Branch,10-11-25,Resolved,7
4002853,1023974,2023974,6-30-2025,Documentation,Branch,7-26-2025,Resolved,26
4002892,1024314,2024314,10-26-2026,Documentation,Branch,11-17-2026,Resolved,22
4002917,1024601,2024601,04-03-26,Documentation,Branch,4-25-2026,Resolved,22
4002971,1025051,2025051,11-01-24,Documentation,Branch,11-06-24,Resolved,5
4003011,1025343,2025343,3-27-2024,Documentation,Branch,04-09-24,Resolved,13
4003132,1026257,2026257,03-08-25,Documentation,Branch,3-28-2025,Resolved,20
4003163,1026636,2026636,9-14-2026,Documentation,Branch,9-23-2026,Resolved,9
4003174,1026706,2026706,02-02-25,Documentation,Branch,2-24-2025,Resolved,22
4003177,1026746,2026746,3-28-2025,Documentation,Branch,4-18-2025,Resolved,21
4003218,1027133,2027133,01-11-25,Documentation,Branch,1-25-2025,Resolved,14
4003276,1027600,2027600,03-05-26,Documentation,Branch,04-04-26,Resolved,30
4003281,1027625,2027625,02-12-26,Documentation,Branch,2-16-2026,Resolved,4
4003300,1027751,2027751,10-03-25,Documentation,Branch,10-06-25,Resolved,3
4003343,1028097,2028097,11-09-25,Documentation,Branch,11-13-2025,Resolved,4
4003393,1028576,2028576,5-27-2024,Documentation,Branch,6-17-2024,Resolved,21
4003454,1029074,2029074,6-29-2025,Documentation,Branch,07-03-25,Resolved,4
4003471,1029253,2029253,07-08-25,Documentation,Branch,7-16-2025,Resolved,8
4003620,1030729,2030729,12-16-2025,Documentation,Branch,1-14-2026,Resolved,29
4003689,1031339,2031339,06-11-25,Documentation,Branch,6-21-2025,Resolved,10
4003766,1031996,2031996,5-13-2025,Documentation,Branch,06-06-25,Resolved,24
4003809,1032369,2032369,7-22-2024,Documentation,Branch,7-28-2024,Resolved,6
4003900,1033191,2033191,5-26-2024,Documentation,Branch,6-18-2024,Resolved,23
4003954,1033526,2033526,10-19-2025,Documentation,Branch,10-31-2025,Resolved,12
4004051,1034308,2034308,6-13-2025,Documentation,Branch,6-23-2025,Resolved,10
4004081,1034480,2034480,8-13-2026,Documentation,Branch,8-30-2026,Resolved,17
4004091,1034558,2034558,1-20-2026,Documentation,Branch,2-17-2026,Resolved,28
4004202,1035603,2035603,8-23-2026,Documentation,Branch,9-17-2026,Resolved,25
4004246,1035928,2035928,5-17-2025,Documentation,Branch,06-01-25,Resolved,15
4004293,1036384,2036384,03-10-25,Documentation,Branch,3-26-2025,Resolved,16
4004308,1036488,2036488,07-02-25,Documentation,Branch,7-25-2025,Resolved,23
4004355,1036797,2036797,7-29-2025,Documentation,Branch,8-13-2025,Resolved,15
4004389,1037069,2037069,4-25-2026,Documentation,Branch,5-16-2026,Resolved,21
4004400,1037207,2037207,10-16-2025,Documentation,Branch,10-23-2025,Resolved,7
4004487,1037805,2037805,05-02-26,Documentation,Branch,05-07-26,Resolved,5
4004491,1037833,2037833,7-15-2025,Documentation,Branch,08-06-25,Resolved,22
4004536,1038168,2038168,4-22-2026,Documentation,Branch,4-24-2026,Resolved,2
4004602,1038633,2038633,09-02-25,Documentation,Branch,9-19-2025,Resolved,17
4004655,1039054,2039054,03-12-25,Documentation,Branch,3-19-2025,Resolved,7
4004743,1039766,2039766,06-04-26,Documentation,Branch,06-07-26,Resolved,3
4004783,1040070,2040070,5-16-2024,Documentation,Branch,06-10-24,Resolved,25
4004898,1041093,2041093,09-06-25,Documentation,Branch,10-04-25,Resolved,28
4005035,1042338,2042338,04-03-25,Documentation,Branch,4-30-2025,Resolved,27
4005043,1042380,2042380,09-11-25,Documentation,Branch,9-28-2025,Resolved,17
4005077,1042705,2042705,8-16-2025,Documentation,Branch,8-20-2025,Resolved,4
4005147,1043253,2043253,05-11-24,Documentation,Branch,06-02-24,Resolved,22
4005169,1043451,2043451,7-27-2024,Documentation,Branch,08-02-24,Resolved,6
4005222,1043917,2043917,6-21-2024,Documentation,Branch,07-08-24,Resolved,17
4005326,1044807,2044807,08-03-25,Documentation,Branch,8-17-2025,Resolved,14
4005366,1045116,2045116,06-05-25,Documentation,Branch,06-06-25,Resolved,1
4005426,1045658,2045658,8-22-2026,Documentation,Branch,8-31-2026,Resolved,9
4005603,1047197,2047197,9-21-2024,Documentation,Branch,10-04-24,Resolved,13
4005708,1048199,2048199,7-18-2025,Documentation,Branch,7-30-2025,Resolved,12
4005722,1048302,2048302,10-26-2024,Documentation,Branch,10-30-2024,Resolved,4
4005829,1049216,2049216,03-10-26,Documentation,Branch,3-24-2026,Resolved,14
4005979,1050399,2050399,03-07-25,Documentation,Branch,04-04-25,Resolved,28
4006188,1052414,2052414,11-28-2024,Documentation,Branch,12-15-2024,Resolved,17
4006308,1053397,2053397,12-16-2025,Documentation,Branch,12-19-2025,Resolved,3
4006360,1053862,2053862,8-28-2026,Documentation,Branch,9-18-2026,Resolved,21
4006378,1053983,2053983,2-18-2025,Documentation,Branch,2-20-2025,Resolved,2
4006393,1054118,2054118,11-25-2025,Documentation,Branch,12-12-25,Resolved,17
4006692,1056547,2056547,08-03-24,Documentation,Branch,8-26-2024,Resolved,23
4006784,1057185,2057185,03-08-25,Documentation,Branch,3-29-2025,Resolved,21
4006856,1057705,2057705,10-12-25,Documentation,Branch,11-02-25,Resolved,21
4006891,1057966,2057966,6-15-2025,Documentation,Branch,6-25-2025,Resolved,10
4006902,1058050,2058050,01-03-25,Documentation,Branch,1-15-2025,Resolved,12
4006956,1058408,2058408,02-02-26,Documentation,Branch,2-25-2026,Resolved,23
4007086,1059594,2059594,02-05-25,Documentation,Branch,2-17-2025,Resolved,12
4007087,1059599,2059599,10-31-2024,Documentation,Branch,11-07-24,Resolved,7
4007089,1059602,2059602,8-31-2024,Documentation,Branch,09-07-24,Resolved,7
4007133,1059874,2059874,10-13-2025,Documentation,Branch,10-16-2025,Resolved,3
4007173,1060228,2060228,02-03-26,Documentation,Branch,2-16-2026,Resolved,13
4007370,1061756,2061756,3-27-2025,Documentation,Branch,4-23-2025,Resolved,27
4007394,1061953,2061953,8-19-2024,Documentation,Branch,9-17-2024,Resolved,29
4007420,1062141,2062141,3-31-2026,Documentation,Branch,4-22-2026,Resolved,22
4007439,1062303,2062303,11-25-2024,Documentation,Branch,11-26-2024,Resolved,1
4007440,1062305,2062305,5-27-2026,Documentation,Branch,06-02-26,Resolved,6
4007478,1062627,2062627,08-03-25,Documentation,Branch,8-25-2025,Resolved,22
4007486,1062747,2062747,3-20-2025,Documentation,Branch,3-31-2025,Resolved,11
4007547,1063363,2063363,09-07-26,Documentation,Branch,9-29-2026,Resolved,22
4007552,1063386,2063386,06-07-25,Documentation,Branch,6-20-2025,Resolved,13
4007580,1063602,2063602,10-13-2024,Documentation,Branch,11-02-24,Resolved,20
4007620,1063862,2063862,02-08-25,Documentation,Branch,02-11-25,Resolved,3
4007626,1063926,2063926,11-05-24,Documentation,Branch,11-23-2024,Resolved,18
4007652,1064111,2064111,10-01-24,Documentation,Branch,10-14-2024,Resolved,13
4007686,1064423,2064423,05-09-26,Documentation,Branch,06-01-26,Resolved,23
4007737,1064852,2064852,7-28-2025,Documentation,Branch,8-22-2025,Resolved,25
4007791,1065254,2065254,01-07-25,Documentation,Branch,02-01-25,Resolved,25
4007813,1065458,2065458,8-27-2025,Documentation,Branch,9-14-2025,Resolved,18
4007867,1065923,2065923,12-22-2024,Documentation,Branch,1-16-2025,Resolved,25
4007869,1065929,2065929,12-24-2024,Documentation,Branch,01-07-25,Resolved,14
4007916,1066273,2066273,05-08-26,Documentation,Branch,5-13-2026,Resolved,5
4008013,1067048,2067048,11-14-2025,Documentation,Branch,11-24-2025,Resolved,10
4008033,1067237,2067237,5-23-2024,Documentation,Branch,06-09-24,Resolved,17
4008037,1067267,2067267,5-13-2025,Documentation,Branch,06-07-25,Resolved,25
4008077,1067550,2067550,7-31-2025,Documentation,Branch,08-11-25,Resolved,11
4008124,1068022,2068022,10-11-25,Documentation,Branch,10-31-2025,Resolved,20
4008131,1068059,2068059,08-08-24,Documentation,Branch,8-25-2024,Resolved,17
4008136,1068134,2068134,8-14-2024,Documentation,Branch,09-01-24,Resolved,18
4008246,1069062,2069062,9-17-2024,Documentation,Branch,9-21-2024,Resolved,4
4008250,1069091,2069091,11-23-2025,Documentation,Branch,12-14-2025,Resolved,21
4008442,1070729,2070729,9-17-2025,Documentation,Branch,9-29-2025,Resolved,12
4008483,1071109,2071109,4-25-2025,Documentation,Branch,5-25-2025,Resolved,30
4008508,1071318,2071318,3-15-2025,Documentation,Branch,3-28-2025,Resolved,13
4008600,1072173,2072173,6-21-2025,Documentation,Branch,07-10-25,Resolved,19
4008623,1072392,2072392,2-16-2026,Documentation,Branch,2-24-2026,Resolved,8
4008683,1072931,2072931,01-12-26,Documentation,Branch,1-13-2026,Resolved,1
4008692,1073026,2073026,12-19-2025,Documentation,Branch,01-09-26,Resolved,21
4008759,1073538,2073538,9-13-2025,Documentation,Branch,9-24-2025,Resolved,11
4008808,1073935,2073935,1-18-2026,Documentation,Branch,1-26-2026,Resolved,8
4008963,1075320,2075320,12-15-2024,Documentation,Branch,1-14-2025,Resolved,30
4009063,1076065,2076065,6-16-2025,Documentation,Branch,07-12-25,Resolved,26
4009098,1076286,2076286,12-01-24,Documentation,Branch,12-08-24,Resolved,7
4009211,1077176,2077176,09-07-24,Documentation,Branch,9-28-2024,Resolved,21
4009217,1077204,2077204,10-17-2025,Documentation,Branch,10-18-2025,Resolved,1
4009249,1077494,2077494,1-30-2025,Documentation,Branch,2-25-2025,Resolved,26
4009267,1077662,2077662,1-27-2026,Documentation,Branch,2-19-2026,Resolved,23
4009275,1077805,2077805,7-14-2026,Documentation,Branch,7-29-2026,Resolved,15
4009480,1079562,2079562,8-19-2025,Documentation,Branch,8-29-2025,Resolved,10
4009524,1079933,2079933,3-20-2026,Documentation,Branch,3-31-2026,Resolved,11
4009525,1079941,2079941,10-25-2024,Documentation,Branch,11-08-24,Resolved,14
4009534,1080004,2080004,08-07-24,Documentation,Branch,8-19-2024,Resolved,12
4009569,1080233,2080233,9-18-2025,Documentation,Branch,10-09-25,Resolved,21
4009614,1080572,2080572,12-06-25,Documentation,Branch,12-11-25,Resolved,5
4009620,1080611,2080611,07-06-25,Documentation,Branch,7-31-2025,Resolved,25
4009749,1081584,2081584,6-22-2024,Documentation,Branch,7-22-2024,Resolved,30
4009799,1081987,2081987,6-18-2025,Documentation,Branch,7-15-2025,Resolved,27
4009866,1082498,2082498,12-18-2025,Documentation,Branch,1-17-2026,Resolved,30
4009881,1082561,2082561,12-16-2024,Documentation,Branch,12-19-2024,Resolved,3
4009911,1082806,2082806,9-15-2024,Documentation,Branch,10-14-2024,Resolved,29
4009983,1083538,2083538,3-31-2025,Documentation,Branch,04-05-25,Resolved,5
4010011,1083757,2083757,5-25-2026,Documentation,Branch,06-10-26,Resolved,16
4010061,1084189,2084189,6-26-2026,Documentation,Branch,7-20-2026,Resolved,24
4010094,1084464,2084464,4-24-2026,Documentation,Branch,5-13-2026,Resolved,19
4010099,1084499,2084499,3-15-2026,Documentation,Branch,04-05-26,Resolved,21
4010200,1085360,2085360,7-23-2025,Documentation,Branch,08-05-25,Resolved,13
4010238,1085720,2085720,04-07-25,Documentation,Branch,4-28-2025,Resolved,21
4010250,1085861,2085861,10-06-24,Documentation,Branch,10-24-2024,Resolved,18
4010282,1086117,2086117,1-31-2025,Documentation,Branch,2-25-2025,Resolved,25
4010342,1086744,2086744,11-14-2025,Documentation,Branch,11-21-2025,Resolved,7
4010357,1086830,2086830,3-29-2026,Documentation,Branch,4-24-2026,Resolved,26
4010369,1086915,2086915,5-20-2025,Documentation,Branch,5-24-2025,Resolved,4
4010371,1086922,2086922,10-25-2026,Documentation,Branch,11-01-26,Resolved,7
4010447,1087552,2087552,02-07-25,Documentation,Branch,2-22-2025,Resolved,15
4010461,1087663,2087663,9-14-2026,Documentation,Branch,9-18-2026,Resolved,4
4010542,1088286,2088286,12-20-2025,Documentation,Branch,01-03-26,Resolved,14
4010543,1088293,2088293,11-15-2025,Documentation,Branch,12-03-25,Resolved,18
4010559,1088400,2088400,7-25-2025,Documentation,Branch,8-18-2025,Resolved,24
4010630,1088858,2088858,03-07-26,Documentation,Branch,03-11-26,Resolved,4
4010648,1088986,2088986,6-14-2024,Documentation,Branch,6-15-2024,Resolved,1
4010651,1089025,2089025,11-26-2025,Documentation,Branch,12-22-2025,Resolved,26
4010660,1089112,2089112,9-15-2025,Documentation,Branch,9-22-2025,Resolved,7
4010678,1089313,2089313,09-05-25,Documentation,Branch,09-10-25,Resolved,5
4010715,1089625,2089625,03-05-25,Documentation,Branch,3-13-2025,Resolved,8
4010732,1089800,2089800,11-13-2025,Documentation,Branch,11-20-2025,Resolved,7
4010948,1091615,2091615,9-16-2024,Documentation,Branch,9-21-2024,Resolved,5
4011011,1092132,2092132,6-27-2025,Documentation,Branch,07-04-25,Resolved,7
4011035,1092287,2092287,7-23-2026,Documentation,Branch,8-13-2026,Resolved,21
4011060,1092426,2092426,11-10-24,Documentation,Branch,11-26-2024,Resolved,16
4011092,1092678,2092678,7-29-2025,Documentation,Branch,8-16-2025,Resolved,18
4011230,1093831,2093831,3-29-2025,Documentation,Branch,04-03-25,Resolved,5
4011340,1094811,2094811,02-05-26,Documentation,Branch,2-14-2026,Resolved,9
4011368,1095046,2095046,8-15-2024,Documentation,Branch,09-06-24,Resolved,22
4011413,1095508,2095508,3-17-2025,Documentation,Branch,4-13-2025,Resolved,27
4011492,1096232,2096232,02-01-26,Documentation,Branch,02-03-26,Resolved,2
4011505,1096366,2096366,04-09-25,Documentation,Branch,04-11-25,Resolved,2
4011529,1096591,2096591,9-25-2025,Documentation,Branch,10-01-25,Resolved,6
4011542,1096729,2096729,4-24-2024,Documentation,Branch,05-09-24,Resolved,15
4011601,1097265,2097265,8-19-2024,Documentation,Branch,09-11-24,Resolved,23
4011608,1097314,2097314,8-16-2025,Documentation,Branch,09-02-25,Resolved,17
4011654,1097738,2097738,08-12-24,Documentation,Branch,8-29-2024,Resolved,17
4011666,1097830,2097830,10-03-25,Documentation,Branch,11-01-25,Resolved,29
4011686,1098002,2098002,3-21-2025,Documentation,Branch,04-07-25,Resolved,17
4011732,1098305,2098305,8-22-2025,Documentation,Branch,9-20-2025,Resolved,29
4011760,1098550,2098550,06-03-24,Documentation,Branch,06-07-24,Resolved,4
4011781,1098685,2098685,9-16-2024,Documentation,Branch,9-19-2024,Resolved,3
4000034,1000269,2000269,09-07-25,App/Website,Branch,9-23-2025,Resolved,16
4000054,1000465,2000465,02-11-26,App/Website,Branch,03-10-26,Resolved,27
4000093,1000834,2000834,9-20-2024,App/Website,Branch,9-24-2024,Resolved,4
4000110,1000980,2000980,08-01-25,App/Website,Branch,8-23-2025,Resolved,22
4000161,1001465,2001465,5-15-2026,App/Website,Branch,5-24-2026,Resolved,9
4000188,1001725,2001725,3-26-2025,App/Website,Branch,4-22-2025,Resolved,27
4000217,1001999,2001999,11-06-24,App/Website,Branch,11-07-24,Resolved,1
4000223,1002040,2002040,6-26-2024,App/Website,Branch,7-15-2024,Resolved,19
4000343,1003098,2003098,3-30-2026,App/Website,Branch,4-26-2026,Resolved,27
4000418,1003740,2003740,6-22-2025,App/Website,Branch,6-26-2025,Resolved,4
4000562,1004919,2004919,9-15-2024,App/Website,Branch,9-18-2024,Resolved,3
4000638,1005586,2005586,01-09-25,App/Website,Branch,1-26-2025,Resolved,17
4000668,1005866,2005866,7-15-2025,App/Website,Branch,8-13-2025,Resolved,29
4000747,1006524,2006524,12-01-24,App/Website,Branch,12-20-2024,Resolved,19
4000765,1006674,2006674,11-05-24,App/Website,Branch,11-18-2024,Resolved,13
4000841,1007370,2007370,10-09-25,App/Website,Branch,10-20-2025,Resolved,11
4000852,1007472,2007472,6-19-2025,App/Website,Branch,07-09-25,Resolved,20
4000857,1007501,2007501,7-15-2026,App/Website,Branch,7-22-2026,Resolved,7
4000892,1007778,2007778,09-08-26,App/Website,Branch,10-05-26,Resolved,27
4000901,1007838,2007838,5-14-2026,App/Website,Branch,06-01-26,Resolved,18
4000904,1007859,2007859,04-02-26,App/Website,Branch,04-09-26,Resolved,7
4000925,1008038,2008038,12-20-2024,App/Website,Branch,12-30-2024,Resolved,10
4001010,1008686,2008686,12-16-2025,App/Website,Branch,12-24-2025,Resolved,8
4001017,1008724,2008724,01-10-26,App/Website,Branch,02-01-26,Resolved,22
4001056,1009014,2009014,5-20-2025,App/Website,Branch,6-17-2025,Resolved,28
4001123,1009533,2009533,06-08-25,App/Website,Branch,6-21-2025,Resolved,13
4001243,1010623,2010623,09-11-26,App/Website,Branch,10-07-26,Resolved,26
4001332,1011313,2011313,12-06-24,App/Website,Branch,12-29-2024,Resolved,23
4001377,1011748,2011748,06-11-26,App/Website,Branch,6-18-2026,Resolved,7
4001476,1012569,2012569,12-02-24,App/Website,Branch,12-04-24,Resolved,2
4001493,1012690,2012690,2-19-2026,App/Website,Branch,03-09-26,Resolved,18
4001561,1013310,2013310,02-12-25,App/Website,Branch,2-26-2025,Resolved,14
4001659,1014040,2014040,05-07-26,App/Website,Branch,05-12-26,Resolved,5
4001694,1014337,2014337,11-10-25,App/Website,Branch,11-28-2025,Resolved,18
4001830,1015506,2015506,06-01-25,App/Website,Branch,06-11-25,Resolved,10
4001831,1015515,2015515,11-08-24,App/Website,Branch,12-06-24,Resolved,28
4001852,1015730,2015730,04-06-26,App/Website,Branch,4-14-2026,Resolved,8
4001878,1016019,2016019,02-08-26,App/Website,Branch,03-01-26,Resolved,21
4001991,1016797,2016797,1-18-2025,App/Website,Branch,02-04-25,Resolved,17
4002014,1017092,2017092,01-11-25,App/Website,Branch,01-12-25,Resolved,1
4002085,1017633,2017633,9-25-2025,App/Website,Branch,10-11-25,Resolved,16
4002266,1019285,2019285,02-10-26,App/Website,Branch,2-20-2026,Resolved,10
4002313,1019768,2019768,8-27-2026,App/Website,Branch,9-23-2026,Resolved,27
4002369,1020111,2020111,5-29-2024,App/Website,Branch,6-21-2024,Resolved,23
4002393,1020316,2020316,12-11-24,App/Website,Branch,12-20-2024,Resolved,9
4002481,1020952,2020952,5-18-2025,App/Website,Branch,06-09-25,Resolved,22
4002513,1021252,2021252,11-07-25,App/Website,Branch,11-21-2025,Resolved,14
4002547,1021551,2021551,11-19-2025,App/Website,Branch,11-25-2025,Resolved,6
4002580,1021894,2021894,01-10-26,App/Website,Branch,1-30-2026,Resolved,20
4002609,1022158,2022158,6-15-2025,App/Website,Branch,07-09-25,Resolved,24
4002637,1022383,2022383,07-11-26,App/Website,Branch,7-19-2026,Resolved,8
4002639,1022398,2022398,04-07-25,App/Website,Branch,05-03-25,Resolved,26
4002695,1022844,2022844,1-23-2025,App/Website,Branch,2-21-2025,Resolved,29
4002723,1023033,2023033,2-13-2026,App/Website,Branch,3-14-2026,Resolved,29
4002725,1023079,2023079,4-21-2025,App/Website,Branch,05-03-25,Resolved,12
4002770,1023394,2023394,07-04-25,App/Website,Branch,07-07-25,Resolved,3
4002801,1023652,2023652,12-12-24,App/Website,Branch,12-21-2024,Resolved,9
4002848,1023948,2023948,6-17-2026,App/Website,Branch,6-30-2026,Resolved,13
4002863,1024046,2024046,3-26-2025,App/Website,Branch,3-28-2025,Resolved,2
4002877,1024164,2024164,09-12-26,App/Website,Branch,9-17-2026,Resolved,5
4002911,1024516,2024516,12-19-2024,App/Website,Branch,01-10-25,Resolved,22
4002929,1024733,2024733,8-15-2024,App/Website,Branch,8-27-2024,Resolved,12
4003003,1025288,2025288,12-02-25,App/Website,Branch,12-11-25,Resolved,9
4003012,1025355,2025355,6-13-2025,App/Website,Branch,6-15-2025,Resolved,2
4003092,1025987,2025987,1-28-2025,App/Website,Branch,1-30-2025,Resolved,2
4003104,1026041,2026041,1-19-2026,App/Website,Branch,02-05-26,Resolved,17
4003160,1026627,2026627,10-26-2025,App/Website,Branch,11-10-25,Resolved,15
4003182,1026774,2026774,12-16-2024,App/Website,Branch,01-11-25,Resolved,26
4003189,1026875,2026875,06-01-25,App/Website,Branch,6-25-2025,Resolved,24
4003215,1027119,2027119,9-28-2024,App/Website,Branch,10-16-2024,Resolved,18
4003220,1027149,2027149,3-23-2026,App/Website,Branch,04-11-26,Resolved,19
4003364,1028281,2028281,7-19-2024,App/Website,Branch,8-15-2024,Resolved,27
4003365,1028298,2028298,6-27-2024,App/Website,Branch,7-25-2024,Resolved,28
4003368,1028324,2028324,12-10-25,App/Website,Branch,01-03-26,Resolved,24
4003404,1028666,2028666,10-28-2025,App/Website,Branch,11-05-25,Resolved,8
4003410,1028711,2028711,12-26-2025,App/Website,Branch,1-17-2026,Resolved,22
4003456,1029091,2029091,4-29-2026,App/Website,Branch,05-08-26,Resolved,9
4003565,1030186,2030186,1-22-2026,App/Website,Branch,02-10-26,Resolved,19
4003655,1031104,2031104,01-08-25,App/Website,Branch,1-18-2025,Resolved,10
4003691,1031351,2031351,03-07-26,App/Website,Branch,3-13-2026,Resolved,6
4003732,1031673,2031673,3-24-2026,App/Website,Branch,4-15-2026,Resolved,22
4003792,1032218,2032218,12-25-2024,App/Website,Branch,12-26-2024,Resolved,1
4003848,1032708,2032708,5-25-2026,App/Website,Branch,5-30-2026,Resolved,5
4003991,1033855,2033855,2-26-2025,App/Website,Branch,3-13-2025,Resolved,15
4004034,1034167,2034167,05-12-26,App/Website,Branch,5-14-2026,Resolved,2
4004058,1034335,2034335,5-27-2025,App/Website,Branch,5-29-2025,Resolved,2
4004178,1035389,2035389,6-29-2026,App/Website,Branch,07-03-26,Resolved,4
4004230,1035796,2035796,8-16-2026,App/Website,Branch,8-28-2026,Resolved,12
4004448,1037540,2037540,5-28-2025,App/Website,Branch,06-02-25,Resolved,5
4004479,1037758,2037758,10-08-24,App/Website,Branch,10-25-2024,Resolved,17
4004545,1038235,2038235,02-08-26,App/Website,Branch,2-26-2026,Resolved,18
4004659,1039089,2039089,04-05-25,App/Website,Branch,04-12-25,Resolved,7
4004683,1039302,2039302,12-31-2024,App/Website,Branch,01-07-25,Resolved,7
4004726,1039663,2039663,03-06-24,App/Website,Branch,03-08-24,Resolved,2
4004735,1039699,2039699,7-13-2025,App/Website,Branch,08-12-25,Resolved,30
4004762,1039927,2039927,2-27-2024,App/Website,Branch,03-11-24,Resolved,13
4004802,1040257,2040257,03-10-25,App/Website,Branch,04-05-25,Resolved,26
4004861,1040785,2040785,2-15-2025,App/Website,Branch,2-20-2025,Resolved,5
4004885,1040995,2040995,1-15-2026,App/Website,Branch,1-26-2026,Resolved,11
4004927,1041362,2041362,10-19-2024,App/Website,Branch,11-08-24,Resolved,20
4004971,1041768,2041768,06-05-26,App/Website,Branch,06-11-26,Resolved,6
4005014,1042170,2042170,07-06-25,App/Website,Branch,7-16-2025,Resolved,10
4005041,1042370,2042370,12-05-24,App/Website,Branch,12-16-2024,Resolved,11
4005056,1042517,2042517,4-23-2024,App/Website,Branch,05-06-24,Resolved,13
4005171,1043480,2043480,02-04-25,App/Website,Branch,2-23-2025,Resolved,19
4005204,1043742,2043742,9-27-2025,App/Website,Branch,10-25-2025,Resolved,28
4005238,1044087,2044087,7-15-2026,App/Website,Branch,08-02-26,Resolved,18
4005453,1045893,2045893,08-04-25,App/Website,Branch,8-28-2025,Resolved,24
4005454,1045894,2045894,1-30-2026,App/Website,Branch,02-09-26,Resolved,10
4005547,1046671,2046671,1-18-2025,App/Website,Branch,1-23-2025,Resolved,5
4005558,1046789,2046789,03-08-25,App/Website,Branch,04-03-25,Resolved,26
4005581,1047004,2047004,11-20-2024,App/Website,Branch,12-16-2024,Resolved,26
4005620,1047343,2047343,7-21-2025,App/Website,Branch,7-25-2025,Resolved,4
4005674,1047911,2047911,4-14-2026,App/Website,Branch,5-14-2026,Resolved,30
4005677,1047919,2047919,1-24-2026,App/Website,Branch,1-28-2026,Resolved,4
4005756,1048525,2048525,10-06-24,App/Website,Branch,10-17-2024,Resolved,11
4005798,1048987,2048987,04-12-25,App/Website,Branch,4-13-2025,Resolved,1
4005853,1049409,2049409,7-23-2025,App/Website,Branch,08-05-25,Resolved,13
4005886,1049648,2049648,06-02-25,App/Website,Branch,6-26-2025,Resolved,24
4005894,1049692,2049692,09-10-25,App/Website,Branch,9-30-2025,Resolved,20
4005909,1049815,2049815,08-12-25,App/Website,Branch,8-13-2025,Resolved,1
4005996,1050510,2050510,11-25-2024,App/Website,Branch,11-27-2024,Resolved,2
4006160,1052165,2052165,05-09-26,App/Website,Branch,5-21-2026,Resolved,12
4006178,1052334,2052334,11-30-2024,App/Website,Branch,12-03-24,Resolved,3
4006202,1052553,2052553,5-20-2026,App/Website,Branch,06-02-26,Resolved,13
4006210,1052627,2052627,7-27-2025,App/Website,Branch,8-16-2025,Resolved,20
4006235,1052880,2052880,2-27-2026,App/Website,Branch,3-19-2026,Resolved,20
4006320,1053529,2053529,03-05-26,App/Website,Branch,3-26-2026,Resolved,21
4006337,1053674,2053674,4-29-2026,App/Website,Branch,05-03-26,Resolved,4
4006417,1054318,2054318,7-19-2024,App/Website,Branch,7-26-2024,Resolved,7
4006438,1054446,2054446,07-05-26,App/Website,Branch,07-08-26,Resolved,3
4006449,1054528,2054528,10-17-2025,App/Website,Branch,11-01-25,Resolved,15
4006461,1054632,2054632,2-21-2025,App/Website,Branch,03-06-25,Resolved,13
4006472,1054690,2054690,12-08-25,App/Website,Branch,12-10-25,Resolved,2
4006481,1054814,2054814,08-09-26,App/Website,Branch,8-18-2026,Resolved,9
4006597,1055781,2055781,4-16-2025,App/Website,Branch,05-07-25,Resolved,21
4006599,1055789,2055789,2-22-2026,App/Website,Branch,3-19-2026,Resolved,25
4006618,1055902,2055902,07-10-26,App/Website,Branch,08-06-26,Resolved,27
4006694,1056552,2056552,6-21-2025,App/Website,Branch,07-05-25,Resolved,14
4006726,1056773,2056773,10-28-2024,App/Website,Branch,11-20-2024,Resolved,23
4006730,1056805,2056805,12-08-25,App/Website,Branch,12-20-2025,Resolved,12
4006843,1057598,2057598,7-25-2026,App/Website,Branch,08-08-26,Resolved,14
4006868,1057820,2057820,3-15-2026,App/Website,Branch,3-20-2026,Resolved,5
4006918,1058149,2058149,10-15-2024,App/Website,Branch,11-05-24,Resolved,21
4006935,1058271,2058271,12-08-25,App/Website,Branch,12-20-2025,Resolved,12
4006963,1058491,2058491,11-15-2025,App/Website,Branch,12-13-2025,Resolved,28
4007051,1059286,2059286,10-01-26,App/Website,Branch,10-21-2026,Resolved,20
4007054,1059294,2059294,09-01-25,App/Website,Branch,09-12-25,Resolved,11
4007090,1059608,2059608,12-12-25,App/Website,Branch,01-01-26,Resolved,20
4007102,1059703,2059703,2-16-2025,App/Website,Branch,03-08-25,Resolved,20
4007121,1059797,2059797,5-16-2025,App/Website,Branch,06-12-25,Resolved,27
4007147,1059962,2059962,12-09-24,App/Website,Branch,12-27-2024,Resolved,18
4007178,1060271,2060271,03-02-25,App/Website,Branch,03-04-25,Resolved,2
4007312,1061263,2061263,11-12-24,App/Website,Branch,11-20-2024,Resolved,8
4007334,1061429,2061429,02-11-25,App/Website,Branch,2-15-2025,Resolved,4
4007341,1061554,2061554,06-01-25,App/Website,Branch,6-14-2025,Resolved,13
4007426,1062225,2062225,06-12-24,App/Website,Branch,07-04-24,Resolved,22
4007536,1063217,2063217,12-23-2024,App/Website,Branch,12-24-2024,Resolved,1
4007689,1064433,2064433,10-24-2024,App/Website,Branch,11-07-24,Resolved,14
4007691,1064448,2064448,12-14-2025,App/Website,Branch,1-13-2026,Resolved,30
4007708,1064584,2064584,10-12-24,App/Website,Branch,10-31-2024,Resolved,19
4007746,1064915,2064915,4-18-2026,App/Website,Branch,5-17-2026,Resolved,29
4007790,1065239,2065239,4-30-2025,App/Website,Branch,5-13-2025,Resolved,13
4008048,1067329,2067329,01-09-25,App/Website,Branch,02-05-25,Resolved,27
4008059,1067384,2067384,8-22-2025,App/Website,Branch,9-18-2025,Resolved,27
4008117,1067992,2067992,9-22-2025,App/Website,Branch,9-24-2025,Resolved,2
4008155,1068243,2068243,5-31-2025,App/Website,Branch,06-12-25,Resolved,12
4008204,1068695,2068695,11-06-25,App/Website,Branch,11-20-2025,Resolved,14
4008234,1068950,2068950,9-25-2025,App/Website,Branch,10-25-2025,Resolved,30
4008281,1069314,2069314,10-04-25,App/Website,Branch,10-21-2025,Resolved,17
4008293,1069370,2069370,02-04-25,App/Website,Branch,2-15-2025,Resolved,11
4008420,1070565,2070565,10-27-2025,App/Website,Branch,11-11-25,Resolved,15
4008422,1070583,2070583,2-22-2026,App/Website,Branch,03-12-26,Resolved,18
4008446,1070770,2070770,10-28-2025,App/Website,Branch,11-13-2025,Resolved,16
4008517,1071433,2071433,6-18-2024,App/Website,Branch,7-13-2024,Resolved,25
4008544,1071670,2071670,3-23-2026,App/Website,Branch,4-16-2026,Resolved,24
4008551,1071750,2071750,2-17-2024,App/Website,Branch,2-22-2024,Resolved,5
4008593,1072132,2072132,7-13-2024,App/Website,Branch,7-30-2024,Resolved,17
4008643,1072585,2072585,11-10-26,App/Website,Branch,11-26-2026,Resolved,16
4008764,1073599,2073599,10-24-2024,App/Website,Branch,11-07-24,Resolved,14
4008783,1073755,2073755,01-09-26,App/Website,Branch,1-31-2026,Resolved,22
4008804,1073890,2073890,10-14-2024,App/Website,Branch,10-27-2024,Resolved,13
4008806,1073904,2073904,12-04-24,App/Website,Branch,12-23-2024,Resolved,19
4008915,1074934,2074934,06-01-25,App/Website,Branch,06-03-25,Resolved,2
4009052,1075991,2075991,11-17-2025,App/Website,Branch,12-07-25,Resolved,20
4009088,1076226,2076226,1-24-2026,App/Website,Branch,2-22-2026,Resolved,29
4009111,1076395,2076395,1-31-2025,App/Website,Branch,02-03-25,Resolved,3
4009132,1076538,2076538,05-08-25,App/Website,Branch,5-14-2025,Resolved,6
4009159,1076771,2076771,12-21-2025,App/Website,Branch,01-08-26,Resolved,18
4009175,1076891,2076891,5-20-2026,App/Website,Branch,6-14-2026,Resolved,25
4009240,1077433,2077433,1-29-2025,App/Website,Branch,02-09-25,Resolved,11
4009307,1078111,2078111,9-16-2025,App/Website,Branch,9-24-2025,Resolved,8
4009490,1079636,2079636,03-10-25,App/Website,Branch,04-06-25,Resolved,27
4009499,1079700,2079700,12-09-25,App/Website,Branch,12-15-2025,Resolved,6
4009521,1079902,2079902,12-30-2024,App/Website,Branch,01-03-25,Resolved,4
4009580,1080321,2080321,10-18-2025,App/Website,Branch,11-11-25,Resolved,24
4009592,1080412,2080412,4-30-2026,App/Website,Branch,05-06-26,Resolved,6
4009650,1080859,2080859,5-30-2025,App/Website,Branch,6-28-2025,Resolved,29
4009892,1082639,2082639,06-07-25,App/Website,Branch,06-11-25,Resolved,4
4009945,1083183,2083183,11-11-25,App/Website,Branch,12-01-25,Resolved,20
4009964,1083348,2083348,05-08-26,App/Website,Branch,06-07-26,Resolved,30
4010004,1083706,2083706,1-21-2026,App/Website,Branch,1-25-2026,Resolved,4
4010154,1084974,2084974,8-21-2024,App/Website,Branch,09-09-24,Resolved,19
4010157,1085030,2085030,1-31-2025,App/Website,Branch,2-18-2025,Resolved,18
4010175,1085139,2085139,11-24-2024,App/Website,Branch,12-05-24,Resolved,11
4010289,1086196,2086196,10-29-2025,App/Website,Branch,11-09-25,Resolved,11
4010320,1086489,2086489,1-31-2026,App/Website,Branch,2-25-2026,Resolved,25
4010391,1087157,2087157,6-29-2025,App/Website,Branch,7-15-2025,Resolved,16
4010408,1087267,2087267,10-23-2025,App/Website,Branch,11-12-25,Resolved,20
4010435,1087494,2087494,3-17-2026,App/Website,Branch,04-08-26,Resolved,22
4010465,1087703,2087703,07-05-24,App/Website,Branch,7-26-2024,Resolved,21
4010471,1087747,2087747,7-26-2024,App/Website,Branch,8-22-2024,Resolved,27
4010508,1088018,2088018,4-25-2024,App/Website,Branch,5-17-2024,Resolved,22
4010576,1088529,2088529,1-21-2026,App/Website,Branch,1-31-2026,Resolved,10
4010655,1089054,2089054,11-19-2025,App/Website,Branch,12-15-2025,Resolved,26
4010667,1089218,2089218,8-19-2025,App/Website,Branch,09-08-25,Resolved,20
4010677,1089309,2089309,6-16-2026,App/Website,Branch,07-09-26,Resolved,23
4010710,1089585,2089585,03-11-26,App/Website,Branch,3-26-2026,Resolved,15
4010742,1089861,2089861,08-12-25,App/Website,Branch,8-24-2025,Resolved,12
4010759,1090027,2090027,4-19-2025,App/Website,Branch,4-20-2025,Resolved,1
4010864,1090847,2090847,8-13-2025,App/Website,Branch,09-09-25,Resolved,27
4010879,1090949,2090949,12-01-25,App/Website,Branch,12-13-2025,Resolved,12
4010904,1091193,2091193,06-04-26,App/Website,Branch,06-11-26,Resolved,7
4011068,1092493,2092493,4-19-2025,App/Website,Branch,05-09-25,Resolved,20
4011163,1093329,2093329,03-06-26,App/Website,Branch,04-01-26,Resolved,26
4011164,1093334,2093334,09-10-24,App/Website,Branch,9-24-2024,Resolved,14
4011207,1093701,2093701,3-21-2026,App/Website,Branch,3-30-2026,Resolved,9
4011290,1094328,2094328,5-19-2025,App/Website,Branch,5-28-2025,Resolved,9
4011302,1094430,2094430,06-07-25,App/Website,Branch,07-07-25,Resolved,30
4011307,1094494,2094494,7-23-2024,App/Website,Branch,08-08-24,Resolved,16
4011390,1095296,2095296,7-17-2025,App/Website,Branch,08-09-25,Resolved,23
4011471,1096063,2096063,07-12-24,App/Website,Branch,08-11-24,Resolved,30
4011627,1097480,2097480,3-22-2025,App/Website,Branch,04-02-25,Resolved,11
4011634,1097526,2097526,2-25-2026,App/Website,Branch,2-26-2026,Resolved,1
4011700,1098065,2098065,4-14-2025,App/Website,Branch,4-22-2025,Resolved,8
4011756,1098528,2098528,06-11-26,App/Website,Branch,07-01-26,Resolved,20
4011767,1098606,2098606,06-06-26,App/Website,Branch,6-26-2026,Resolved,20
4011845,1099171,2099171,1-29-2026,App/Website,Branch,2-15-2026,Resolved,17
4011923,1099756,2099756,9-13-2024,App/Website,Branch,9-24-2024,Resolved,11
4011927,1099779,2099779,04-01-26,App/Website,Branch,4-13-2026,Resolved,12
4011943,1099901,2099901,5-20-2024,App/Website,Branch,5-31-2024,Resolved,11
4000002,1000048,2000048,02-09-25,Premium Issue,Branch,2-18-2025,Resolved,9
4000004,1000059,2000059,7-14-2024,Premium Issue,Branch,7-19-2024,Resolved,5
4000028,1000234,2000234,11-23-2026,Premium Issue,Branch,12-15-2026,Resolved,22
4000033,1000263,2000263,6-21-2024,Premium Issue,Branch,07-07-24,Resolved,16
4000042,1000382,2000382,12-06-24,Premium Issue,Branch,12-29-2024,Resolved,23
4000068,1000615,2000615,4-16-2025,Premium Issue,Branch,05-10-25,Resolved,24
4000073,1000639,2000639,5-15-2024,Premium Issue,Branch,06-01-24,Resolved,17
4000092,1000828,2000828,3-29-2025,Premium Issue,Branch,4-23-2025,Resolved,25
4000119,1001112,2001112,10-16-2025,Premium Issue,Branch,10-27-2025,Resolved,11
4000122,1001121,2001121,5-29-2025,Premium Issue,Branch,6-23-2025,Resolved,25
4000194,1001788,2001788,6-16-2025,Premium Issue,Branch,6-18-2025,Resolved,2
4000271,1002509,2002509,4-22-2024,Premium Issue,Branch,05-06-24,Resolved,14
4000345,1003115,2003115,07-02-26,Premium Issue,Branch,7-17-2026,Resolved,15
4000357,1003181,2003181,9-13-2025,Premium Issue,Branch,9-28-2025,Resolved,15
4000390,1003489,2003489,1-29-2026,Premium Issue,Branch,2-25-2026,Resolved,27
4000403,1003568,2003568,4-20-2025,Premium Issue,Branch,05-12-25,Resolved,22
4000424,1003791,2003791,10-09-25,Premium Issue,Branch,10-14-2025,Resolved,5
4000457,1004067,2004067,2-22-2026,Premium Issue,Branch,3-22-2026,Resolved,28
4000518,1004540,2004540,02-07-24,Premium Issue,Branch,2-18-2024,Resolved,11
4000539,1004733,2004733,5-15-2025,Premium Issue,Branch,5-21-2025,Resolved,6
4000549,1004817,2004817,08-07-26,Premium Issue,Branch,08-12-26,Resolved,5
4000560,1004901,2004901,07-01-25,Premium Issue,Branch,7-17-2025,Resolved,16
4000563,1004936,2004936,1-14-2025,Premium Issue,Branch,1-30-2025,Resolved,16
4000599,1005264,2005264,10-19-2024,Premium Issue,Branch,10-29-2024,Resolved,10
4000652,1005701,2005701,4-18-2025,Premium Issue,Branch,4-20-2025,Resolved,2
4000689,1005993,2005993,12-03-24,Premium Issue,Branch,12-17-2024,Resolved,14
4000694,1006032,2006032,04-01-26,Premium Issue,Branch,04-08-26,Resolved,7
4000739,1006456,2006456,4-23-2025,Premium Issue,Branch,4-25-2025,Resolved,2
4000825,1007247,2007247,5-21-2025,Premium Issue,Branch,6-18-2025,Resolved,28
4000864,1007538,2007538,08-02-26,Premium Issue,Branch,08-06-26,Resolved,4
4000948,1008196,2008196,6-13-2024,Premium Issue,Branch,6-15-2024,Resolved,2
4001029,1008803,2008803,4-24-2026,Premium Issue,Branch,5-21-2026,Resolved,27
4001049,1008934,2008934,05-02-25,Premium Issue,Branch,05-07-25,Resolved,5
4001314,1011225,2011225,10-25-2024,Premium Issue,Branch,11-02-24,Resolved,8
4001341,1011366,2011366,02-09-26,Premium Issue,Branch,2-20-2026,Resolved,11
4001453,1012407,2012407,4-19-2025,Premium Issue,Branch,05-06-25,Resolved,17
4001458,1012420,2012420,10-09-25,Premium Issue,Branch,10-24-2025,Resolved,15
4001588,1013535,2013535,05-12-25,Premium Issue,Branch,06-02-25,Resolved,21
4001676,1014170,2014170,2-28-2026,Premium Issue,Branch,3-22-2026,Resolved,22
4001710,1014470,2014470,1-27-2026,Premium Issue,Branch,02-07-26,Resolved,11
4001713,1014515,2014515,3-20-2024,Premium Issue,Branch,04-03-24,Resolved,14
4001753,1014866,2014866,4-21-2025,Premium Issue,Branch,4-26-2025,Resolved,5
4001856,1015776,2015776,4-13-2025,Premium Issue,Branch,05-03-25,Resolved,20
4001918,1016279,2016279,2-15-2025,Premium Issue,Branch,03-09-25,Resolved,22
4001943,1016467,2016467,4-27-2025,Premium Issue,Branch,05-08-25,Resolved,11
4001946,1016480,2016480,04-10-25,Premium Issue,Branch,4-24-2025,Resolved,14
4001955,1016524,2016524,9-28-2024,Premium Issue,Branch,10-26-2024,Resolved,28
4001990,1016792,2016792,6-29-2024,Premium Issue,Branch,07-02-24,Resolved,3
4002012,1017065,2017065,3-22-2025,Premium Issue,Branch,3-24-2025,Resolved,2
4002094,1017711,2017711,11-09-26,Premium Issue,Branch,11-23-2026,Resolved,14
4002135,1018054,2018054,9-24-2025,Premium Issue,Branch,10-11-25,Resolved,17
4002138,1018109,2018109,4-15-2026,Premium Issue,Branch,05-06-26,Resolved,21
4002235,1019047,2019047,08-01-25,Premium Issue,Branch,08-02-25,Resolved,1
4002361,1020059,2020059,02-02-24,Premium Issue,Branch,2-25-2024,Resolved,23
4002368,1020107,2020107,02-07-24,Premium Issue,Branch,03-05-24,Resolved,27
4002416,1020466,2020466,9-25-2025,Premium Issue,Branch,10-22-2025,Resolved,27
4002436,1020602,2020602,3-24-2025,Premium Issue,Branch,4-14-2025,Resolved,21
4002464,1020847,2020847,11-03-24,Premium Issue,Branch,11-24-2024,Resolved,21
4002507,1021205,2021205,10-16-2024,Premium Issue,Branch,11-02-24,Resolved,17
4002516,1021274,2021274,08-11-26,Premium Issue,Branch,8-21-2026,Resolved,10
4002520,1021307,2021307,10-22-2025,Premium Issue,Branch,10-28-2025,Resolved,6
4002576,1021846,2021846,2-27-2026,Premium Issue,Branch,3-24-2026,Resolved,25
4002596,1022031,2022031,6-20-2024,Premium Issue,Branch,6-26-2024,Resolved,6
4002600,1022058,2022058,8-19-2025,Premium Issue,Branch,9-16-2025,Resolved,28
4002611,1022192,2022192,5-15-2024,Premium Issue,Branch,06-05-24,Resolved,21
4002623,1022283,2022283,4-13-2026,Premium Issue,Branch,05-09-26,Resolved,26
4002654,1022547,2022547,09-03-24,Premium Issue,Branch,9-25-2024,Resolved,22
4002688,1022797,2022797,06-12-26,Premium Issue,Branch,07-11-26,Resolved,29
4002692,1022816,2022816,9-30-2024,Premium Issue,Branch,10-28-2024,Resolved,28
4002954,1024903,2024903,11-20-2025,Premium Issue,Branch,12-11-25,Resolved,21
4002968,1025035,2025035,8-28-2024,Premium Issue,Branch,9-23-2024,Resolved,26
4002983,1025155,2025155,04-07-24,Premium Issue,Branch,4-21-2024,Resolved,14
4003155,1026565,2026565,2-19-2026,Premium Issue,Branch,2-21-2026,Resolved,2
4003167,1026668,2026668,4-28-2026,Premium Issue,Branch,5-21-2026,Resolved,23
4003294,1027700,2027700,07-12-25,Premium Issue,Branch,7-13-2025,Resolved,1
4003297,1027738,2027738,09-08-25,Premium Issue,Branch,9-24-2025,Resolved,16
4003450,1029039,2029039,09-11-24,Premium Issue,Branch,9-13-2024,Resolved,2
4003659,1031125,2031125,7-31-2024,Premium Issue,Branch,08-11-24,Resolved,11
4003695,1031360,2031360,09-04-24,Premium Issue,Branch,09-05-24,Resolved,1
4003718,1031564,2031564,1-23-2025,Premium Issue,Branch,2-14-2025,Resolved,22
4003796,1032249,2032249,6-15-2026,Premium Issue,Branch,6-17-2026,Resolved,2
4003815,1032409,2032409,5-22-2025,Premium Issue,Branch,06-01-25,Resolved,10
4003825,1032468,2032468,2-26-2025,Premium Issue,Branch,3-14-2025,Resolved,16
4004127,1034926,2034926,07-01-26,Premium Issue,Branch,7-28-2026,Resolved,27
4004278,1036203,2036203,4-14-2024,Premium Issue,Branch,05-06-24,Resolved,22
4004307,1036487,2036487,07-02-24,Premium Issue,Branch,7-26-2024,Resolved,24
4004403,1037240,2037240,01-08-26,Premium Issue,Branch,1-19-2026,Resolved,11
4004444,1037512,2037512,03-05-25,Premium Issue,Branch,3-21-2025,Resolved,16
4004547,1038240,2038240,1-31-2025,Premium Issue,Branch,2-28-2025,Resolved,28
4004551,1038263,2038263,02-08-25,Premium Issue,Branch,2-15-2025,Resolved,7
4004591,1038538,2038538,5-20-2024,Premium Issue,Branch,06-05-24,Resolved,16
4004638,1038902,2038902,9-27-2024,Premium Issue,Branch,10-13-2024,Resolved,16
4004716,1039555,2039555,1-18-2024,Premium Issue,Branch,1-24-2024,Resolved,6
4004733,1039695,2039695,01-01-25,Premium Issue,Branch,1-17-2025,Resolved,16
4004800,1040243,2040243,2-26-2025,Premium Issue,Branch,03-09-25,Resolved,11
4004804,1040280,2040280,1-23-2026,Premium Issue,Branch,02-12-26,Resolved,20
4004835,1040584,2040584,7-24-2025,Premium Issue,Branch,7-29-2025,Resolved,5
4004873,1040893,2040893,4-26-2025,Premium Issue,Branch,4-29-2025,Resolved,3
4004970,1041767,2041767,1-17-2025,Premium Issue,Branch,1-26-2025,Resolved,9
4004982,1041840,2041840,05-01-26,Premium Issue,Branch,5-22-2026,Resolved,21
4005101,1042937,2042937,10-25-2024,Premium Issue,Branch,11-13-2024,Resolved,19
4005108,1042969,2042969,2-13-2026,Premium Issue,Branch,03-09-26,Resolved,24
4005150,1043288,2043288,11-25-2025,Premium Issue,Branch,12-20-2025,Resolved,25
4005202,1043721,2043721,12-02-24,Premium Issue,Branch,12-14-2024,Resolved,12
4005268,1044334,2044334,11-16-2025,Premium Issue,Branch,11-27-2025,Resolved,11
4005270,1044360,2044360,6-20-2026,Premium Issue,Branch,7-20-2026,Resolved,30
4005323,1044778,2044778,3-14-2026,Premium Issue,Branch,4-13-2026,Resolved,30
4005340,1044900,2044900,1-27-2026,Premium Issue,Branch,02-02-26,Resolved,6
4005352,1044976,2044976,12-01-24,Premium Issue,Branch,12-04-24,Resolved,3
4005361,1045055,2045055,06-05-26,Premium Issue,Branch,6-26-2026,Resolved,21
4005449,1045845,2045845,5-21-2024,Premium Issue,Branch,06-09-24,Resolved,19
4005507,1046339,2046339,10-14-2025,Premium Issue,Branch,10-18-2025,Resolved,4
4005645,1047606,2047606,10-20-2025,Premium Issue,Branch,10-28-2025,Resolved,8
4005649,1047664,2047664,06-04-24,Premium Issue,Branch,06-11-24,Resolved,7
4005682,1047948,2047948,2-20-2026,Premium Issue,Branch,3-13-2026,Resolved,21
4005706,1048186,2048186,1-20-2025,Premium Issue,Branch,2-19-2025,Resolved,30
4005767,1048634,2048634,4-28-2024,Premium Issue,Branch,5-22-2024,Resolved,24
4005770,1048684,2048684,05-03-25,Premium Issue,Branch,05-11-25,Resolved,8
4005800,1049009,2049009,11-21-2024,Premium Issue,Branch,12-11-24,Resolved,20
4005838,1049262,2049262,3-26-2025,Premium Issue,Branch,3-29-2025,Resolved,3
4005864,1049508,2049508,08-08-24,Premium Issue,Branch,8-13-2024,Resolved,5
4005918,1049896,2049896,2-15-2025,Premium Issue,Branch,2-16-2025,Resolved,1
4005951,1050182,2050182,04-08-25,Premium Issue,Branch,4-20-2025,Resolved,12
4005957,1050221,2050221,12-05-24,Premium Issue,Branch,12-17-2024,Resolved,12
4006027,1050839,2050839,12-14-2025,Premium Issue,Branch,01-10-26,Resolved,27
4006083,1051453,2051453,4-15-2025,Premium Issue,Branch,5-14-2025,Resolved,29
4006176,1052316,2052316,3-29-2026,Premium Issue,Branch,4-24-2026,Resolved,26
4006264,1053098,2053098,12-05-24,Premium Issue,Branch,12-14-2024,Resolved,9
4006380,1054007,2054007,4-20-2026,Premium Issue,Branch,05-01-26,Resolved,11
4006496,1054950,2054950,2-22-2025,Premium Issue,Branch,03-01-25,Resolved,7
4006567,1055506,2055506,11-04-25,Premium Issue,Branch,12-03-25,Resolved,29
4006620,1055916,2055916,10-25-2025,Premium Issue,Branch,10-26-2025,Resolved,1
4006679,1056433,2056433,3-24-2026,Premium Issue,Branch,4-20-2026,Resolved,27
4006717,1056723,2056723,4-22-2025,Premium Issue,Branch,5-21-2025,Resolved,29
4006732,1056834,2056834,12-24-2024,Premium Issue,Branch,01-06-25,Resolved,13
4006772,1057126,2057126,12-29-2024,Premium Issue,Branch,1-25-2025,Resolved,27
4006808,1057396,2057396,02-04-26,Premium Issue,Branch,2-24-2026,Resolved,20
4006901,1058048,2058048,12-16-2025,Premium Issue,Branch,12-21-2025,Resolved,5
4006906,1058073,2058073,10-10-25,Premium Issue,Branch,10-25-2025,Resolved,15
4006919,1058162,2058162,8-23-2025,Premium Issue,Branch,9-18-2025,Resolved,26
4007052,1059289,2059289,04-06-26,Premium Issue,Branch,4-23-2026,Resolved,17
4007103,1059715,2059715,05-12-24,Premium Issue,Branch,5-24-2024,Resolved,12
4007158,1060060,2060060,5-22-2026,Premium Issue,Branch,5-26-2026,Resolved,4
4007298,1061138,2061138,05-03-26,Premium Issue,Branch,05-09-26,Resolved,6
4007347,1061583,2061583,12-05-25,Premium Issue,Branch,12-06-25,Resolved,1
4007419,1062140,2062140,10-13-2024,Premium Issue,Branch,11-12-24,Resolved,30
4007427,1062226,2062226,11-19-2024,Premium Issue,Branch,11-27-2024,Resolved,8
4007448,1062352,2062352,5-24-2025,Premium Issue,Branch,5-26-2025,Resolved,2
4007472,1062548,2062548,9-28-2024,Premium Issue,Branch,10-08-24,Resolved,10
4007484,1062711,2062711,5-18-2025,Premium Issue,Branch,06-03-25,Resolved,16
4007490,1062762,2062762,4-27-2026,Premium Issue,Branch,5-25-2026,Resolved,28
4007501,1062856,2062856,4-20-2026,Premium Issue,Branch,05-06-26,Resolved,16
4007585,1063620,2063620,7-31-2025,Premium Issue,Branch,8-25-2025,Resolved,25
4007612,1063817,2063817,3-15-2026,Premium Issue,Branch,3-18-2026,Resolved,3
4007617,1063832,2063832,2-24-2025,Premium Issue,Branch,3-24-2025,Resolved,28
4007693,1064472,2064472,5-17-2025,Premium Issue,Branch,5-20-2025,Resolved,3
4007730,1064751,2064751,5-14-2025,Premium Issue,Branch,5-15-2025,Resolved,1
4007735,1064834,2064834,04-02-26,Premium Issue,Branch,4-21-2026,Resolved,19
4007771,1065096,2065096,1-22-2026,Premium Issue,Branch,02-09-26,Resolved,18
4007787,1065214,2065214,10-04-25,Premium Issue,Branch,11-02-25,Resolved,29
4007807,1065397,2065397,10-24-2025,Premium Issue,Branch,11-16-2025,Resolved,23
4007848,1065712,2065712,11-28-2025,Premium Issue,Branch,12-10-25,Resolved,12
4007919,1066294,2066294,03-08-26,Premium Issue,Branch,3-21-2026,Resolved,13
4007934,1066422,2066422,12-31-2024,Premium Issue,Branch,01-03-25,Resolved,3
4007945,1066497,2066497,05-01-26,Premium Issue,Branch,05-04-26,Resolved,3
4008056,1067373,2067373,9-24-2025,Premium Issue,Branch,10-24-2025,Resolved,30
4008162,1068285,2068285,08-02-24,Premium Issue,Branch,08-05-24,Resolved,3
4008257,1069151,2069151,5-20-2025,Premium Issue,Branch,06-05-25,Resolved,16
4008275,1069266,2069266,12-29-2025,Premium Issue,Branch,1-20-2026,Resolved,22
4008286,1069328,2069328,12-12-25,Premium Issue,Branch,12-22-2025,Resolved,10
4008291,1069357,2069357,03-04-25,Premium Issue,Branch,03-07-25,Resolved,3
4008343,1069851,2069851,2-28-2026,Premium Issue,Branch,03-06-26,Resolved,6
4008460,1070909,2070909,11-24-2024,Premium Issue,Branch,12-14-2024,Resolved,20
4008530,1071556,2071556,02-09-26,Premium Issue,Branch,2-26-2026,Resolved,17
4008565,1071958,2071958,1-28-2026,Premium Issue,Branch,2-18-2026,Resolved,21
4008620,1072348,2072348,08-04-25,Premium Issue,Branch,8-17-2025,Resolved,13
4008644,1072594,2072594,7-21-2024,Premium Issue,Branch,7-22-2024,Resolved,1
4008647,1072630,2072630,10-17-2024,Premium Issue,Branch,10-24-2024,Resolved,7
4008672,1072827,2072827,3-14-2025,Premium Issue,Branch,3-21-2025,Resolved,7
4008744,1073441,2073441,4-15-2025,Premium Issue,Branch,5-14-2025,Resolved,29
4008751,1073477,2073477,12-04-24,Premium Issue,Branch,12-16-2024,Resolved,12
4008805,1073899,2073899,2-25-2026,Premium Issue,Branch,03-12-26,Resolved,15
4008816,1073997,2073997,10-11-25,Premium Issue,Branch,10-15-2025,Resolved,4
4008832,1074167,2074167,9-18-2026,Premium Issue,Branch,10-06-26,Resolved,18
4008849,1074320,2074320,2-26-2025,Premium Issue,Branch,3-14-2025,Resolved,16
4008860,1074376,2074376,12-24-2025,Premium Issue,Branch,12-25-2025,Resolved,1
4008894,1074757,2074757,7-22-2025,Premium Issue,Branch,7-29-2025,Resolved,7
4008946,1075214,2075214,9-21-2025,Premium Issue,Branch,10-19-2025,Resolved,28
4008957,1075290,2075290,7-28-2024,Premium Issue,Branch,8-13-2024,Resolved,16
4009047,1075944,2075944,04-11-26,Premium Issue,Branch,4-21-2026,Resolved,10
4009102,1076301,2076301,5-30-2025,Premium Issue,Branch,6-24-2025,Resolved,25
4009127,1076485,2076485,09-10-24,Premium Issue,Branch,9-24-2024,Resolved,14
4009134,1076548,2076548,05-11-25,Premium Issue,Branch,06-03-25,Resolved,23
4009221,1077228,2077228,06-04-25,Premium Issue,Branch,07-01-25,Resolved,27
4009282,1077867,2077867,4-27-2026,Premium Issue,Branch,05-06-26,Resolved,9
4009293,1078003,2078003,10-09-25,Premium Issue,Branch,11-04-25,Resolved,26
4009297,1078036,2078036,12-14-2025,Premium Issue,Branch,12-22-2025,Resolved,8
4009320,1078226,2078226,03-04-26,Premium Issue,Branch,3-22-2026,Resolved,18
4009332,1078303,2078303,10-13-2024,Premium Issue,Branch,11-05-24,Resolved,23
4009335,1078330,2078330,1-30-2026,Premium Issue,Branch,2-17-2026,Resolved,18
4009336,1078340,2078340,12-23-2025,Premium Issue,Branch,12-29-2025,Resolved,6
4009366,1078655,2078655,10-29-2025,Premium Issue,Branch,11-01-25,Resolved,3
4009461,1079375,2079375,2-16-2025,Premium Issue,Branch,2-20-2025,Resolved,4
4009479,1079558,2079558,3-20-2025,Premium Issue,Branch,3-21-2025,Resolved,1
4009537,1080022,2080022,01-01-25,Premium Issue,Branch,01-02-25,Resolved,1
4009609,1080510,2080510,7-22-2025,Premium Issue,Branch,8-13-2025,Resolved,22
4009745,1081540,2081540,9-25-2024,Premium Issue,Branch,10-14-2024,Resolved,19
4009869,1082509,2082509,4-27-2026,Premium Issue,Branch,5-23-2026,Resolved,26
4009982,1083535,2083535,7-20-2024,Premium Issue,Branch,7-28-2024,Resolved,8
4010020,1083807,2083807,12-06-25,Premium Issue,Branch,12-17-2025,Resolved,11
4010058,1084158,2084158,09-01-25,Premium Issue,Branch,09-06-25,Resolved,5
4010201,1085365,2085365,8-28-2024,Premium Issue,Branch,09-11-24,Resolved,14
4010230,1085636,2085636,1-24-2025,Premium Issue,Branch,02-06-25,Resolved,13
4010296,1086232,2086232,10-29-2024,Premium Issue,Branch,11-23-2024,Resolved,25
4010373,1086953,2086953,9-21-2025,Premium Issue,Branch,9-23-2025,Resolved,2
4010495,1087929,2087929,8-13-2026,Premium Issue,Branch,8-27-2026,Resolved,14
4010511,1088058,2088058,2-13-2026,Premium Issue,Branch,03-06-26,Resolved,21
4010593,1088657,2088657,05-09-26,Premium Issue,Branch,06-05-26,Resolved,27
4010619,1088783,2088783,12-03-25,Premium Issue,Branch,12-30-2025,Resolved,27
4010641,1088916,2088916,11-15-2025,Premium Issue,Branch,11-21-2025,Resolved,6
4010744,1089883,2089883,5-24-2026,Premium Issue,Branch,06-10-26,Resolved,17
4010884,1090993,2090993,5-14-2025,Premium Issue,Branch,06-04-25,Resolved,21
4010930,1091451,2091451,10-11-25,Premium Issue,Branch,10-29-2025,Resolved,18
4011073,1092517,2092517,03-01-25,Premium Issue,Branch,3-27-2025,Resolved,26
4011084,1092621,2092621,7-15-2024,Premium Issue,Branch,08-08-24,Resolved,24
4011132,1093058,2093058,8-21-2025,Premium Issue,Branch,8-28-2025,Resolved,7
4011155,1093264,2093264,9-28-2024,Premium Issue,Branch,10-12-24,Resolved,14
4011286,1094279,2094279,2-13-2025,Premium Issue,Branch,2-23-2025,Resolved,10
4011427,1095634,2095634,05-02-25,Premium Issue,Branch,5-30-2025,Resolved,28
4011449,1095828,2095828,06-09-25,Premium Issue,Branch,6-21-2025,Resolved,12
4011533,1096646,2096646,05-12-26,Premium Issue,Branch,5-30-2026,Resolved,18
4011594,1097177,2097177,12-08-25,Premium Issue,Branch,12-16-2025,Resolved,8
4011645,1097671,2097671,9-30-2024,Premium Issue,Branch,10-14-2024,Resolved,14
4011737,1098336,2098336,03-04-26,Premium Issue,Branch,3-19-2026,Resolved,15
4011751,1098485,2098485,12-10-24,Premium Issue,Branch,12-17-2024,Resolved,7
4011779,1098680,2098680,11-17-2025,Premium Issue,Branch,12-06-25,Resolved,19
4011782,1098689,2098689,3-25-2025,Premium Issue,Branch,4-24-2025,Resolved,30
4011820,1098968,2098968,11-08-25,Premium Issue,Branch,12-07-25,Resolved,29
4011873,1099351,2099351,12-12-24,Premium Issue,Branch,01-07-25,Resolved,26
4011874,1099357,2099357,04-01-25,Premium Issue,Branch,04-07-25,Resolved,6
4011913,1099683,2099683,3-15-2026,Premium Issue,Branch,3-17-2026,Resolved,2
4000026,1000223,2000223,4-15-2025,Policy Cancellation,Branch,5-13-2025,Resolved,28
4000036,1000336,2000336,10-10-24,Policy Cancellation,Branch,10-22-2024,Resolved,12
4000079,1000720,2000720,12-03-24,Policy Cancellation,Branch,12-17-2024,Resolved,14
4000085,1000764,2000764,4-21-2026,Policy Cancellation,Branch,05-01-26,Resolved,10
4000112,1001001,2001001,6-21-2024,Policy Cancellation,Branch,07-04-24,Resolved,13
4000319,1002884,2002884,1-28-2026,Policy Cancellation,Branch,2-17-2026,Resolved,20
4000329,1002941,2002941,2-13-2025,Policy Cancellation,Branch,03-10-25,Resolved,25
4000438,1003905,2003905,04-12-25,Policy Cancellation,Branch,4-24-2025,Resolved,12
4000445,1003973,2003973,4-25-2026,Policy Cancellation,Branch,05-07-26,Resolved,12
4000453,1004047,2004047,11-14-2025,Policy Cancellation,Branch,12-12-25,Resolved,28
4000458,1004086,2004086,9-24-2025,Policy Cancellation,Branch,10-06-25,Resolved,12
4000497,1004356,2004356,6-13-2025,Policy Cancellation,Branch,6-27-2025,Resolved,14
4000508,1004472,2004472,2-14-2025,Policy Cancellation,Branch,03-03-25,Resolved,17
4000540,1004742,2004742,12-16-2025,Policy Cancellation,Branch,01-06-26,Resolved,21
4000734,1006380,2006380,10-21-2025,Policy Cancellation,Branch,11-08-25,Resolved,18
4000769,1006710,2006710,7-18-2025,Policy Cancellation,Branch,08-06-25,Resolved,19
4000821,1007172,2007172,08-12-24,Policy Cancellation,Branch,8-29-2024,Resolved,17
4000922,1008026,2008026,05-03-26,Policy Cancellation,Branch,5-16-2026,Resolved,13
4000955,1008217,2008217,07-05-26,Policy Cancellation,Branch,07-10-26,Resolved,5
4000986,1008443,2008443,4-27-2024,Policy Cancellation,Branch,5-27-2024,Resolved,30
4000999,1008559,2008559,3-14-2026,Policy Cancellation,Branch,3-31-2026,Resolved,17
4001152,1009765,2009765,8-15-2024,Policy Cancellation,Branch,8-28-2024,Resolved,13
4001189,1010187,2010187,12-05-25,Policy Cancellation,Branch,12-30-2025,Resolved,25
4001200,1010277,2010277,7-16-2025,Policy Cancellation,Branch,08-04-25,Resolved,19
4001203,1010291,2010291,05-12-25,Policy Cancellation,Branch,5-28-2025,Resolved,16
4001245,1010633,2010633,2-20-2024,Policy Cancellation,Branch,3-17-2024,Resolved,26
4001263,1010831,2010831,09-04-24,Policy Cancellation,Branch,09-11-24,Resolved,7
4001330,1011304,2011304,09-04-26,Policy Cancellation,Branch,9-13-2026,Resolved,9
4001335,1011321,2011321,1-15-2026,Policy Cancellation,Branch,1-28-2026,Resolved,13
4001387,1011824,2011824,12-25-2025,Policy Cancellation,Branch,1-16-2026,Resolved,22
4001409,1011998,2011998,11-05-25,Policy Cancellation,Branch,11-13-2025,Resolved,8
4001530,1013044,2013044,08-10-25,Policy Cancellation,Branch,8-20-2025,Resolved,10
4001539,1013139,2013139,7-28-2025,Policy Cancellation,Branch,08-08-25,Resolved,11
4001606,1013655,2013655,12-17-2025,Policy Cancellation,Branch,01-03-26,Resolved,17
4001611,1013686,2013686,10-11-25,Policy Cancellation,Branch,10-17-2025,Resolved,6
4001621,1013747,2013747,7-19-2025,Policy Cancellation,Branch,8-13-2025,Resolved,25
4001645,1013920,2013920,8-27-2026,Policy Cancellation,Branch,8-30-2026,Resolved,3
4001745,1014807,2014807,11-17-2024,Policy Cancellation,Branch,11-24-2024,Resolved,7
4001835,1015536,2015536,01-02-25,Policy Cancellation,Branch,1-13-2025,Resolved,11
4001948,1016484,2016484,4-23-2024,Policy Cancellation,Branch,5-21-2024,Resolved,28
4002036,1017217,2017217,11-21-2025,Policy Cancellation,Branch,11-22-2025,Resolved,1
4002079,1017538,2017538,1-15-2024,Policy Cancellation,Branch,1-16-2024,Resolved,1
4002123,1017940,2017940,5-28-2026,Policy Cancellation,Branch,6-18-2026,Resolved,21
4002179,1018453,2018453,04-03-25,Policy Cancellation,Branch,05-02-25,Resolved,29
4002194,1018608,2018608,9-24-2025,Policy Cancellation,Branch,10-23-2025,Resolved,29
4002247,1019172,2019172,1-20-2026,Policy Cancellation,Branch,02-08-26,Resolved,19
4002281,1019469,2019469,2-25-2025,Policy Cancellation,Branch,3-19-2025,Resolved,22
4002282,1019475,2019475,5-25-2024,Policy Cancellation,Branch,5-30-2024,Resolved,5
4002411,1020435,2020435,09-07-24,Policy Cancellation,Branch,9-15-2024,Resolved,8
4002426,1020517,2020517,6-14-2026,Policy Cancellation,Branch,6-18-2026,Resolved,4
4002468,1020881,2020881,11-10-25,Policy Cancellation,Branch,11-20-2025,Resolved,10
4002472,1020894,2020894,02-07-25,Policy Cancellation,Branch,2-24-2025,Resolved,17
4002498,1021138,2021138,2-15-2026,Policy Cancellation,Branch,2-16-2026,Resolved,1
4002712,1022959,2022959,8-21-2026,Policy Cancellation,Branch,9-20-2026,Resolved,30
4002733,1023135,2023135,8-16-2025,Policy Cancellation,Branch,09-12-25,Resolved,27
4002822,1023777,2023777,7-14-2025,Policy Cancellation,Branch,7-27-2025,Resolved,13
4002876,1024161,2024161,04-12-25,Policy Cancellation,Branch,05-06-25,Resolved,24
4002976,1025115,2025115,7-20-2024,Policy Cancellation,Branch,08-12-24,Resolved,23
4003022,1025409,2025409,08-02-26,Policy Cancellation,Branch,8-21-2026,Resolved,19
4003044,1025551,2025551,12-03-24,Policy Cancellation,Branch,01-01-25,Resolved,29
4003053,1025614,2025614,1-28-2025,Policy Cancellation,Branch,1-31-2025,Resolved,3
4003090,1025948,2025948,03-07-26,Policy Cancellation,Branch,04-04-26,Resolved,28
4003159,1026601,2026601,6-29-2024,Policy Cancellation,Branch,7-29-2024,Resolved,30
4003312,1027885,2027885,3-27-2026,Policy Cancellation,Branch,4-14-2026,Resolved,18
4003322,1027957,2027957,3-22-2025,Policy Cancellation,Branch,4-18-2025,Resolved,27
4003408,1028686,2028686,1-28-2025,Policy Cancellation,Branch,02-10-25,Resolved,13
4003414,1028756,2028756,5-27-2026,Policy Cancellation,Branch,6-19-2026,Resolved,23
4003473,1029264,2029264,01-10-25,Policy Cancellation,Branch,1-29-2025,Resolved,19
4003501,1029618,2029618,02-12-25,Policy Cancellation,Branch,03-05-25,Resolved,21
4003599,1030487,2030487,1-22-2025,Policy Cancellation,Branch,02-03-25,Resolved,12
4003654,1031097,2031097,08-03-25,Policy Cancellation,Branch,08-05-25,Resolved,2
4003752,1031847,2031847,03-09-26,Policy Cancellation,Branch,3-18-2026,Resolved,9
4003942,1033449,2033449,7-31-2024,Policy Cancellation,Branch,08-08-24,Resolved,8
4003989,1033839,2033839,6-20-2025,Policy Cancellation,Branch,7-16-2025,Resolved,26
4004130,1034943,2034943,07-08-25,Policy Cancellation,Branch,7-30-2025,Resolved,22
4004154,1035165,2035165,02-09-26,Policy Cancellation,Branch,2-15-2026,Resolved,6
4004158,1035207,2035207,7-13-2025,Policy Cancellation,Branch,7-16-2025,Resolved,3
4004191,1035486,2035486,4-27-2025,Policy Cancellation,Branch,5-21-2025,Resolved,24
4004225,1035778,2035778,4-15-2025,Policy Cancellation,Branch,05-06-25,Resolved,21
4004297,1036414,2036414,12-15-2025,Policy Cancellation,Branch,01-02-26,Resolved,18
4004358,1036828,2036828,2-22-2026,Policy Cancellation,Branch,3-13-2026,Resolved,19
4004363,1036873,2036873,03-03-26,Policy Cancellation,Branch,3-18-2026,Resolved,15
4004372,1036942,2036942,06-09-24,Policy Cancellation,Branch,07-01-24,Resolved,22
4004427,1037396,2037396,4-16-2024,Policy Cancellation,Branch,4-19-2024,Resolved,3
4004445,1037525,2037525,12-08-25,Policy Cancellation,Branch,12-25-2025,Resolved,17
4004455,1037586,2037586,08-04-25,Policy Cancellation,Branch,08-11-25,Resolved,7
4004468,1037681,2037681,2-22-2025,Policy Cancellation,Branch,2-25-2025,Resolved,3
4004508,1038002,2038002,8-28-2024,Policy Cancellation,Branch,9-21-2024,Resolved,24
4004603,1038641,2038641,06-04-24,Policy Cancellation,Branch,6-15-2024,Resolved,11
4004621,1038770,2038770,08-02-26,Policy Cancellation,Branch,08-06-26,Resolved,4
4004696,1039367,2039367,04-02-25,Policy Cancellation,Branch,4-16-2025,Resolved,14
4004698,1039425,2039425,11-13-2026,Policy Cancellation,Branch,11-24-2026,Resolved,11
4004739,1039733,2039733,11-25-2025,Policy Cancellation,Branch,12-06-25,Resolved,11
4004867,1040862,2040862,12-03-25,Policy Cancellation,Branch,12-14-2025,Resolved,11
4004900,1041121,2041121,1-26-2026,Policy Cancellation,Branch,2-25-2026,Resolved,30
4004946,1041548,2041548,8-17-2024,Policy Cancellation,Branch,9-13-2024,Resolved,27
4004985,1041856,2041856,12-30-2024,Policy Cancellation,Branch,1-17-2025,Resolved,18
4005068,1042628,2042628,2-20-2026,Policy Cancellation,Branch,2-25-2026,Resolved,5
4005091,1042829,2042829,12-08-25,Policy Cancellation,Branch,12-24-2025,Resolved,16
4005157,1043356,2043356,04-08-25,Policy Cancellation,Branch,05-01-25,Resolved,23
4005214,1043803,2043803,9-18-2025,Policy Cancellation,Branch,10-09-25,Resolved,21
4005263,1044294,2044294,1-28-2025,Policy Cancellation,Branch,02-06-25,Resolved,9
4005264,1044304,2044304,06-07-24,Policy Cancellation,Branch,6-27-2024,Resolved,20
4005292,1044539,2044539,10-01-25,Policy Cancellation,Branch,10-14-2025,Resolved,13
4005298,1044594,2044594,10-23-2024,Policy Cancellation,Branch,11-12-24,Resolved,20
4005356,1045007,2045007,4-28-2025,Policy Cancellation,Branch,5-27-2025,Resolved,29
4005438,1045747,2045747,03-03-26,Policy Cancellation,Branch,3-25-2026,Resolved,22
4005493,1046238,2046238,05-04-26,Policy Cancellation,Branch,05-10-26,Resolved,6
4005525,1046466,2046466,09-04-25,Policy Cancellation,Branch,9-27-2025,Resolved,23
4005542,1046604,2046604,08-06-25,Policy Cancellation,Branch,8-31-2025,Resolved,25
4005698,1048126,2048126,08-06-25,Policy Cancellation,Branch,8-16-2025,Resolved,10
4005773,1048721,2048721,12-13-2025,Policy Cancellation,Branch,12-30-2025,Resolved,17
4005805,1049057,2049057,10-26-2024,Policy Cancellation,Branch,11-15-2024,Resolved,20
4005887,1049652,2049652,01-03-25,Policy Cancellation,Branch,1-19-2025,Resolved,16
4005936,1050083,2050083,6-26-2025,Policy Cancellation,Branch,7-14-2025,Resolved,18
4005939,1050092,2050092,09-03-24,Policy Cancellation,Branch,09-08-24,Resolved,5
4005987,1050458,2050458,3-28-2025,Policy Cancellation,Branch,04-04-25,Resolved,7
4006073,1051384,2051384,05-10-26,Policy Cancellation,Branch,5-23-2026,Resolved,13
4006097,1051549,2051549,6-22-2024,Policy Cancellation,Branch,07-11-24,Resolved,19
4006120,1051779,2051779,4-18-2025,Policy Cancellation,Branch,05-11-25,Resolved,23
4006144,1052004,2052004,12-13-2025,Policy Cancellation,Branch,12-18-2025,Resolved,5
4006175,1052314,2052314,3-18-2025,Policy Cancellation,Branch,3-26-2025,Resolved,8
4006195,1052486,2052486,11-19-2025,Policy Cancellation,Branch,12-16-2025,Resolved,27
4006527,1055190,2055190,12-10-25,Policy Cancellation,Branch,12-29-2025,Resolved,19
4006531,1055211,2055211,09-04-26,Policy Cancellation,Branch,9-22-2026,Resolved,18
4006550,1055366,2055366,6-14-2025,Policy Cancellation,Branch,07-07-25,Resolved,23
4006593,1055757,2055757,5-20-2026,Policy Cancellation,Branch,5-26-2026,Resolved,6
4006617,1055901,2055901,10-23-2025,Policy Cancellation,Branch,11-21-2025,Resolved,29
4006649,1056180,2056180,09-11-24,Policy Cancellation,Branch,9-26-2024,Resolved,15
4006661,1056289,2056289,12-09-24,Policy Cancellation,Branch,01-05-25,Resolved,27
4006678,1056432,2056432,03-08-24,Policy Cancellation,Branch,3-21-2024,Resolved,13
4006811,1057433,2057433,02-07-25,Policy Cancellation,Branch,03-09-25,Resolved,30
4006815,1057455,2057455,5-29-2025,Policy Cancellation,Branch,6-25-2025,Resolved,27
4006895,1057994,2057994,6-13-2025,Policy Cancellation,Branch,07-03-25,Resolved,20
4007011,1058973,2058973,03-02-26,Policy Cancellation,Branch,3-14-2026,Resolved,12
4007029,1059124,2059124,8-27-2025,Policy Cancellation,Branch,8-28-2025,Resolved,1
4007064,1059366,2059366,7-18-2025,Policy Cancellation,Branch,08-08-25,Resolved,21
4007093,1059626,2059626,3-16-2026,Policy Cancellation,Branch,04-10-26,Resolved,25
4007120,1059796,2059796,2-14-2025,Policy Cancellation,Branch,3-13-2025,Resolved,27
4007138,1059911,2059911,05-07-25,Policy Cancellation,Branch,5-24-2025,Resolved,17
4007162,1060108,2060108,8-22-2025,Policy Cancellation,Branch,8-27-2025,Resolved,5
4007227,1060599,2060599,9-15-2024,Policy Cancellation,Branch,9-23-2024,Resolved,8
4007279,1061017,2061017,6-29-2026,Policy Cancellation,Branch,7-21-2026,Resolved,22
4007290,1061104,2061104,10-03-24,Policy Cancellation,Branch,10-04-24,Resolved,1
4007305,1061193,2061193,6-27-2024,Policy Cancellation,Branch,07-12-24,Resolved,15
4007306,1061194,2061194,12-19-2024,Policy Cancellation,Branch,12-20-2024,Resolved,1
4007310,1061258,2061258,3-15-2026,Policy Cancellation,Branch,3-28-2026,Resolved,13
4007469,1062526,2062526,11-06-25,Policy Cancellation,Branch,11-12-25,Resolved,6
4007480,1062637,2062637,10-15-2025,Policy Cancellation,Branch,11-03-25,Resolved,19
4007507,1062908,2062908,04-09-25,Policy Cancellation,Branch,05-07-25,Resolved,28
4007522,1063069,2063069,4-23-2026,Policy Cancellation,Branch,05-07-26,Resolved,14
4007525,1063132,2063132,11-05-25,Policy Cancellation,Branch,11-14-2025,Resolved,9
4007527,1063135,2063135,12-31-2025,Policy Cancellation,Branch,1-22-2026,Resolved,22
4007643,1064058,2064058,04-06-24,Policy Cancellation,Branch,05-01-24,Resolved,25
4007713,1064624,2064624,3-30-2024,Policy Cancellation,Branch,3-31-2024,Resolved,1
4007759,1064986,2064986,11-14-2024,Policy Cancellation,Branch,12-08-24,Resolved,24
4007773,1065110,2065110,4-21-2025,Policy Cancellation,Branch,5-14-2025,Resolved,23
4007801,1065350,2065350,12-28-2025,Policy Cancellation,Branch,01-12-26,Resolved,15
4007894,1066107,2066107,4-19-2026,Policy Cancellation,Branch,5-15-2026,Resolved,26
4007973,1066748,2066748,12-02-24,Policy Cancellation,Branch,12-22-2024,Resolved,20
4007979,1066775,2066775,4-29-2025,Policy Cancellation,Branch,5-27-2025,Resolved,28
4008057,1067374,2067374,10-30-2025,Policy Cancellation,Branch,11-25-2025,Resolved,26
4008078,1067555,2067555,10-25-2024,Policy Cancellation,Branch,11-08-24,Resolved,14
4008169,1068373,2068373,7-18-2025,Policy Cancellation,Branch,7-25-2025,Resolved,7
4008181,1068432,2068432,05-12-25,Policy Cancellation,Branch,5-22-2025,Resolved,10
4008209,1068750,2068750,3-31-2025,Policy Cancellation,Branch,4-18-2025,Resolved,18
4008365,1070031,2070031,07-04-25,Policy Cancellation,Branch,08-03-25,Resolved,30
4008374,1070111,2070111,3-21-2026,Policy Cancellation,Branch,4-14-2026,Resolved,24
4008388,1070291,2070291,02-07-25,Policy Cancellation,Branch,03-09-25,Resolved,30
4008396,1070353,2070353,9-29-2025,Policy Cancellation,Branch,10-01-25,Resolved,2
4008441,1070724,2070724,10-30-2024,Policy Cancellation,Branch,11-15-2024,Resolved,16
4008499,1071247,2071247,07-06-25,Policy Cancellation,Branch,07-08-25,Resolved,2
4008528,1071535,2071535,06-02-24,Policy Cancellation,Branch,06-03-24,Resolved,1
4008555,1071807,2071807,11-24-2024,Policy Cancellation,Branch,12-14-2024,Resolved,20
4008622,1072389,2072389,07-01-25,Policy Cancellation,Branch,7-26-2025,Resolved,25
4008648,1072638,2072638,3-15-2025,Policy Cancellation,Branch,4-14-2025,Resolved,30
4008673,1072829,2072829,1-16-2026,Policy Cancellation,Branch,1-18-2026,Resolved,2
4008739,1073390,2073390,8-31-2025,Policy Cancellation,Branch,9-30-2025,Resolved,30
4008755,1073496,2073496,7-17-2024,Policy Cancellation,Branch,08-11-24,Resolved,25
4008774,1073685,2073685,12-30-2024,Policy Cancellation,Branch,1-16-2025,Resolved,17
4008793,1073816,2073816,08-12-25,Policy Cancellation,Branch,09-04-25,Resolved,23
4008914,1074925,2074925,8-28-2026,Policy Cancellation,Branch,8-29-2026,Resolved,1
4008951,1075241,2075241,12-19-2024,Policy Cancellation,Branch,12-27-2024,Resolved,8
4009004,1075596,2075596,9-23-2025,Policy Cancellation,Branch,10-06-25,Resolved,13
4009091,1076248,2076248,12-24-2025,Policy Cancellation,Branch,12-28-2025,Resolved,4
4009115,1076439,2076439,12-30-2025,Policy Cancellation,Branch,12-31-2025,Resolved,1
4009126,1076481,2076481,3-30-2026,Policy Cancellation,Branch,4-23-2026,Resolved,24
4009190,1077005,2077005,5-24-2025,Policy Cancellation,Branch,5-26-2025,Resolved,2
4009242,1077451,2077451,12-21-2025,Policy Cancellation,Branch,12-31-2025,Resolved,10
4009291,1077979,2077979,1-19-2025,Policy Cancellation,Branch,2-15-2025,Resolved,27
4009355,1078499,2078499,1-14-2025,Policy Cancellation,Branch,1-22-2025,Resolved,8
4009388,1078820,2078820,1-17-2025,Policy Cancellation,Branch,2-14-2025,Resolved,28
4009402,1078952,2078952,1-16-2026,Policy Cancellation,Branch,1-23-2026,Resolved,7
4009425,1079124,2079124,8-17-2024,Policy Cancellation,Branch,8-30-2024,Resolved,13
4009578,1080292,2080292,8-27-2025,Policy Cancellation,Branch,9-25-2025,Resolved,29
4009611,1080516,2080516,04-05-26,Policy Cancellation,Branch,04-10-26,Resolved,5
4009622,1080630,2080630,1-26-2026,Policy Cancellation,Branch,2-19-2026,Resolved,24
4009645,1080809,2080809,09-10-24,Policy Cancellation,Branch,10-07-24,Resolved,27
4009740,1081510,2081510,09-03-26,Policy Cancellation,Branch,9-23-2026,Resolved,20
4009795,1081913,2081913,08-10-25,Policy Cancellation,Branch,8-15-2025,Resolved,5
4009862,1082491,2082491,2-21-2026,Policy Cancellation,Branch,3-18-2026,Resolved,25
4009889,1082607,2082607,01-11-25,Policy Cancellation,Branch,1-15-2025,Resolved,4
4009998,1083634,2083634,08-10-26,Policy Cancellation,Branch,8-23-2026,Resolved,13
4010003,1083704,2083704,3-23-2025,Policy Cancellation,Branch,3-29-2025,Resolved,6
4010037,1083962,2083962,10-16-2025,Policy Cancellation,Branch,11-11-25,Resolved,26
4010044,1084005,2084005,12-20-2025,Policy Cancellation,Branch,01-08-26,Resolved,19
4010085,1084341,2084341,06-09-25,Policy Cancellation,Branch,6-28-2025,Resolved,19
4010107,1084550,2084550,2-22-2026,Policy Cancellation,Branch,03-09-26,Resolved,15
4010167,1085112,2085112,6-30-2025,Policy Cancellation,Branch,07-11-25,Resolved,11
4010183,1085208,2085208,10-17-2025,Policy Cancellation,Branch,11-16-2025,Resolved,30
4010210,1085444,2085444,08-11-24,Policy Cancellation,Branch,8-29-2024,Resolved,18
4010280,1086103,2086103,09-05-25,Policy Cancellation,Branch,09-10-25,Resolved,5
4010399,1087213,2087213,12-07-24,Policy Cancellation,Branch,01-03-25,Resolved,27
4010405,1087239,2087239,5-17-2025,Policy Cancellation,Branch,5-29-2025,Resolved,12
4010422,1087407,2087407,3-29-2025,Policy Cancellation,Branch,04-10-25,Resolved,12
4010544,1088300,2088300,3-23-2026,Policy Cancellation,Branch,3-26-2026,Resolved,3
4010584,1088590,2088590,9-28-2024,Policy Cancellation,Branch,10-13-2024,Resolved,15
4010634,1088877,2088877,04-06-26,Policy Cancellation,Branch,04-10-26,Resolved,4
4010636,1088889,2088889,08-08-24,Policy Cancellation,Branch,8-26-2024,Resolved,18
4010639,1088907,2088907,4-19-2025,Policy Cancellation,Branch,5-19-2025,Resolved,30
4010666,1089213,2089213,11-02-25,Policy Cancellation,Branch,11-26-2025,Resolved,24
4010682,1089331,2089331,8-23-2025,Policy Cancellation,Branch,09-10-25,Resolved,18
4010722,1089715,2089715,7-13-2024,Policy Cancellation,Branch,7-18-2024,Resolved,5
4010778,1090184,2090184,12-22-2024,Policy Cancellation,Branch,1-21-2025,Resolved,30
4010877,1090939,2090939,12-01-24,Policy Cancellation,Branch,12-24-2024,Resolved,23
4010946,1091576,2091576,3-27-2025,Policy Cancellation,Branch,4-18-2025,Resolved,22
4010991,1091960,2091960,06-04-24,Policy Cancellation,Branch,6-15-2024,Resolved,11
4011015,1092175,2092175,04-01-26,Policy Cancellation,Branch,4-18-2026,Resolved,17
4011016,1092197,2092197,01-04-25,Policy Cancellation,Branch,1-20-2025,Resolved,16
4011137,1093089,2093089,6-30-2024,Policy Cancellation,Branch,7-13-2024,Resolved,13
4011192,1093558,2093558,3-23-2025,Policy Cancellation,Branch,4-14-2025,Resolved,22
4011201,1093657,2093657,5-20-2026,Policy Cancellation,Branch,06-01-26,Resolved,12
4011235,1093896,2093896,07-11-26,Policy Cancellation,Branch,7-14-2026,Resolved,3
4011261,1094106,2094106,11-21-2025,Policy Cancellation,Branch,12-02-25,Resolved,11
4011278,1094233,2094233,3-28-2025,Policy Cancellation,Branch,4-19-2025,Resolved,22
4011292,1094362,2094362,11-24-2025,Policy Cancellation,Branch,12-06-25,Resolved,12
4011410,1095479,2095479,6-14-2024,Policy Cancellation,Branch,6-20-2024,Resolved,6
4011461,1095963,2095963,2-14-2026,Policy Cancellation,Branch,03-09-26,Resolved,23
4011517,1096465,2096465,11-03-24,Policy Cancellation,Branch,11-13-2024,Resolved,10
4011549,1096788,2096788,5-22-2026,Policy Cancellation,Branch,6-18-2026,Resolved,27
4011557,1096844,2096844,3-16-2025,Policy Cancellation,Branch,04-08-25,Resolved,23
4011574,1096991,2096991,03-08-26,Policy Cancellation,Branch,04-02-26,Resolved,25
4011602,1097268,2097268,3-29-2026,Policy Cancellation,Branch,4-25-2026,Resolved,27
4011606,1097286,2097286,12-28-2024,Policy Cancellation,Branch,1-19-2025,Resolved,22
4011611,1097336,2097336,4-24-2026,Policy Cancellation,Branch,4-28-2026,Resolved,4
4011637,1097546,2097546,09-09-25,Policy Cancellation,Branch,9-26-2025,Resolved,17
4011657,1097771,2097771,3-17-2025,Policy Cancellation,Branch,3-24-2025,Resolved,7
4011672,1097875,2097875,04-06-26,Policy Cancellation,Branch,4-22-2026,Resolved,16
4011697,1098059,2098059,01-07-26,Policy Cancellation,Branch,1-24-2026,Resolved,17
4011800,1098804,2098804,10-23-2024,Policy Cancellation,Branch,10-26-2024,Resolved,3
4011854,1099255,2099255,3-18-2026,Policy Cancellation,Branch,4-16-2026,Resolved,29
4011864,1099292,2099292,12-05-25,Policy Cancellation,Branch,12-28-2025,Resolved,23
4011949,1099947,2099947,1-13-2026,Policy Cancellation,Branch,02-01-26,Resolved,19
4000017,1000166,2000166,04-04-25,Claim Delay,Branch,05-04-25,Resolved,30
4000027,1000230,2000230,11-29-2025,Claim Delay,Branch,12-20-2025,Resolved,21
4000109,1000976,2000976,9-30-2024,Claim Delay,Branch,10-19-2024,Resolved,19
4000140,1001247,2001247,7-30-2024,Claim Delay,Branch,08-07-24,Resolved,8
4000157,1001413,2001413,02-10-25,Claim Delay,Branch,2-21-2025,Resolved,11
4000303,1002794,2002794,10-09-25,Claim Delay,Branch,11-06-25,Resolved,28
4000305,1002797,2002797,9-16-2024,Claim Delay,Branch,10-11-24,Resolved,25
4000309,1002839,2002839,5-25-2025,Claim Delay,Branch,06-08-25,Resolved,14
4000469,1004178,2004178,07-09-25,Claim Delay,Branch,08-06-25,Resolved,28
4000511,1004483,2004483,6-25-2025,Claim Delay,Branch,7-15-2025,Resolved,20
4000519,1004541,2004541,9-18-2025,Claim Delay,Branch,9-28-2025,Resolved,10
4000546,1004802,2004802,07-09-25,Claim Delay,Branch,08-03-25,Resolved,25
4000553,1004846,2004846,9-15-2025,Claim Delay,Branch,10-15-2025,Resolved,30
4000591,1005210,2005210,2-21-2025,Claim Delay,Branch,3-23-2025,Resolved,30
4000630,1005571,2005571,10-24-2024,Claim Delay,Branch,11-23-2024,Resolved,30
4000643,1005647,2005647,8-26-2026,Claim Delay,Branch,8-31-2026,Resolved,5
4000649,1005677,2005677,2-14-2026,Claim Delay,Branch,2-15-2026,Resolved,1
4000775,1006775,2006775,11-12-24,Claim Delay,Branch,11-13-2024,Resolved,1
4000882,1007709,2007709,9-16-2025,Claim Delay,Branch,10-12-25,Resolved,26
4000936,1008098,2008098,8-14-2024,Claim Delay,Branch,8-23-2024,Resolved,9
4000995,1008478,2008478,10-15-2025,Claim Delay,Branch,10-17-2025,Resolved,2
4001001,1008578,2008578,09-03-25,Claim Delay,Branch,9-27-2025,Resolved,24
4001011,1008699,2008699,6-29-2026,Claim Delay,Branch,07-07-26,Resolved,8
4001040,1008860,2008860,09-03-26,Claim Delay,Branch,9-15-2026,Resolved,12
4001112,1009444,2009444,6-25-2024,Claim Delay,Branch,07-03-24,Resolved,8
4001117,1009460,2009460,07-04-26,Claim Delay,Branch,7-21-2026,Resolved,17
4001130,1009588,2009588,4-14-2026,Claim Delay,Branch,4-26-2026,Resolved,12
4001171,1009932,2009932,11-20-2025,Claim Delay,Branch,12-06-25,Resolved,16
4001315,1011232,2011232,7-25-2026,Claim Delay,Branch,8-22-2026,Resolved,28
4001322,1011271,2011271,1-19-2025,Claim Delay,Branch,02-10-25,Resolved,22
4001474,1012551,2012551,06-01-25,Claim Delay,Branch,6-20-2025,Resolved,19
4001520,1012941,2012941,06-02-26,Claim Delay,Branch,6-14-2026,Resolved,12
4001572,1013390,2013390,7-23-2024,Claim Delay,Branch,8-18-2024,Resolved,26
4001574,1013398,2013398,07-09-24,Claim Delay,Branch,08-03-24,Resolved,25
4001614,1013719,2013719,3-27-2025,Claim Delay,Branch,4-25-2025,Resolved,29
4001623,1013767,2013767,10-21-2025,Claim Delay,Branch,10-31-2025,Resolved,10
4001632,1013839,2013839,7-30-2025,Claim Delay,Branch,8-22-2025,Resolved,23
4001718,1014569,2014569,4-26-2025,Claim Delay,Branch,05-07-25,Resolved,11
4001887,1016072,2016072,07-12-24,Claim Delay,Branch,08-10-24,Resolved,29
4001930,1016361,2016361,9-29-2024,Claim Delay,Branch,10-20-2024,Resolved,21
4001936,1016409,2016409,7-19-2026,Claim Delay,Branch,08-01-26,Resolved,13
4001953,1016515,2016515,1-21-2026,Claim Delay,Branch,02-11-26,Resolved,21
4002011,1017048,2017048,9-23-2025,Claim Delay,Branch,10-14-2025,Resolved,21
4002038,1017225,2017225,3-17-2026,Claim Delay,Branch,4-14-2026,Resolved,28
4002048,1017297,2017297,4-21-2025,Claim Delay,Branch,5-13-2025,Resolved,22
4002049,1017307,2017307,12-16-2025,Claim Delay,Branch,01-04-26,Resolved,19
4002122,1017936,2017936,10-27-2024,Claim Delay,Branch,10-30-2024,Resolved,3
4002148,1018182,2018182,09-01-24,Claim Delay,Branch,9-26-2024,Resolved,25
4002184,1018497,2018497,6-23-2024,Claim Delay,Branch,6-27-2024,Resolved,4
4002242,1019138,2019138,09-09-25,Claim Delay,Branch,9-28-2025,Resolved,19
4002278,1019434,2019434,4-21-2025,Claim Delay,Branch,05-11-25,Resolved,20
4002321,1019825,2019825,05-08-26,Claim Delay,Branch,5-27-2026,Resolved,19
4002563,1021721,2021721,12-25-2024,Claim Delay,Branch,01-12-25,Resolved,18
4002573,1021808,2021808,9-18-2026,Claim Delay,Branch,9-29-2026,Resolved,11
4002592,1021993,2021993,02-03-25,Claim Delay,Branch,02-10-25,Resolved,7
4002641,1022406,2022406,11-23-2024,Claim Delay,Branch,12-02-24,Resolved,9
4002652,1022539,2022539,4-19-2024,Claim Delay,Branch,4-26-2024,Resolved,7
4002755,1023298,2023298,08-11-25,Claim Delay,Branch,8-26-2025,Resolved,15
4002759,1023336,2023336,11-16-2025,Claim Delay,Branch,12-06-25,Resolved,20
4002793,1023621,2023621,12-26-2024,Claim Delay,Branch,01-11-25,Resolved,16
4002797,1023638,2023638,10-13-2025,Claim Delay,Branch,11-08-25,Resolved,26
4002889,1024301,2024301,4-15-2025,Claim Delay,Branch,4-25-2025,Resolved,10
4002932,1024745,2024745,5-21-2025,Claim Delay,Branch,5-30-2025,Resolved,9
4002960,1024959,2024959,07-05-25,Claim Delay,Branch,7-29-2025,Resolved,24
4002991,1025204,2025204,8-21-2024,Claim Delay,Branch,9-13-2024,Resolved,23
4003021,1025402,2025402,8-27-2026,Claim Delay,Branch,9-15-2026,Resolved,19
4003071,1025760,2025760,07-06-24,Claim Delay,Branch,7-13-2024,Resolved,7
4003111,1026087,2026087,10-30-2025,Claim Delay,Branch,11-12-25,Resolved,13
4003191,1026877,2026877,07-08-25,Claim Delay,Branch,08-03-25,Resolved,26
4003208,1027032,2027032,06-08-25,Claim Delay,Branch,6-22-2025,Resolved,14
4003221,1027155,2027155,10-28-2025,Claim Delay,Branch,10-29-2025,Resolved,1
4003262,1027475,2027475,2-15-2026,Claim Delay,Branch,2-19-2026,Resolved,4
4003334,1028016,2028016,11-29-2024,Claim Delay,Branch,11-30-2024,Resolved,1
4003391,1028570,2028570,11-06-24,Claim Delay,Branch,11-24-2024,Resolved,18
4003430,1028902,2028902,01-10-25,Claim Delay,Branch,02-09-25,Resolved,30
4003466,1029180,2029180,02-12-25,Claim Delay,Branch,03-04-25,Resolved,20
4003516,1029741,2029741,10-10-24,Claim Delay,Branch,11-05-24,Resolved,26
4003615,1030677,2030677,07-10-25,Claim Delay,Branch,08-07-25,Resolved,28
4003649,1031056,2031056,5-20-2025,Claim Delay,Branch,06-08-25,Resolved,19
4003697,1031399,2031399,07-06-25,Claim Delay,Branch,07-12-25,Resolved,6
4003915,1033283,2033283,10-06-25,Claim Delay,Branch,10-15-2025,Resolved,9
4003928,1033341,2033341,01-11-26,Claim Delay,Branch,02-02-26,Resolved,22
4003993,1033865,2033865,8-18-2024,Claim Delay,Branch,09-06-24,Resolved,19
4003998,1033916,2033916,3-22-2026,Claim Delay,Branch,4-13-2026,Resolved,22
4004016,1034034,2034034,11-07-25,Claim Delay,Branch,11-16-2025,Resolved,9
4004027,1034119,2034119,5-24-2026,Claim Delay,Branch,5-28-2026,Resolved,4
4004035,1034168,2034168,12-12-24,Claim Delay,Branch,01-05-25,Resolved,24
4004066,1034373,2034373,2-27-2025,Claim Delay,Branch,3-16-2025,Resolved,17
4004096,1034604,2034604,6-29-2025,Claim Delay,Branch,07-03-25,Resolved,4
4004135,1034971,2034971,4-22-2025,Claim Delay,Branch,5-22-2025,Resolved,30
4004196,1035566,2035566,4-19-2025,Claim Delay,Branch,05-01-25,Resolved,12
4004257,1036016,2036016,04-08-26,Claim Delay,Branch,4-17-2026,Resolved,9
4004331,1036629,2036629,06-07-26,Claim Delay,Branch,07-07-26,Resolved,30
4004429,1037405,2037405,03-09-25,Claim Delay,Branch,3-14-2025,Resolved,5
4004437,1037455,2037455,2-17-2026,Claim Delay,Branch,3-19-2026,Resolved,30
4004478,1037757,2037757,10-06-24,Claim Delay,Branch,10-07-24,Resolved,1
4004486,1037802,2037802,03-01-26,Claim Delay,Branch,03-07-26,Resolved,6
4004538,1038186,2038186,8-31-2025,Claim Delay,Branch,9-24-2025,Resolved,24
4004596,1038595,2038595,12-21-2024,Claim Delay,Branch,1-18-2025,Resolved,28
4004705,1039481,2039481,1-17-2025,Claim Delay,Branch,1-18-2025,Resolved,1
4004744,1039769,2039769,07-04-26,Claim Delay,Branch,7-14-2026,Resolved,10
4004788,1040157,2040157,03-05-26,Claim Delay,Branch,04-01-26,Resolved,27
4004858,1040770,2040770,2-21-2025,Claim Delay,Branch,3-17-2025,Resolved,24
4004872,1040886,2040886,4-22-2026,Claim Delay,Branch,5-19-2026,Resolved,27
4004880,1040956,2040956,7-14-2025,Claim Delay,Branch,08-02-25,Resolved,19
4004902,1041134,2041134,11-12-25,Claim Delay,Branch,11-15-2025,Resolved,3
4004922,1041295,2041295,6-29-2025,Claim Delay,Branch,7-15-2025,Resolved,16
4004923,1041340,2041340,6-15-2025,Claim Delay,Branch,6-23-2025,Resolved,8
4004936,1041448,2041448,10-19-2024,Claim Delay,Branch,11-18-2024,Resolved,30
4005018,1042197,2042197,7-28-2025,Claim Delay,Branch,7-29-2025,Resolved,1
4005080,1042745,2042745,02-05-25,Claim Delay,Branch,2-16-2025,Resolved,11
4005103,1042948,2042948,1-26-2025,Claim Delay,Branch,02-01-25,Resolved,6
4005104,1042949,2042949,1-26-2025,Claim Delay,Branch,1-30-2025,Resolved,4
4005138,1043170,2043170,11-25-2025,Claim Delay,Branch,11-30-2025,Resolved,5
4005339,1044891,2044891,11-14-2024,Claim Delay,Branch,11-29-2024,Resolved,15
4005410,1045572,2045572,6-28-2026,Claim Delay,Branch,7-20-2026,Resolved,22
4005470,1046013,2046013,7-15-2024,Claim Delay,Branch,7-17-2024,Resolved,2
4005562,1046865,2046865,03-07-25,Claim Delay,Branch,04-03-25,Resolved,27
4005579,1046998,2046998,04-05-26,Claim Delay,Branch,4-25-2026,Resolved,20
4005617,1047317,2047317,11-18-2025,Claim Delay,Branch,12-13-2025,Resolved,25
4005638,1047566,2047566,1-15-2026,Claim Delay,Branch,02-11-26,Resolved,27
4005639,1047577,2047577,7-28-2025,Claim Delay,Branch,08-03-25,Resolved,6
4005716,1048278,2048278,3-26-2025,Claim Delay,Branch,04-11-25,Resolved,16
4005728,1048335,2048335,08-04-24,Claim Delay,Branch,08-05-24,Resolved,1
4005735,1048392,2048392,11-29-2025,Claim Delay,Branch,12-29-2025,Resolved,30
4005755,1048521,2048521,01-12-25,Claim Delay,Branch,1-28-2025,Resolved,16
4005763,1048607,2048607,10-19-2024,Claim Delay,Branch,11-01-24,Resolved,13
4005772,1048702,2048702,4-15-2025,Claim Delay,Branch,05-03-25,Resolved,18
4005797,1048953,2048953,3-26-2025,Claim Delay,Branch,04-03-25,Resolved,8
4005846,1049354,2049354,1-16-2026,Claim Delay,Branch,1-31-2026,Resolved,15
4005868,1049526,2049526,12-21-2024,Claim Delay,Branch,01-10-25,Resolved,20
4005963,1050253,2050253,11-24-2024,Claim Delay,Branch,11-30-2024,Resolved,6
4006019,1050731,2050731,10-29-2025,Claim Delay,Branch,11-21-2025,Resolved,23
4006089,1051491,2051491,7-27-2025,Claim Delay,Branch,08-04-25,Resolved,8
4006101,1051565,2051565,4-17-2025,Claim Delay,Branch,05-02-25,Resolved,15
4006168,1052237,2052237,7-15-2024,Claim Delay,Branch,7-24-2024,Resolved,9
4006355,1053832,2053832,3-18-2024,Claim Delay,Branch,04-10-24,Resolved,23
4006373,1053952,2053952,12-04-24,Claim Delay,Branch,12-24-2024,Resolved,20
4006383,1054017,2054017,03-12-25,Claim Delay,Branch,3-26-2025,Resolved,14
4006396,1054134,2054134,6-21-2025,Claim Delay,Branch,07-07-25,Resolved,16
4006425,1054392,2054392,2-25-2025,Claim Delay,Branch,3-26-2025,Resolved,29
4006428,1054409,2054409,06-10-25,Claim Delay,Branch,6-20-2025,Resolved,10
4006477,1054777,2054777,10-08-25,Claim Delay,Branch,10-20-2025,Resolved,12
4006569,1055512,2055512,12-05-24,Claim Delay,Branch,12-09-24,Resolved,4
4006728,1056783,2056783,11-01-24,Claim Delay,Branch,11-11-24,Resolved,10
4006754,1056965,2056965,02-06-26,Claim Delay,Branch,2-19-2026,Resolved,13
4006848,1057628,2057628,02-10-25,Claim Delay,Branch,2-25-2025,Resolved,15
4006870,1057830,2057830,04-01-26,Claim Delay,Branch,4-18-2026,Resolved,17
4006898,1058019,2058019,5-31-2025,Claim Delay,Branch,6-27-2025,Resolved,27
4006913,1058112,2058112,7-22-2025,Claim Delay,Branch,08-11-25,Resolved,20
4006941,1058318,2058318,1-22-2026,Claim Delay,Branch,1-30-2026,Resolved,8
4006958,1058423,2058423,1-31-2026,Claim Delay,Branch,2-17-2026,Resolved,17
4006971,1058615,2058615,01-10-26,Claim Delay,Branch,1-23-2026,Resolved,13
4007004,1058915,2058915,10-18-2025,Claim Delay,Branch,10-25-2025,Resolved,7
4007094,1059639,2059639,1-20-2026,Claim Delay,Branch,1-30-2026,Resolved,10
4007098,1059665,2059665,04-10-26,Claim Delay,Branch,4-28-2026,Resolved,18
4007140,1059931,2059931,05-05-25,Claim Delay,Branch,5-24-2025,Resolved,19
4007154,1060034,2060034,1-23-2025,Claim Delay,Branch,02-08-25,Resolved,16
4007182,1060285,2060285,2-14-2026,Claim Delay,Branch,3-15-2026,Resolved,29
4007196,1060390,2060390,07-01-24,Claim Delay,Branch,7-22-2024,Resolved,21
4007231,1060617,2060617,4-19-2026,Claim Delay,Branch,4-22-2026,Resolved,3
4007234,1060642,2060642,6-17-2026,Claim Delay,Branch,6-25-2026,Resolved,8
4007286,1061079,2061079,08-11-25,Claim Delay,Branch,09-06-25,Resolved,26
4007307,1061225,2061225,2-19-2026,Claim Delay,Branch,03-09-26,Resolved,18
4007356,1061643,2061643,11-29-2026,Claim Delay,Branch,12-21-2026,Resolved,22
4007606,1063770,2063770,03-06-25,Claim Delay,Branch,3-26-2025,Resolved,20
4007663,1064237,2064237,8-26-2025,Claim Delay,Branch,9-25-2025,Resolved,30
4007683,1064408,2064408,03-03-26,Claim Delay,Branch,03-10-26,Resolved,7
4007732,1064777,2064777,02-03-26,Claim Delay,Branch,2-22-2026,Resolved,19
4007769,1065090,2065090,5-27-2024,Claim Delay,Branch,06-06-24,Resolved,10
4007811,1065436,2065436,1-18-2026,Claim Delay,Branch,2-17-2026,Resolved,30
4007964,1066683,2066683,01-03-25,Claim Delay,Branch,1-18-2025,Resolved,15
4008006,1066992,2066992,01-12-26,Claim Delay,Branch,02-08-26,Resolved,27
4008027,1067190,2067190,1-21-2025,Claim Delay,Branch,02-11-25,Resolved,21
4008064,1067432,2067432,07-02-26,Claim Delay,Branch,07-09-26,Resolved,7
4008083,1067633,2067633,01-02-26,Claim Delay,Branch,1-13-2026,Resolved,11
4008130,1068056,2068056,2-26-2026,Claim Delay,Branch,3-20-2026,Resolved,22
4008191,1068541,2068541,8-20-2024,Claim Delay,Branch,9-15-2024,Resolved,26
4008382,1070191,2070191,3-22-2026,Claim Delay,Branch,04-04-26,Resolved,13
4008444,1070757,2070757,9-25-2024,Claim Delay,Branch,9-30-2024,Resolved,5
4008459,1070905,2070905,6-18-2025,Claim Delay,Branch,6-21-2025,Resolved,3
4008569,1071977,2071977,1-15-2025,Claim Delay,Branch,1-30-2025,Resolved,15
4008628,1072465,2072465,3-26-2025,Claim Delay,Branch,4-14-2025,Resolved,19
4008654,1072677,2072677,5-13-2026,Claim Delay,Branch,5-30-2026,Resolved,17
4008662,1072747,2072747,12-15-2024,Claim Delay,Branch,01-07-25,Resolved,23
4008779,1073705,2073705,9-26-2026,Claim Delay,Branch,10-20-2026,Resolved,24
4008814,1073990,2073990,2-26-2025,Claim Delay,Branch,03-04-25,Resolved,6
4008830,1074154,2074154,07-05-26,Claim Delay,Branch,07-10-26,Resolved,5
4008859,1074362,2074362,7-24-2025,Claim Delay,Branch,08-01-25,Resolved,8
4008864,1074411,2074411,8-24-2024,Claim Delay,Branch,09-06-24,Resolved,13
4008867,1074446,2074446,12-12-24,Claim Delay,Branch,12-22-2024,Resolved,10
4008902,1074823,2074823,10-02-25,Claim Delay,Branch,10-12-25,Resolved,10
4008912,1074913,2074913,6-26-2024,Claim Delay,Branch,7-18-2024,Resolved,22
4008932,1075071,2075071,10-20-2025,Claim Delay,Branch,10-26-2025,Resolved,6
4008956,1075282,2075282,3-25-2026,Claim Delay,Branch,04-08-26,Resolved,14
4008976,1075402,2075402,02-09-25,Claim Delay,Branch,03-07-25,Resolved,26
4009139,1076566,2076566,3-13-2025,Claim Delay,Branch,04-03-25,Resolved,21
4009184,1076968,2076968,4-19-2025,Claim Delay,Branch,4-24-2025,Resolved,5
4009200,1077067,2077067,8-16-2024,Claim Delay,Branch,09-02-24,Resolved,17
4009209,1077169,2077169,6-28-2026,Claim Delay,Branch,7-18-2026,Resolved,20
4009222,1077233,2077233,6-18-2024,Claim Delay,Branch,6-30-2024,Resolved,12
4009372,1078675,2078675,12-04-24,Claim Delay,Branch,12-08-24,Resolved,4
4009421,1079103,2079103,03-05-26,Claim Delay,Branch,03-06-26,Resolved,1
4009435,1079212,2079212,07-10-25,Claim Delay,Branch,08-05-25,Resolved,26
4009446,1079272,2079272,8-18-2025,Claim Delay,Branch,8-24-2025,Resolved,6
4009476,1079523,2079523,12-16-2025,Claim Delay,Branch,12-18-2025,Resolved,2
4009535,1080008,2080008,7-21-2025,Claim Delay,Branch,08-07-25,Resolved,17
4009560,1080154,2080154,4-26-2026,Claim Delay,Branch,05-10-26,Resolved,14
4009598,1080438,2080438,05-06-26,Claim Delay,Branch,5-16-2026,Resolved,10
4009624,1080653,2080653,1-27-2025,Claim Delay,Branch,2-14-2025,Resolved,18
4009808,1082069,2082069,6-24-2024,Claim Delay,Branch,7-21-2024,Resolved,27
4009852,1082371,2082371,3-18-2024,Claim Delay,Branch,4-16-2024,Resolved,29
4009859,1082462,2082462,6-20-2026,Claim Delay,Branch,07-04-26,Resolved,14
4009861,1082481,2082481,5-28-2026,Claim Delay,Branch,5-29-2026,Resolved,1
4009877,1082550,2082550,4-14-2026,Claim Delay,Branch,05-03-26,Resolved,19
4009907,1082772,2082772,12-05-24,Claim Delay,Branch,12-07-24,Resolved,2
4009994,1083622,2083622,10-17-2024,Claim Delay,Branch,11-16-2024,Resolved,30
4010023,1083829,2083829,10-27-2025,Claim Delay,Branch,11-14-2025,Resolved,18
4010090,1084444,2084444,05-09-25,Claim Delay,Branch,5-30-2025,Resolved,21
4010205,1085405,2085405,06-03-24,Claim Delay,Branch,6-18-2024,Resolved,15
4010290,1086204,2086204,11-02-25,Claim Delay,Branch,11-04-25,Resolved,2
4010308,1086332,2086332,9-19-2025,Claim Delay,Branch,10-01-25,Resolved,12
4010354,1086816,2086816,8-30-2025,Claim Delay,Branch,09-04-25,Resolved,5
4010414,1087336,2087336,08-09-25,Claim Delay,Branch,8-29-2025,Resolved,20
4010439,1087507,2087507,3-22-2026,Claim Delay,Branch,04-02-26,Resolved,11
4010455,1087606,2087606,08-01-26,Claim Delay,Branch,08-04-26,Resolved,3
4010528,1088161,2088161,01-07-25,Claim Delay,Branch,1-29-2025,Resolved,22
4010604,1088725,2088725,06-09-24,Claim Delay,Branch,07-06-24,Resolved,27
4010605,1088727,2088727,02-03-25,Claim Delay,Branch,02-07-25,Resolved,4
4010644,1088963,2088963,4-17-2025,Claim Delay,Branch,4-25-2025,Resolved,8
4010768,1090099,2090099,7-23-2026,Claim Delay,Branch,7-31-2026,Resolved,8
4010872,1090913,2090913,05-09-26,Claim Delay,Branch,05-12-26,Resolved,3
4010900,1091131,2091131,04-10-25,Claim Delay,Branch,4-27-2025,Resolved,17
4010914,1091316,2091316,1-14-2025,Claim Delay,Branch,02-12-25,Resolved,29
4010923,1091385,2091385,1-29-2025,Claim Delay,Branch,02-09-25,Resolved,11
4010937,1091523,2091523,6-20-2026,Claim Delay,Branch,07-04-26,Resolved,14
4011020,1092209,2092209,6-21-2024,Claim Delay,Branch,7-16-2024,Resolved,25
4011061,1092428,2092428,12-05-24,Claim Delay,Branch,12-28-2024,Resolved,23
4011077,1092562,2092562,12-18-2024,Claim Delay,Branch,12-24-2024,Resolved,6
4011079,1092579,2092579,07-01-25,Claim Delay,Branch,7-24-2025,Resolved,23
4011085,1092626,2092626,7-23-2025,Claim Delay,Branch,7-30-2025,Resolved,7
4011138,1093104,2093104,02-02-25,Claim Delay,Branch,2-17-2025,Resolved,15
4011149,1093209,2093209,10-19-2025,Claim Delay,Branch,10-22-2025,Resolved,3
4011162,1093319,2093319,9-28-2025,Claim Delay,Branch,10-27-2025,Resolved,29
4011204,1093670,2093670,11-08-25,Claim Delay,Branch,11-11-25,Resolved,3
4011246,1093968,2093968,01-03-26,Claim Delay,Branch,1-24-2026,Resolved,21
4011252,1094026,2094026,3-17-2025,Claim Delay,Branch,04-10-25,Resolved,24
4011312,1094567,2094567,9-15-2025,Claim Delay,Branch,9-19-2025,Resolved,4
4011321,1094695,2094695,3-26-2026,Claim Delay,Branch,4-21-2026,Resolved,26
4011373,1095124,2095124,7-13-2025,Claim Delay,Branch,08-10-25,Resolved,28
4011412,1095496,2095496,12-23-2025,Claim Delay,Branch,1-13-2026,Resolved,21
4011443,1095776,2095776,10-15-2025,Claim Delay,Branch,10-21-2025,Resolved,6
4011490,1096217,2096217,12-08-24,Claim Delay,Branch,12-30-2024,Resolved,22
4011491,1096224,2096224,6-15-2025,Claim Delay,Branch,6-23-2025,Resolved,8
4011520,1096470,2096470,06-08-26,Claim Delay,Branch,6-26-2026,Resolved,18
4011575,1097015,2097015,1-18-2026,Claim Delay,Branch,02-06-26,Resolved,19
4011600,1097238,2097238,01-12-25,Claim Delay,Branch,1-18-2025,Resolved,6
4011659,1097776,2097776,6-25-2026,Claim Delay,Branch,07-01-26,Resolved,6
4011811,1098884,2098884,4-28-2024,Claim Delay,Branch,05-11-24,Resolved,13
4011926,1099770,2099770,04-07-26,Claim Delay,Branch,05-03-26,Resolved,26
4011932,1099830,2099830,2-16-2026,Claim Delay,Branch,03-04-26,Resolved,16
4011938,1099863,2099863,08-07-25,Claim Delay,Branch,8-18-2025,Resolved,11
4000111,1000993,2000993,10-01-25,App/Website,Mobile App,10-19-2025,Open,18
4000167,1001514,2001514,4-14-2025,App/Website,Mobile App,05-07-25,Open,23
4000168,1001527,2001527,8-22-2025,App/Website,Mobile App,9-17-2025,Open,26
4000280,1002568,2002568,11-01-24,App/Website,Mobile App,11-18-2024,Open,17
4000299,1002767,2002767,8-21-2025,Documentation,Mobile App,8-31-2025,Open,10
4000322,1002893,2002893,9-30-2024,App/Website,Mobile App,10-24-2024,Open,24
4000363,1003215,2003215,5-26-2025,Documentation,Mobile App,06-10-25,Open,15
4000380,1003408,2003408,8-13-2025,Service Quality,Mobile App,8-24-2025,Open,11
4000395,1003521,2003521,3-16-2026,App/Website,Mobile App,3-18-2026,Open,2
4000398,1003552,2003552,6-23-2025,Claim Delay,Mobile App,07-02-25,Open,9
4000399,1003553,2003553,08-11-25,Service Quality,Mobile App,8-18-2025,Open,7
4000507,1004468,2004468,7-26-2024,Agent Behaviour,Mobile App,8-17-2024,Open,22
4000545,1004780,2004780,6-13-2025,Service Quality,Mobile App,6-17-2025,Open,4
4000655,1005723,2005723,08-04-26,Claim Delay,Mobile App,8-31-2026,Open,27
4000714,1006196,2006196,03-06-25,App/Website,Mobile App,3-28-2025,Open,22
4000785,1006889,2006889,7-28-2025,Policy Cancellation,Mobile App,08-12-25,Open,15
4000908,1007887,2007887,3-17-2026,Documentation,Mobile App,04-03-26,Open,17
4000971,1008308,2008308,11-17-2025,App/Website,Mobile App,11-30-2025,Open,13
4001085,1009259,2009259,12-06-24,Service Quality,Mobile App,12-21-2024,Open,15
4001101,1009361,2009361,04-09-24,App/Website,Mobile App,4-26-2024,Open,17
4001170,1009916,2009916,06-02-25,Policy Cancellation,Mobile App,6-14-2025,Open,12
4001180,1009997,2009997,01-02-26,App/Website,Mobile App,1-28-2026,Open,26
4001342,1011382,2011382,02-01-26,Premium Issue,Mobile App,2-23-2026,Open,22
4001349,1011481,2011481,10-10-25,App/Website,Mobile App,10-16-2025,Open,6
4001371,1011682,2011682,12-09-24,Agent Behaviour,Mobile App,12-28-2024,Open,19
4001388,1011846,2011846,09-06-24,Documentation,Mobile App,9-14-2024,Open,8
4001395,1011872,2011872,11-20-2024,Claim Delay,Mobile App,11-21-2024,Open,1
4001401,1011920,2011920,1-22-2026,Premium Issue,Mobile App,2-19-2026,Open,28
4001440,1012330,2012330,7-18-2024,Agent Behaviour,Mobile App,7-29-2024,Open,11
4001518,1012924,2012924,05-04-24,Agent Behaviour,Mobile App,5-25-2024,Open,21
4001522,1012959,2012959,02-11-26,Policy Cancellation,Mobile App,2-19-2026,Open,8
4001529,1013016,2013016,3-31-2025,App/Website,Mobile App,04-04-25,Open,4
4001591,1013579,2013579,6-17-2025,Documentation,Mobile App,7-15-2025,Open,28
4001594,1013592,2013592,5-24-2025,Policy Cancellation,Mobile App,6-14-2025,Open,21
4001693,1014332,2014332,02-03-26,Documentation,Mobile App,2-22-2026,Open,19
4001712,1014510,2014510,12-21-2024,Claim Delay,Mobile App,12-26-2024,Open,5
4001906,1016217,2016217,12-19-2025,Claim Delay,Mobile App,1-14-2026,Open,26
4001960,1016554,2016554,10-19-2025,Agent Behaviour,Mobile App,11-01-25,Open,13
4001967,1016618,2016618,07-09-25,Documentation,Mobile App,7-22-2025,Open,13
4002118,1017905,2017905,6-14-2025,Policy Cancellation,Mobile App,07-02-25,Open,18
4002187,1018533,2018533,10-16-2025,Agent Behaviour,Mobile App,10-17-2025,Open,1
4002298,1019613,2019613,07-06-25,Agent Behaviour,Mobile App,7-15-2025,Open,9
4002365,1020101,2020101,10-18-2025,Service Quality,Mobile App,10-31-2025,Open,13
4002530,1021403,2021403,1-27-2025,Claim Delay,Mobile App,1-30-2025,Open,3
4002589,1021961,2021961,06-06-24,Premium Issue,Mobile App,07-03-24,Open,27
4002595,1022029,2022029,1-21-2026,Claim Delay,Mobile App,02-05-26,Open,15
4002622,1022273,2022273,01-03-25,App/Website,Mobile App,1-18-2025,Open,15
4002671,1022679,2022679,03-12-26,Service Quality,Mobile App,3-19-2026,Open,7
4002693,1022819,2022819,6-30-2024,Agent Behaviour,Mobile App,7-25-2024,Open,25
4002888,1024281,2024281,07-08-24,Agent Behaviour,Mobile App,7-21-2024,Open,13
4002896,1024351,2024351,3-17-2025,Claim Delay,Mobile App,04-01-25,Open,15
4002946,1024862,2024862,06-11-26,Policy Cancellation,Mobile App,6-17-2026,Open,6
4002966,1025015,2025015,7-15-2026,Agent Behaviour,Mobile App,8-13-2026,Open,29
4003063,1025707,2025707,01-06-26,Agent Behaviour,Mobile App,02-02-26,Open,27
4003151,1026507,2026507,11-08-25,App/Website,Mobile App,11-27-2025,Open,19
4003154,1026521,2026521,12-20-2025,Agent Behaviour,Mobile App,12-27-2025,Open,7
4003273,1027562,2027562,06-02-25,App/Website,Mobile App,06-03-25,Open,1
4003394,1028580,2028580,04-08-26,Documentation,Mobile App,04-10-26,Open,2
4003401,1028624,2028624,11-24-2025,Claim Delay,Mobile App,12-06-25,Open,12
4003426,1028867,2028867,4-16-2026,Documentation,Mobile App,4-24-2026,Open,8
4003616,1030681,2030681,11-11-24,Claim Delay,Mobile App,11-15-2024,Open,4
4003621,1030734,2030734,08-10-25,Agent Behaviour,Mobile App,8-17-2025,Open,7
4003648,1031049,2031049,12-21-2024,App/Website,Mobile App,01-06-25,Open,16
4003678,1031244,2031244,12-01-24,App/Website,Mobile App,12-13-2024,Open,12
4003816,1032412,2032412,9-23-2025,Premium Issue,Mobile App,10-02-25,Open,9
4003885,1033037,2033037,12-05-25,Claim Delay,Mobile App,12-10-25,Open,5
4003966,1033616,2033616,12-01-24,Documentation,Mobile App,12-27-2024,Open,26
4003976,1033677,2033677,10-22-2025,Claim Delay,Mobile App,11-20-2025,Open,29
4003999,1033919,2033919,1-29-2026,Documentation,Mobile App,2-21-2026,Open,23
4004038,1034193,2034193,1-24-2026,Premium Issue,Mobile App,02-12-26,Open,19
4004122,1034854,2034854,6-22-2025,Documentation,Mobile App,07-03-25,Open,11
4004146,1035067,2035067,03-10-25,Documentation,Mobile App,3-27-2025,Open,17
4004159,1035213,2035213,06-01-25,Service Quality,Mobile App,6-22-2025,Open,21
4004253,1035995,2035995,06-06-25,Premium Issue,Mobile App,6-13-2025,Open,7
4004298,1036419,2036419,11-22-2024,App/Website,Mobile App,12-19-2024,Open,27
4004345,1036726,2036726,3-17-2025,Policy Cancellation,Mobile App,04-11-25,Open,25
4004419,1037349,2037349,3-17-2025,Agent Behaviour,Mobile App,04-03-25,Open,17
4004552,1038270,2038270,12-18-2025,Service Quality,Mobile App,12-29-2025,Open,11
4004555,1038294,2038294,4-30-2025,Claim Delay,Mobile App,05-03-25,Open,3
4004606,1038652,2038652,2-14-2024,Claim Delay,Mobile App,03-01-24,Open,16
4004715,1039546,2039546,7-22-2025,Claim Delay,Mobile App,7-24-2025,Open,2
4004732,1039690,2039690,5-27-2025,Claim Delay,Mobile App,5-28-2025,Open,1
4004786,1040130,2040130,5-22-2024,Agent Behaviour,Mobile App,6-21-2024,Open,30
4004897,1041081,2041081,06-08-25,Premium Issue,Mobile App,6-26-2025,Open,18
4004944,1041511,2041511,3-20-2024,Policy Cancellation,Mobile App,3-23-2024,Open,3
4004972,1041780,2041780,1-28-2026,Policy Cancellation,Mobile App,2-17-2026,Open,20
4004978,1041819,2041819,9-24-2025,Premium Issue,Mobile App,10-10-25,Open,16
4005084,1042778,2042778,12-02-25,Service Quality,Mobile App,12-03-25,Open,1
4005085,1042780,2042780,7-19-2024,App/Website,Mobile App,7-29-2024,Open,10
4005208,1043785,2043785,8-26-2025,Agent Behaviour,Mobile App,09-05-25,Open,10
4005217,1043833,2043833,6-21-2024,Claim Delay,Mobile App,6-29-2024,Open,8
4005247,1044151,2044151,3-14-2025,Agent Behaviour,Mobile App,04-02-25,Open,19
4005288,1044510,2044510,11-26-2025,Agent Behaviour,Mobile App,12-22-2025,Open,26
4005363,1045089,2045089,11-13-2025,Premium Issue,Mobile App,12-01-25,Open,18
4005488,1046198,2046198,11-25-2024,Premium Issue,Mobile App,12-20-2024,Open,25
4005622,1047397,2047397,03-09-25,Agent Behaviour,Mobile App,04-01-25,Open,23
4005640,1047582,2047582,07-09-25,Premium Issue,Mobile App,7-21-2025,Open,12
4005712,1048216,2048216,04-02-25,Policy Cancellation,Mobile App,4-25-2025,Open,23
4005723,1048303,2048303,01-07-25,App/Website,Mobile App,02-06-25,Open,30
4005795,1048941,2048941,5-17-2025,Premium Issue,Mobile App,5-18-2025,Open,1
4005834,1049241,2049241,6-29-2024,Service Quality,Mobile App,7-28-2024,Open,29
4005837,1049257,2049257,2-28-2026,Premium Issue,Mobile App,3-16-2026,Open,16
4005871,1049546,2049546,4-19-2026,Policy Cancellation,Mobile App,4-25-2026,Open,6
4006086,1051483,2051483,7-27-2026,Documentation,Mobile App,08-04-26,Open,8
4006139,1051995,2051995,10-15-2025,App/Website,Mobile App,11-10-25,Open,26
4006155,1052096,2052096,5-17-2025,Policy Cancellation,Mobile App,06-02-25,Open,16
4006183,1052367,2052367,12-18-2024,Documentation,Mobile App,12-28-2024,Open,10
4006285,1053239,2053239,9-20-2025,Agent Behaviour,Mobile App,10-20-2025,Open,30
4006294,1053271,2053271,11-27-2025,Policy Cancellation,Mobile App,12-04-25,Open,7
4006300,1053337,2053337,12-23-2024,Premium Issue,Mobile App,01-08-25,Open,16
4006311,1053429,2053429,12-30-2025,App/Website,Mobile App,1-22-2026,Open,23
4006548,1055353,2055353,04-09-25,Agent Behaviour,Mobile App,04-11-25,Open,2
4006554,1055396,2055396,04-05-24,Premium Issue,Mobile App,4-13-2024,Open,8
4006609,1055855,2055855,6-24-2025,Claim Delay,Mobile App,6-25-2025,Open,1
4006611,1055864,2055864,2-18-2025,Claim Delay,Mobile App,2-26-2025,Open,8
4006613,1055883,2055883,02-12-25,Policy Cancellation,Mobile App,03-02-25,Open,18
4006627,1055955,2055955,11-12-24,App/Website,Mobile App,11-13-2024,Open,1
4006658,1056272,2056272,12-05-25,Policy Cancellation,Mobile App,12-29-2025,Open,24
4006775,1057149,2057149,07-08-25,Service Quality,Mobile App,7-28-2025,Open,20
4006820,1057485,2057485,10-14-2024,Agent Behaviour,Mobile App,11-12-24,Open,29
4006833,1057545,2057545,8-18-2025,Agent Behaviour,Mobile App,09-03-25,Open,16
4006840,1057590,2057590,05-03-25,Documentation,Mobile App,5-29-2025,Open,26
4006942,1058320,2058320,9-20-2024,Policy Cancellation,Mobile App,9-29-2024,Open,9
4007187,1060334,2060334,04-01-24,Agent Behaviour,Mobile App,4-28-2024,Open,27
4007222,1060578,2060578,03-12-26,Policy Cancellation,Mobile App,04-02-26,Open,21
4007224,1060583,2060583,8-18-2025,Claim Delay,Mobile App,09-06-25,Open,19
4007352,1061609,2061609,02-08-26,Documentation,Mobile App,03-02-26,Open,22
4007366,1061719,2061719,11-25-2025,Documentation,Mobile App,12-22-2025,Open,27
4007534,1063195,2063195,11-26-2024,Policy Cancellation,Mobile App,12-24-2024,Open,28
4007602,1063753,2063753,09-07-24,Documentation,Mobile App,9-28-2024,Open,21
4007609,1063805,2063805,8-27-2025,Premium Issue,Mobile App,9-19-2025,Open,23
4007688,1064432,2064432,7-17-2024,Premium Issue,Mobile App,08-08-24,Open,22
4007704,1064551,2064551,09-06-24,Agent Behaviour,Mobile App,10-04-24,Open,28
4007734,1064830,2064830,07-10-24,Documentation,Mobile App,7-31-2024,Open,21
4007809,1065419,2065419,7-14-2024,Claim Delay,Mobile App,7-15-2024,Open,1
4007823,1065523,2065523,8-30-2025,Premium Issue,Mobile App,9-22-2025,Open,23
4007839,1065616,2065616,5-21-2025,Premium Issue,Mobile App,6-18-2025,Open,28
4007859,1065853,2065853,06-05-25,Agent Behaviour,Mobile App,07-05-25,Open,30
4007930,1066391,2066391,06-06-25,Documentation,Mobile App,6-19-2025,Open,13
4007942,1066462,2066462,9-21-2025,Claim Delay,Mobile App,10-20-2025,Open,29
4007963,1066654,2066654,1-28-2026,Premium Issue,Mobile App,2-19-2026,Open,22
4008024,1067178,2067178,1-30-2025,Agent Behaviour,Mobile App,02-05-25,Open,6
4008034,1067241,2067241,5-16-2025,Premium Issue,Mobile App,06-10-25,Open,25
4008040,1067285,2067285,06-05-26,Agent Behaviour,Mobile App,6-16-2026,Open,11
4008084,1067643,2067643,05-10-25,Agent Behaviour,Mobile App,5-19-2025,Open,9
4008153,1068227,2068227,6-14-2025,Agent Behaviour,Mobile App,07-05-25,Open,21
4008164,1068315,2068315,9-24-2025,Agent Behaviour,Mobile App,9-26-2025,Open,2
4008243,1069039,2069039,9-26-2025,Claim Delay,Mobile App,10-08-25,Open,12
4008297,1069396,2069396,06-12-24,Claim Delay,Mobile App,07-10-24,Open,28
4008341,1069840,2069840,1-13-2026,Policy Cancellation,Mobile App,1-23-2026,Open,10
4008415,1070497,2070497,2-23-2026,Claim Delay,Mobile App,03-12-26,Open,17
4008417,1070518,2070518,01-07-25,Premium Issue,Mobile App,1-29-2025,Open,22
4008427,1070623,2070623,6-25-2025,Policy Cancellation,Mobile App,6-26-2025,Open,1
4008447,1070775,2070775,10-11-25,Premium Issue,Mobile App,10-19-2025,Open,8
4008455,1070877,2070877,7-24-2026,Claim Delay,Mobile App,8-15-2026,Open,22
4008589,1072096,2072096,2-22-2025,Documentation,Mobile App,03-03-25,Open,9
4008625,1072417,2072417,08-08-24,Service Quality,Mobile App,8-18-2024,Open,10
4008771,1073650,2073650,2-15-2025,Agent Behaviour,Mobile App,2-21-2025,Open,6
4008820,1074038,2074038,01-05-25,Service Quality,Mobile App,02-02-25,Open,28
4008861,1074379,2074379,1-30-2025,App/Website,Mobile App,02-09-25,Open,10
4008898,1074795,2074795,4-20-2026,Policy Cancellation,Mobile App,05-01-26,Open,11
4008942,1075162,2075162,5-21-2025,Documentation,Mobile App,6-16-2025,Open,26
4008948,1075229,2075229,02-07-25,Premium Issue,Mobile App,2-24-2025,Open,17
4008953,1075259,2075259,09-04-24,Documentation,Mobile App,9-16-2024,Open,12
4008966,1075341,2075341,7-31-2024,Policy Cancellation,Mobile App,08-08-24,Open,8
4008988,1075519,2075519,04-06-25,Agent Behaviour,Mobile App,4-17-2025,Open,11
4009061,1076039,2076039,1-16-2026,Agent Behaviour,Mobile App,2-13-2026,Open,28
4009125,1076474,2076474,06-09-25,App/Website,Mobile App,07-06-25,Open,27
4009192,1077024,2077024,4-22-2024,Claim Delay,Mobile App,4-28-2024,Open,6
4009266,1077654,2077654,01-04-26,Documentation,Mobile App,1-17-2026,Open,13
4009359,1078533,2078533,10-21-2025,Agent Behaviour,Mobile App,11-12-25,Open,22
4009383,1078768,2078768,10-03-24,Documentation,Mobile App,10-05-24,Open,2
4009572,1080246,2080246,7-17-2024,Premium Issue,Mobile App,8-13-2024,Open,27
4009649,1080858,2080858,11-17-2024,App/Website,Mobile App,11-18-2024,Open,1
4009661,1080953,2080953,06-06-24,Premium Issue,Mobile App,6-15-2024,Open,9
4009677,1081051,2081051,8-24-2025,Claim Delay,Mobile App,9-13-2025,Open,20
4009821,1082149,2082149,09-10-26,Documentation,Mobile App,10-09-26,Open,29
4009826,1082183,2082183,3-31-2026,Policy Cancellation,Mobile App,4-15-2026,Open,15
4009896,1082696,2082696,1-28-2026,Policy Cancellation,Mobile App,1-31-2026,Open,3
4009899,1082707,2082707,9-27-2025,Agent Behaviour,Mobile App,10-21-2025,Open,24
4009901,1082724,2082724,09-04-25,App/Website,Mobile App,09-10-25,Open,6
4009903,1082760,2082760,7-30-2025,Premium Issue,Mobile App,08-01-25,Open,2
4009921,1082947,2082947,8-24-2025,Service Quality,Mobile App,09-06-25,Open,13
4009933,1083077,2083077,12-04-25,Premium Issue,Mobile App,12-11-25,Open,7
4009969,1083406,2083406,08-08-25,Policy Cancellation,Mobile App,8-17-2025,Open,9
4010009,1083743,2083743,1-31-2026,Claim Delay,Mobile App,02-12-26,Open,12
4010050,1084053,2084053,12-14-2024,Agent Behaviour,Mobile App,12-16-2024,Open,2
4010065,1084201,2084201,05-01-25,Premium Issue,Mobile App,05-05-25,Open,4
4010083,1084321,2084321,11-11-24,Policy Cancellation,Mobile App,11-15-2024,Open,4
4010119,1084665,2084665,07-04-25,Agent Behaviour,Mobile App,7-13-2025,Open,9
4010129,1084729,2084729,9-30-2024,Service Quality,Mobile App,10-17-2024,Open,17
4010256,1085904,2085904,9-20-2025,Policy Cancellation,Mobile App,9-22-2025,Open,2
4010269,1086037,2086037,06-09-25,Documentation,Mobile App,06-10-25,Open,1
4010337,1086684,2086684,12-10-25,Service Quality,Mobile App,01-02-26,Open,23
4010411,1087297,2087297,5-25-2026,Premium Issue,Mobile App,6-17-2026,Open,23
4010474,1087775,2087775,09-03-24,Premium Issue,Mobile App,9-16-2024,Open,13
4010475,1087797,2087797,04-03-25,App/Website,Mobile App,4-24-2025,Open,21
4010522,1088121,2088121,7-26-2024,App/Website,Mobile App,08-04-24,Open,9
4010614,1088768,2088768,6-30-2026,App/Website,Mobile App,7-22-2026,Open,22
4010617,1088778,2088778,08-10-26,Policy Cancellation,Mobile App,09-05-26,Open,26
4010663,1089159,2089159,02-10-25,App/Website,Mobile App,2-25-2025,Open,15
4010675,1089295,2089295,06-02-26,Policy Cancellation,Mobile App,06-04-26,Open,2
4010685,1089360,2089360,1-15-2025,Premium Issue,Mobile App,02-09-25,Open,25
4010750,1089925,2089925,07-05-25,Service Quality,Mobile App,7-25-2025,Open,20
4010764,1090061,2090061,7-19-2024,Agent Behaviour,Mobile App,08-11-24,Open,23
4010788,1090246,2090246,05-03-25,Agent Behaviour,Mobile App,5-26-2025,Open,23
4010790,1090265,2090265,06-01-24,Premium Issue,Mobile App,6-29-2024,Open,28
4010829,1090596,2090596,6-28-2025,Agent Behaviour,Mobile App,7-25-2025,Open,27
4010885,1090996,2090996,10-09-24,Agent Behaviour,Mobile App,10-11-24,Open,2
4010960,1091716,2091716,04-03-25,App/Website,Mobile App,4-24-2025,Open,21
4011037,1092295,2092295,02-08-26,Documentation,Mobile App,2-26-2026,Open,18
4011168,1093401,2093401,8-23-2025,Service Quality,Mobile App,09-07-25,Open,15
4011242,1093947,2093947,12-29-2024,Claim Delay,Mobile App,01-02-25,Open,4
4011301,1094428,2094428,6-20-2024,Premium Issue,Mobile App,7-20-2024,Open,30
4011342,1094819,2094819,10-03-25,Service Quality,Mobile App,10-30-2025,Open,27
4011652,1097726,2097726,5-22-2025,Service Quality,Mobile App,06-06-25,Open,15
4011758,1098531,2098531,10-23-2025,Claim Delay,Mobile App,10-24-2025,Open,1
4011813,1098906,2098906,5-19-2026,Documentation,Mobile App,5-30-2026,Open,11
4011814,1098913,2098913,8-29-2025,Service Quality,Mobile App,09-04-25,Open,6
4011831,1099061,2099061,07-10-25,Premium Issue,Mobile App,08-05-25,Open,26
4011914,1099685,2099685,4-23-2025,Service Quality,Mobile App,4-29-2025,Open,6
4000030,1000246,2000246,08-01-26,Premium Issue,Website,8-27-2026,Open,26
4000100,1000903,2000903,3-30-2025,App/Website,Website,04-11-25,Open,12
4000176,1001586,2001586,11-23-2025,Agent Behaviour,Website,11-28-2025,Open,5
4000238,1002236,2002236,5-15-2026,Policy Cancellation,Website,06-01-26,Open,17
4000251,1002358,2002358,2-19-2025,Premium Issue,Website,3-13-2025,Open,22
4000338,1003049,2003049,12-28-2024,Documentation,Website,01-12-25,Open,15
4000350,1003137,2003137,12-11-24,Documentation,Website,12-22-2024,Open,11
4000429,1003812,2003812,1-22-2026,Claim Delay,Website,02-08-26,Open,17
4000528,1004649,2004649,6-29-2024,Policy Cancellation,Website,7-20-2024,Open,21
4000557,1004878,2004878,02-10-26,Service Quality,Website,2-27-2026,Open,17
4000664,1005801,2005801,3-28-2025,Service Quality,Website,3-31-2025,Open,3
4000710,1006164,2006164,03-11-25,Premium Issue,Website,3-27-2025,Open,16
4000713,1006192,2006192,6-18-2025,Agent Behaviour,Website,7-13-2025,Open,25
4000780,1006823,2006823,12-30-2024,Service Quality,Website,01-12-25,Open,13
4001184,1010100,2010100,02-09-26,Claim Delay,Website,02-10-26,Open,1
4001205,1010309,2010309,3-13-2026,Claim Delay,Website,04-12-26,Open,30
4001240,1010608,2010608,7-14-2025,Documentation,Website,7-23-2025,Open,9
4001273,1010906,2010906,05-10-26,Premium Issue,Website,06-06-26,Open,27
4001444,1012343,2012343,3-29-2026,Documentation,Website,3-31-2026,Open,2
4001447,1012348,2012348,5-23-2025,Claim Delay,Website,6-22-2025,Open,30
4001465,1012489,2012489,2-18-2026,Documentation,Website,2-26-2026,Open,8
4001554,1013256,2013256,03-12-25,Policy Cancellation,Website,3-31-2025,Open,19
4001739,1014745,2014745,09-11-25,Claim Delay,Website,9-18-2025,Open,7
4001778,1015050,2015050,2-18-2024,Claim Delay,Website,2-29-2024,Open,11
4001804,1015293,2015293,03-10-25,Service Quality,Website,03-12-25,Open,2
4001818,1015434,2015434,2-21-2025,Premium Issue,Website,03-04-25,Open,11
4001845,1015655,2015655,4-29-2026,Claim Delay,Website,5-28-2026,Open,29
4001847,1015670,2015670,1-31-2024,Claim Delay,Website,2-14-2024,Open,14
4001875,1015972,2015972,1-20-2025,Service Quality,Website,2-13-2025,Open,24
4001987,1016756,2016756,09-09-24,Policy Cancellation,Website,10-01-24,Open,22
4002006,1016919,2016919,12-29-2025,Premium Issue,Website,1-14-2026,Open,16
4002055,1017358,2017358,8-29-2026,Premium Issue,Website,9-25-2026,Open,27
4002083,1017622,2017622,5-20-2024,App/Website,Website,06-04-24,Open,15
4002110,1017850,2017850,5-25-2024,Documentation,Website,06-02-24,Open,8
4002177,1018444,2018444,3-30-2026,Claim Delay,Website,04-11-26,Open,12
4002226,1018951,2018951,08-03-25,Premium Issue,Website,8-25-2025,Open,22
4002350,1019994,2019994,3-17-2026,App/Website,Website,04-11-26,Open,25
4002541,1021518,2021518,12-19-2025,Premium Issue,Website,01-12-26,Open,24
4002556,1021683,2021683,6-27-2024,Agent Behaviour,Website,7-24-2024,Open,27
4002570,1021786,2021786,9-16-2024,Claim Delay,Website,10-06-24,Open,20
4002571,1021798,2021798,3-17-2025,Claim Delay,Website,04-05-25,Open,19
4002655,1022554,2022554,02-07-26,Documentation,Website,03-05-26,Open,26
4002743,1023162,2023162,02-10-25,Service Quality,Website,03-02-25,Open,20
4002754,1023291,2023291,8-15-2025,Policy Cancellation,Website,8-29-2025,Open,14
4002773,1023474,2023474,12-11-25,Documentation,Website,01-04-26,Open,24
4002799,1023642,2023642,11-28-2024,Claim Delay,Website,12-08-24,Open,10
4002870,1024115,2024115,7-30-2025,Agent Behaviour,Website,7-31-2025,Open,1
4002905,1024457,2024457,06-06-25,Service Quality,Website,07-02-25,Open,26
4002948,1024871,2024871,04-01-25,Agent Behaviour,Website,4-28-2025,Open,27
4003061,1025695,2025695,12-26-2024,Claim Delay,Website,12-27-2024,Open,1
4003065,1025725,2025725,05-10-25,Documentation,Website,06-01-25,Open,22
4003242,1027323,2027323,03-02-26,Premium Issue,Website,3-13-2026,Open,11
4003248,1027385,2027385,8-14-2026,App/Website,Website,8-19-2026,Open,5
4003254,1027426,2027426,8-13-2024,Documentation,Website,8-26-2024,Open,13
4003382,1028467,2028467,8-20-2025,Premium Issue,Website,9-15-2025,Open,26
4003433,1028920,2028920,11-13-2025,Documentation,Website,12-08-25,Open,25
4003576,1030336,2030336,5-20-2024,Claim Delay,Website,06-04-24,Open,15
4003733,1031691,2031691,12-05-24,Policy Cancellation,Website,12-26-2024,Open,21
4003793,1032219,2032219,05-05-25,Premium Issue,Website,05-08-25,Open,3
4003832,1032513,2032513,3-23-2025,Claim Delay,Website,04-05-25,Open,13
4003886,1033050,2033050,2-19-2025,Claim Delay,Website,03-11-25,Open,20
4003935,1033396,2033396,10-02-24,App/Website,Website,10-16-2024,Open,14
4004078,1034466,2034466,4-25-2026,Documentation,Website,5-14-2026,Open,19
4004097,1034611,2034611,12-19-2024,App/Website,Website,01-12-25,Open,24
4004104,1034699,2034699,5-20-2025,Documentation,Website,06-04-25,Open,15
4004142,1035029,2035029,8-14-2024,Agent Behaviour,Website,09-05-24,Open,22
4004167,1035293,2035293,1-21-2025,Documentation,Website,2-20-2025,Open,30
4004215,1035679,2035679,06-11-25,Documentation,Website,6-24-2025,Open,13
4004292,1036355,2036355,10-05-25,Documentation,Website,10-22-2025,Open,17
4004306,1036486,2036486,11-13-2025,Documentation,Website,12-13-2025,Open,30
4004322,1036559,2036559,12-21-2024,Claim Delay,Website,12-24-2024,Open,3
4004323,1036564,2036564,09-12-24,Policy Cancellation,Website,10-12-24,Open,30
4004449,1037545,2037545,8-24-2025,Claim Delay,Website,9-15-2025,Open,22
4004690,1039344,2039344,11-21-2024,Policy Cancellation,Website,11-27-2024,Open,6
4004803,1040279,2040279,7-27-2026,Service Quality,Website,08-04-26,Open,8
4005029,1042292,2042292,7-17-2024,Claim Delay,Website,7-26-2024,Open,9
4005095,1042867,2042867,03-01-26,Documentation,Website,3-23-2026,Open,22
4005142,1043221,2043221,03-05-25,Documentation,Website,3-16-2025,Open,11
4005201,1043720,2043720,9-14-2025,Service Quality,Website,9-17-2025,Open,3
4005243,1044141,2044141,09-02-24,Agent Behaviour,Website,9-16-2024,Open,14
4005269,1044347,2044347,11-19-2025,Service Quality,Website,12-10-25,Open,21
4005274,1044393,2044393,07-12-25,Documentation,Website,08-09-25,Open,28
4005293,1044554,2044554,7-24-2025,Documentation,Website,08-05-25,Open,12
4005331,1044838,2044838,06-10-26,Premium Issue,Website,6-21-2026,Open,11
4005349,1044944,2044944,6-15-2025,Service Quality,Website,6-22-2025,Open,7
4005404,1045478,2045478,5-27-2025,Claim Delay,Website,06-08-25,Open,12
4005405,1045492,2045492,3-17-2026,Documentation,Website,04-01-26,Open,15
4005429,1045669,2045669,10-06-25,Premium Issue,Website,10-07-25,Open,1
4005432,1045695,2045695,7-22-2025,Agent Behaviour,Website,08-05-25,Open,14
4005520,1046428,2046428,9-29-2025,Agent Behaviour,Website,10-22-2025,Open,23
4005659,1047748,2047748,12-27-2025,Claim Delay,Website,1-13-2026,Open,17
4005695,1048095,2048095,3-17-2026,Agent Behaviour,Website,3-25-2026,Open,8
4005734,1048369,2048369,11-14-2026,App/Website,Website,11-17-2026,Open,3
4005753,1048513,2048513,05-10-25,App/Website,Website,06-03-25,Open,24
4005882,1049640,2049640,06-04-24,App/Website,Website,6-30-2024,Open,26
4005929,1050024,2050024,3-13-2024,Claim Delay,Website,04-05-24,Open,23
4005986,1050449,2050449,06-03-25,Premium Issue,Website,6-16-2025,Open,13
4006010,1050622,2050622,01-12-26,Policy Cancellation,Website,1-17-2026,Open,5
4006090,1051502,2051502,1-14-2026,App/Website,Website,1-16-2026,Open,2
4006126,1051880,2051880,3-31-2025,Documentation,Website,04-12-25,Open,12
4006128,1051887,2051887,3-17-2025,Documentation,Website,04-01-25,Open,15
4006161,1052171,2052171,04-06-26,Documentation,Website,4-30-2026,Open,24
4006194,1052485,2052485,06-06-25,Policy Cancellation,Website,6-16-2025,Open,10
4006234,1052879,2052879,11-06-25,Documentation,Website,11-27-2025,Open,21
4006246,1052973,2052973,05-10-25,Service Quality,Website,5-20-2025,Open,10
4006329,1053631,2053631,3-28-2026,Policy Cancellation,Website,3-31-2026,Open,3
4006354,1053831,2053831,12-06-25,Premium Issue,Website,12-14-2025,Open,8
4006488,1054883,2054883,5-20-2025,Agent Behaviour,Website,6-19-2025,Open,30
4006541,1055297,2055297,5-21-2024,Service Quality,Website,5-25-2024,Open,4
4006544,1055318,2055318,04-10-25,Agent Behaviour,Website,4-24-2025,Open,14
4006546,1055329,2055329,7-13-2025,Documentation,Website,7-17-2025,Open,4
4006562,1055474,2055474,8-27-2024,Agent Behaviour,Website,09-08-24,Open,12
4006564,1055493,2055493,07-05-26,App/Website,Website,07-11-26,Open,6
4006623,1055929,2055929,7-28-2025,Service Quality,Website,7-30-2025,Open,2
4006682,1056455,2056455,9-26-2025,Claim Delay,Website,9-30-2025,Open,4
4006740,1056879,2056879,09-06-24,Documentation,Website,9-23-2024,Open,17
4006770,1057112,2057112,07-12-24,App/Website,Website,08-01-24,Open,20
4006800,1057312,2057312,12-10-24,Documentation,Website,01-06-25,Open,27
4006814,1057442,2057442,2-17-2026,Claim Delay,Website,2-25-2026,Open,8
4006826,1057516,2057516,4-26-2026,Documentation,Website,05-10-26,Open,14
4006851,1057648,2057648,6-22-2025,Claim Delay,Website,7-22-2025,Open,30
4006855,1057704,2057704,2-27-2024,Agent Behaviour,Website,3-22-2024,Open,24
4006883,1057910,2057910,4-21-2025,App/Website,Website,05-06-25,Open,15
4006932,1058245,2058245,12-31-2025,Premium Issue,Website,1-19-2026,Open,19
4006996,1058813,2058813,10-06-25,Service Quality,Website,10-07-25,Open,1
4007001,1058885,2058885,12-17-2024,Service Quality,Website,1-16-2025,Open,30
4007024,1059085,2059085,12-02-24,Documentation,Website,12-14-2024,Open,12
4007032,1059142,2059142,12-01-24,Premium Issue,Website,12-30-2024,Open,29
4007084,1059579,2059579,09-08-25,Policy Cancellation,Website,9-19-2025,Open,11
4007130,1059862,2059862,07-02-24,Agent Behaviour,Website,7-30-2024,Open,28
4007131,1059868,2059868,12-04-24,Policy Cancellation,Website,12-07-24,Open,3
4007208,1060459,2060459,12-26-2024,Policy Cancellation,Website,1-13-2025,Open,18
4007245,1060712,2060712,12-15-2024,Claim Delay,Website,12-29-2024,Open,14
4007267,1060889,2060889,10-05-24,Agent Behaviour,Website,11-03-24,Open,29
4007271,1060949,2060949,08-03-25,Service Quality,Website,08-07-25,Open,4
4007308,1061227,2061227,5-15-2025,Policy Cancellation,Website,06-08-25,Open,24
4007314,1061283,2061283,6-18-2025,Policy Cancellation,Website,07-09-25,Open,21
4007317,1061313,2061313,5-16-2025,Service Quality,Website,06-10-25,Open,25
4007337,1061490,2061490,10-15-2024,Service Quality,Website,11-09-24,Open,25
4007368,1061740,2061740,9-27-2025,Policy Cancellation,Website,10-27-2025,Open,30
4007470,1062527,2062527,08-01-25,Agent Behaviour,Website,08-03-25,Open,2
4007582,1063615,2063615,4-30-2026,Claim Delay,Website,5-23-2026,Open,23
4007687,1064426,2064426,12-15-2025,Agent Behaviour,Website,01-03-26,Open,19
4007874,1065946,2065946,8-27-2025,Policy Cancellation,Website,8-28-2025,Open,1
4007907,1066207,2066207,03-12-26,Service Quality,Website,3-23-2026,Open,11
4007920,1066300,2066300,5-27-2025,Policy Cancellation,Website,06-05-25,Open,9
4007962,1066621,2066621,7-16-2024,Claim Delay,Website,8-13-2024,Open,28
4008000,1066956,2066956,01-07-26,Policy Cancellation,Website,1-16-2026,Open,9
4008070,1067469,2067469,02-07-26,Policy Cancellation,Website,2-23-2026,Open,16
4008092,1067722,2067722,3-28-2025,Premium Issue,Website,4-23-2025,Open,26
4008236,1068962,2068962,06-05-25,Policy Cancellation,Website,6-25-2025,Open,20
4008334,1069753,2069753,10-07-26,Agent Behaviour,Website,10-19-2026,Open,12
4008391,1070318,2070318,10-26-2024,App/Website,Website,11-24-2024,Open,29
4008397,1070358,2070358,05-08-25,Documentation,Website,06-05-25,Open,28
4008416,1070499,2070499,12-19-2024,Policy Cancellation,Website,01-11-25,Open,23
4008489,1071157,2071157,09-09-24,Premium Issue,Website,9-26-2024,Open,17
4008540,1071630,2071630,11-24-2024,Premium Issue,Website,12-16-2024,Open,22
4008543,1071668,2071668,8-24-2024,Service Quality,Website,09-12-24,Open,19
4008548,1071706,2071706,11-22-2025,Service Quality,Website,12-22-2025,Open,30
4008684,1072938,2072938,9-20-2025,Policy Cancellation,Website,10-06-25,Open,16
4008686,1072963,2072963,2-24-2025,Service Quality,Website,03-09-25,Open,13
4008701,1073077,2073077,1-24-2025,Policy Cancellation,Website,2-13-2025,Open,20
4008753,1073488,2073488,6-26-2025,Documentation,Website,07-11-25,Open,15
4008822,1074101,2074101,10-19-2024,Claim Delay,Website,10-28-2024,Open,9
4008837,1074250,2074250,02-12-25,Premium Issue,Website,2-14-2025,Open,2
4008884,1074638,2074638,03-08-25,Agent Behaviour,Website,04-03-25,Open,26
4008926,1075034,2075034,01-03-26,Premium Issue,Website,1-17-2026,Open,14
4008936,1075112,2075112,3-19-2025,Agent Behaviour,Website,04-08-25,Open,20
4009058,1076031,2076031,12-10-25,Policy Cancellation,Website,01-04-26,Open,25
4009072,1076100,2076100,05-02-24,App/Website,Website,5-23-2024,Open,21
4009084,1076173,2076173,03-01-24,Claim Delay,Website,3-26-2024,Open,25
4009106,1076373,2076373,5-28-2025,Documentation,Website,06-09-25,Open,12
4009108,1076384,2076384,1-23-2026,Premium Issue,Website,02-07-26,Open,15
4009116,1076440,2076440,2-19-2026,Agent Behaviour,Website,03-03-26,Open,12
4009219,1077220,2077220,04-01-25,App/Website,Website,4-15-2025,Open,14
4009272,1077700,2077700,12-25-2024,Premium Issue,Website,01-12-25,Open,18
4009360,1078535,2078535,12-18-2025,Agent Behaviour,Website,1-13-2026,Open,26
4009412,1079023,2079023,12-18-2025,Service Quality,Website,12-23-2025,Open,5
4009483,1079571,2079571,6-25-2025,Premium Issue,Website,6-26-2025,Open,1
4009494,1079673,2079673,7-27-2025,App/Website,Website,8-25-2025,Open,29
4009663,1080967,2080967,02-02-25,Documentation,Website,2-25-2025,Open,23
4009723,1081382,2081382,2-26-2025,Agent Behaviour,Website,3-24-2025,Open,26
4009739,1081481,2081481,10-03-25,Documentation,Website,10-10-25,Open,7
4009876,1082541,2082541,12-01-24,Documentation,Website,12-02-24,Open,1
4009883,1082588,2082588,5-14-2025,Policy Cancellation,Website,5-16-2025,Open,2
4009915,1082904,2082904,04-04-25,Service Quality,Website,4-13-2025,Open,9
4009958,1083322,2083322,02-05-26,Agent Behaviour,Website,02-10-26,Open,5
4009996,1083630,2083630,12-14-2024,Premium Issue,Website,12-31-2024,Open,17
4010036,1083954,2083954,10-17-2024,Policy Cancellation,Website,11-03-24,Open,17
4010048,1084036,2084036,11-16-2025,Service Quality,Website,12-05-25,Open,19
4010128,1084714,2084714,12-30-2025,App/Website,Website,01-12-26,Open,13
4010144,1084880,2084880,4-22-2025,Claim Delay,Website,5-20-2025,Open,28
4010170,1085119,2085119,11-07-25,Service Quality,Website,11-23-2025,Open,16
4010209,1085438,2085438,10-11-24,Premium Issue,Website,10-22-2024,Open,11
4010270,1086046,2086046,12-30-2025,Documentation,Website,1-27-2026,Open,28
4010309,1086350,2086350,05-07-26,Documentation,Website,06-06-26,Open,30
4010443,1087533,2087533,7-19-2026,App/Website,Website,08-09-26,Open,21
4010448,1087558,2087558,06-07-26,Policy Cancellation,Website,6-13-2026,Open,6
4010499,1087964,2087964,4-25-2025,App/Website,Website,05-10-25,Open,15
4010632,1088861,2088861,8-31-2025,Premium Issue,Website,09-02-25,Open,2
4010643,1088951,2088951,05-02-26,App/Website,Website,05-11-26,Open,9
4010721,1089713,2089713,3-21-2026,Claim Delay,Website,4-19-2026,Open,29
4010741,1089860,2089860,10-23-2024,Premium Issue,Website,11-04-24,Open,12
4010752,1089983,2089983,1-15-2026,App/Website,Website,1-26-2026,Open,11
4010753,1089997,2089997,10-02-25,Service Quality,Website,10-15-2025,Open,13
4010772,1090127,2090127,12-02-25,Claim Delay,Website,12-26-2025,Open,24
4010998,1092009,2092009,8-14-2024,Agent Behaviour,Website,8-27-2024,Open,13
4011117,1092914,2092914,04-05-25,Policy Cancellation,Website,4-23-2025,Open,18
4011140,1093109,2093109,11-09-25,Service Quality,Website,11-24-2025,Open,15
4011171,1093413,2093413,12-25-2025,Service Quality,Website,01-02-26,Open,8
4011173,1093428,2093428,02-11-25,Premium Issue,Website,2-19-2025,Open,8
4011545,1096765,2096765,8-18-2025,Documentation,Website,09-09-25,Open,22
4011583,1097102,2097102,11-10-25,Claim Delay,Website,11-11-25,Open,1
4011640,1097578,2097578,4-24-2024,Agent Behaviour,Website,5-23-2024,Open,29
4011642,1097619,2097619,02-11-26,Claim Delay,Website,2-13-2026,Open,2
4011680,1097935,2097935,9-17-2024,Premium Issue,Website,9-23-2024,Open,6
4011762,1098564,2098564,12-11-25,Premium Issue,Website,12-28-2025,Open,17
4011944,1099906,2099906,8-17-2025,Premium Issue,Website,09-10-25,Open,24
4000012,1000129,2000129,9-30-2026,Premium Issue,Partner,10-09-26,Open,9
4000250,1002357,2002357,11-01-25,Agent Behaviour,Partner,11-21-2025,Open,20
4000273,1002519,2002519,11-19-2024,App/Website,Partner,12-14-2024,Open,25
4000333,1002971,2002971,5-18-2025,Claim Delay,Partner,06-07-25,Open,20
4000336,1003002,2003002,10-29-2025,Agent Behaviour,Partner,11-06-25,Open,8
4000383,1003423,2003423,12-17-2024,Service Quality,Partner,12-20-2024,Open,3
4000417,1003731,2003731,07-05-25,Agent Behaviour,Partner,7-21-2025,Open,16
4000421,1003752,2003752,11-15-2024,Premium Issue,Partner,11-26-2024,Open,11
4000626,1005523,2005523,07-01-25,Service Quality,Partner,07-06-25,Open,5
4000692,1006010,2006010,12-24-2025,Premium Issue,Partner,01-11-26,Open,18
4000848,1007440,2007440,05-09-25,Service Quality,Partner,06-02-25,Open,24
4000855,1007491,2007491,11-20-2024,Premium Issue,Partner,11-30-2024,Open,10
4000875,1007675,2007675,05-05-25,App/Website,Partner,5-31-2025,Open,26
4000877,1007683,2007683,12-01-25,Premium Issue,Partner,12-18-2025,Open,17
4000891,1007772,2007772,01-04-26,Claim Delay,Partner,01-11-26,Open,7
4000920,1008011,2008011,04-08-26,Policy Cancellation,Partner,4-25-2026,Open,17
4000939,1008135,2008135,9-20-2025,Premium Issue,Partner,10-14-2025,Open,24
4000968,1008289,2008289,7-24-2024,Claim Delay,Partner,08-10-24,Open,17
4001114,1009450,2009450,3-19-2026,Premium Issue,Partner,3-30-2026,Open,11
4001127,1009547,2009547,7-19-2026,Agent Behaviour,Partner,08-10-26,Open,22
4001161,1009828,2009828,11-27-2024,Service Quality,Partner,12-15-2024,Open,18
4001176,1009979,2009979,10-07-25,Policy Cancellation,Partner,10-29-2025,Open,22
4001259,1010813,2010813,07-11-25,Documentation,Partner,08-07-25,Open,27
4001265,1010848,2010848,6-26-2025,Service Quality,Partner,7-23-2025,Open,27
4001370,1011679,2011679,5-31-2026,Documentation,Partner,6-29-2026,Open,29
4001473,1012550,2012550,07-10-25,Service Quality,Partner,7-24-2025,Open,14
4001565,1013331,2013331,3-18-2026,Policy Cancellation,Partner,04-01-26,Open,14
4001617,1013728,2013728,11-22-2024,Service Quality,Partner,12-08-24,Open,16
4001629,1013831,2013831,05-12-26,Documentation,Partner,5-31-2026,Open,19
4001655,1014002,2014002,4-16-2026,App/Website,Partner,4-22-2026,Open,6
4001704,1014416,2014416,10-08-24,Premium Issue,Partner,10-21-2024,Open,13
4001726,1014641,2014641,9-25-2024,Claim Delay,Partner,10-05-24,Open,10
4001741,1014763,2014763,7-24-2025,Policy Cancellation,Partner,08-05-25,Open,12
4001819,1015456,2015456,10-18-2024,Claim Delay,Partner,10-30-2024,Open,12
4001894,1016134,2016134,5-18-2025,Agent Behaviour,Partner,06-04-25,Open,17
4001919,1016284,2016284,9-14-2024,Policy Cancellation,Partner,9-17-2024,Open,3
4002046,1017288,2017288,9-16-2025,Policy Cancellation,Partner,10-07-25,Open,21
4002103,1017801,2017801,6-29-2026,Documentation,Partner,7-14-2026,Open,15
4002107,1017843,2017843,01-06-26,Claim Delay,Partner,1-19-2026,Open,13
4002131,1018013,2018013,07-12-26,Documentation,Partner,7-19-2026,Open,7
4002150,1018191,2018191,9-29-2024,Service Quality,Partner,10-07-24,Open,8
4002182,1018486,2018486,5-26-2026,Documentation,Partner,06-11-26,Open,16
4002200,1018648,2018648,2-22-2025,App/Website,Partner,03-08-25,Open,14
4002204,1018690,2018690,05-10-25,Policy Cancellation,Partner,05-11-25,Open,1
4002207,1018746,2018746,7-18-2026,Policy Cancellation,Partner,8-14-2026,Open,27
4002291,1019553,2019553,2-25-2026,Premium Issue,Partner,3-14-2026,Open,17
4002343,1019961,2019961,11-07-24,App/Website,Partner,11-16-2024,Open,9
4002604,1022104,2022104,10-31-2025,Claim Delay,Partner,11-01-25,Open,1
4002681,1022764,2022764,05-11-25,Service Quality,Partner,06-02-25,Open,22
4002685,1022783,2022783,1-27-2024,Premium Issue,Partner,2-17-2024,Open,21
4002786,1023559,2023559,02-10-26,Agent Behaviour,Partner,03-04-26,Open,22
4002809,1023690,2023690,4-27-2026,Premium Issue,Partner,05-04-26,Open,7
4002864,1024047,2024047,12-13-2024,Policy Cancellation,Partner,12-15-2024,Open,2
4002957,1024930,2024930,3-25-2024,Claim Delay,Partner,4-24-2024,Open,30
4002972,1025056,2025056,02-11-25,Documentation,Partner,03-01-25,Open,18
4003018,1025375,2025375,3-18-2026,App/Website,Partner,04-05-26,Open,18
4003048,1025568,2025568,12-23-2024,Policy Cancellation,Partner,1-13-2025,Open,21
4003057,1025681,2025681,4-14-2025,Claim Delay,Partner,05-05-25,Open,21
4003120,1026156,2026156,1-14-2025,Service Quality,Partner,1-16-2025,Open,2
4003180,1026763,2026763,5-15-2026,Agent Behaviour,Partner,6-14-2026,Open,30
4003202,1027015,2027015,5-14-2026,Service Quality,Partner,5-19-2026,Open,5
4003214,1027096,2027096,07-01-25,Documentation,Partner,07-03-25,Open,2
4003358,1028234,2028234,4-14-2026,Policy Cancellation,Partner,05-02-26,Open,18
4003371,1028337,2028337,09-04-24,Premium Issue,Partner,9-27-2024,Open,23
4003422,1028823,2028823,11-23-2024,App/Website,Partner,12-23-2024,Open,30
4003462,1029153,2029153,9-24-2025,App/Website,Partner,10-22-2025,Open,28
4003477,1029283,2029283,6-29-2024,Premium Issue,Partner,7-26-2024,Open,27
4003558,1030140,2030140,4-30-2025,Policy Cancellation,Partner,05-10-25,Open,10
4003631,1030838,2030838,4-27-2025,Service Quality,Partner,5-16-2025,Open,19
4003667,1031165,2031165,3-20-2025,App/Website,Partner,3-21-2025,Open,1
4003686,1031314,2031314,11-14-2025,Claim Delay,Partner,11-29-2025,Open,15
4003710,1031493,2031493,10-19-2026,App/Website,Partner,11-17-2026,Open,29
4003762,1031917,2031917,02-03-26,Agent Behaviour,Partner,03-02-26,Open,27
4003791,1032176,2032176,09-03-25,Documentation,Partner,9-24-2025,Open,21
4003808,1032355,2032355,5-18-2026,Premium Issue,Partner,5-31-2026,Open,13
4003830,1032502,2032502,09-07-26,Premium Issue,Partner,10-06-26,Open,29
4003839,1032612,2032612,01-05-26,Agent Behaviour,Partner,1-19-2026,Open,14
4003872,1032938,2032938,5-20-2026,Premium Issue,Partner,5-27-2026,Open,7
4003883,1033035,2033035,07-01-24,Documentation,Partner,07-03-24,Open,2
4003946,1033463,2033463,1-30-2025,Policy Cancellation,Partner,2-28-2025,Open,29
4003961,1033570,2033570,3-22-2024,Documentation,Partner,3-26-2024,Open,4
4004023,1034109,2034109,04-06-26,Documentation,Partner,05-02-26,Open,26
4004121,1034851,2034851,04-03-25,Premium Issue,Partner,4-21-2025,Open,18
4004316,1036520,2036520,1-28-2025,Agent Behaviour,Partner,2-19-2025,Open,22
4004344,1036722,2036722,01-06-26,Claim Delay,Partner,1-31-2026,Open,25
4004386,1037043,2037043,2-19-2025,App/Website,Partner,03-08-25,Open,17
4004420,1037353,2037353,06-02-25,Agent Behaviour,Partner,6-21-2025,Open,19
4004494,1037872,2037872,1-17-2025,Premium Issue,Partner,02-09-25,Open,23
4004503,1037952,2037952,07-03-24,Service Quality,Partner,7-29-2024,Open,26
4004513,1038040,2038040,09-10-25,Claim Delay,Partner,9-21-2025,Open,11
4004523,1038088,2038088,3-19-2025,Premium Issue,Partner,4-15-2025,Open,27
4004645,1038970,2038970,12-06-24,Agent Behaviour,Partner,12-09-24,Open,3
4004704,1039468,2039468,6-29-2024,Service Quality,Partner,07-05-24,Open,6
4004819,1040415,2040415,5-30-2026,App/Website,Partner,6-23-2026,Open,24
4004839,1040611,2040611,1-25-2025,Policy Cancellation,Partner,02-03-25,Open,9
4004844,1040677,2040677,02-11-25,Documentation,Partner,02-12-25,Open,1
4004884,1040985,2040985,04-05-25,Documentation,Partner,04-09-25,Open,4
4004958,1041662,2041662,03-12-25,Agent Behaviour,Partner,04-03-25,Open,22
4004983,1041849,2041849,2-21-2025,App/Website,Partner,03-10-25,Open,17
4005161,1043371,2043371,8-22-2025,Premium Issue,Partner,8-29-2025,Open,7
4005368,1045146,2045146,9-23-2024,Claim Delay,Partner,10-08-24,Open,15
4005408,1045537,2045537,6-22-2025,Claim Delay,Partner,7-16-2025,Open,24
4005467,1045989,2045989,08-02-25,Agent Behaviour,Partner,08-07-25,Open,5
4005594,1047106,2047106,5-24-2025,Premium Issue,Partner,6-23-2025,Open,30
4005608,1047239,2047239,08-05-24,App/Website,Partner,8-18-2024,Open,13
4005618,1047325,2047325,10-02-24,Documentation,Partner,10-26-2024,Open,24
4005724,1048304,2048304,12-09-25,Claim Delay,Partner,12-14-2025,Open,5
4005745,1048469,2048469,4-21-2026,Premium Issue,Partner,4-23-2026,Open,2
4005762,1048587,2048587,4-28-2026,App/Website,Partner,05-10-26,Open,12
4006051,1051096,2051096,08-05-24,App/Website,Partner,08-10-24,Open,5
4006066,1051275,2051275,11-08-25,Claim Delay,Partner,11-21-2025,Open,13
4006150,1052061,2052061,02-01-25,Documentation,Partner,2-20-2025,Open,19
4006187,1052408,2052408,4-17-2025,Documentation,Partner,05-07-25,Open,20
4006244,1052961,2052961,03-10-26,Agent Behaviour,Partner,3-13-2026,Open,3
4006297,1053315,2053315,5-17-2025,Agent Behaviour,Partner,06-04-25,Open,18
4006318,1053525,2053525,06-12-26,Agent Behaviour,Partner,07-09-26,Open,27
4006330,1053645,2053645,11-20-2024,Documentation,Partner,11-27-2024,Open,7
4006363,1053898,2053898,10-16-2024,Claim Delay,Partner,10-24-2024,Open,8
4006368,1053924,2053924,6-27-2024,Policy Cancellation,Partner,07-12-24,Open,15
4006369,1053945,2053945,08-01-25,Service Quality,Partner,8-29-2025,Open,28
4006508,1055048,2055048,04-07-25,Policy Cancellation,Partner,4-20-2025,Open,13
4006526,1055186,2055186,7-17-2024,Agent Behaviour,Partner,7-29-2024,Open,12
4006540,1055275,2055275,06-10-26,Documentation,Partner,07-08-26,Open,28
4006662,1056299,2056299,3-23-2026,App/Website,Partner,04-06-26,Open,14
4006685,1056507,2056507,03-07-25,App/Website,Partner,3-17-2025,Open,10
4006743,1056900,2056900,10-06-26,Service Quality,Partner,11-03-26,Open,28
4006821,1057493,2057493,7-20-2025,Premium Issue,Partner,08-07-25,Open,18
4006847,1057627,2057627,08-09-25,Documentation,Partner,8-22-2025,Open,13
4006922,1058178,2058178,1-20-2025,Service Quality,Partner,2-17-2025,Open,28
4007023,1059069,2059069,05-09-25,Documentation,Partner,06-06-25,Open,28
4007295,1061130,2061130,12-15-2024,Service Quality,Partner,12-19-2024,Open,4
4007323,1061361,2061361,7-17-2025,Documentation,Partner,7-20-2025,Open,3
4007326,1061377,2061377,4-18-2025,Service Quality,Partner,4-27-2025,Open,9
4007392,1061947,2061947,09-09-25,Documentation,Partner,09-10-25,Open,1
4007495,1062797,2062797,03-10-26,Premium Issue,Partner,3-27-2026,Open,17
4007508,1062916,2062916,09-09-24,Documentation,Partner,9-24-2024,Open,15
4007529,1063139,2063139,10-23-2024,Agent Behaviour,Partner,11-03-24,Open,11
4007589,1063632,2063632,05-01-26,Agent Behaviour,Partner,05-05-26,Open,4
4007627,1063928,2063928,12-11-25,Documentation,Partner,12-23-2025,Open,12
4007649,1064086,2064086,02-08-26,Documentation,Partner,2-28-2026,Open,20
4007727,1064741,2064741,09-05-24,Premium Issue,Partner,10-01-24,Open,26
4007751,1064934,2064934,02-12-26,Policy Cancellation,Partner,2-13-2026,Open,1
4007844,1065677,2065677,07-01-24,Policy Cancellation,Partner,07-05-24,Open,4
4007845,1065685,2065685,10-23-2025,Service Quality,Partner,11-21-2025,Open,29
4007868,1065926,2065926,5-23-2025,Agent Behaviour,Partner,6-17-2025,Open,25
4007991,1066908,2066908,6-21-2024,Service Quality,Partner,07-06-24,Open,15
4008091,1067713,2067713,12-21-2024,Policy Cancellation,Partner,01-09-25,Open,19
4008132,1068071,2068071,10-03-25,Documentation,Partner,10-26-2025,Open,23
4008142,1068154,2068154,06-12-25,Claim Delay,Partner,6-14-2025,Open,2
4008251,1069117,2069117,7-24-2024,Claim Delay,Partner,08-08-24,Open,15
4008338,1069813,2069813,1-27-2026,Service Quality,Partner,02-04-26,Open,8
4008352,1069901,2069901,01-03-25,Agent Behaviour,Partner,1-22-2025,Open,19
4008607,1072223,2072223,1-24-2025,App/Website,Partner,1-26-2025,Open,2
4008650,1072644,2072644,6-22-2025,Premium Issue,Partner,07-12-25,Open,20
4008743,1073439,2073439,03-05-25,App/Website,Partner,04-01-25,Open,27
4008772,1073655,2073655,09-02-25,Documentation,Partner,9-27-2025,Open,25
4008777,1073702,2073702,06-04-25,Agent Behaviour,Partner,6-30-2025,Open,26
4008892,1074744,2074744,04-07-25,Claim Delay,Partner,4-26-2025,Open,19
4008922,1074986,2074986,5-17-2025,Documentation,Partner,5-28-2025,Open,11
4008995,1075550,2075550,11-17-2025,Claim Delay,Partner,11-27-2025,Open,10
4009002,1075587,2075587,6-17-2024,Premium Issue,Partner,6-27-2024,Open,10
4009017,1075729,2075729,12-28-2024,Documentation,Partner,1-22-2025,Open,25
4009056,1076012,2076012,11-10-26,App/Website,Partner,12-01-26,Open,21
4009075,1076119,2076119,11-06-24,Claim Delay,Partner,11-23-2024,Open,17
4009135,1076550,2076550,05-04-25,Claim Delay,Partner,5-31-2025,Open,27
4009191,1077023,2077023,1-18-2025,Service Quality,Partner,02-03-25,Open,16
4009326,1078288,2078288,03-03-25,Documentation,Partner,04-02-25,Open,30
4009481,1079563,2079563,06-08-24,Policy Cancellation,Partner,6-24-2024,Open,16
4009497,1079677,2079677,08-06-25,Service Quality,Partner,08-12-25,Open,6
4009511,1079805,2079805,7-31-2026,App/Website,Partner,08-07-26,Open,7
4009555,1080139,2080139,5-21-2025,App/Website,Partner,6-18-2025,Open,28
4009565,1080207,2080207,9-24-2026,Documentation,Partner,10-05-26,Open,11
4009684,1081100,2081100,12-15-2025,App/Website,Partner,12-17-2025,Open,2
4009707,1081285,2081285,12-10-25,Claim Delay,Partner,01-08-26,Open,29
4009755,1081611,2081611,6-18-2026,Policy Cancellation,Partner,07-08-26,Open,20
4009778,1081810,2081810,05-10-25,App/Website,Partner,5-26-2025,Open,16
4009792,1081896,2081896,05-09-24,Premium Issue,Partner,5-26-2024,Open,17
4009873,1082519,2082519,6-13-2024,App/Website,Partner,07-09-24,Open,26
4009912,1082842,2082842,6-24-2024,Service Quality,Partner,07-01-24,Open,7
4009929,1083056,2083056,5-18-2025,Claim Delay,Partner,5-28-2025,Open,10
4010220,1085553,2085553,12-21-2024,Agent Behaviour,Partner,1-16-2025,Open,26
4010221,1085558,2085558,11-22-2024,Premium Issue,Partner,12-12-24,Open,20
4010264,1085967,2085967,7-20-2026,Documentation,Partner,8-16-2026,Open,27
4010301,1086282,2086282,6-14-2025,Claim Delay,Partner,6-23-2025,Open,9
4010565,1088444,2088444,10-23-2025,Premium Issue,Partner,11-10-25,Open,18
4010607,1088733,2088733,6-21-2025,Service Quality,Partner,7-17-2025,Open,26
4010769,1090104,2090104,8-26-2025,Agent Behaviour,Partner,8-30-2025,Open,4
4010791,1090281,2090281,5-14-2025,Claim Delay,Partner,06-01-25,Open,18
4010803,1090382,2090382,1-25-2025,Documentation,Partner,2-23-2025,Open,29
4010851,1090780,2090780,2-28-2025,Claim Delay,Partner,3-14-2025,Open,14
4010911,1091286,2091286,02-11-26,Policy Cancellation,Partner,2-15-2026,Open,4
4010958,1091702,2091702,04-06-25,Premium Issue,Partner,4-29-2025,Open,23
4010964,1091778,2091778,07-12-26,Premium Issue,Partner,08-06-26,Open,25
4011012,1092134,2092134,11-25-2024,Policy Cancellation,Partner,12-04-24,Open,9
4011022,1092225,2092225,08-04-25,Documentation,Partner,8-25-2025,Open,21
4011038,1092297,2092297,10-01-24,Documentation,Partner,10-16-2024,Open,15
4011183,1093494,2093494,9-21-2025,Premium Issue,Partner,9-23-2025,Open,2
4011187,1093521,2093521,7-21-2024,Policy Cancellation,Partner,08-07-24,Open,17
4011310,1094537,2094537,8-17-2025,App/Website,Partner,8-25-2025,Open,8
4011326,1094727,2094727,1-22-2025,Premium Issue,Partner,02-01-25,Open,10
4011345,1094830,2094830,07-09-26,Premium Issue,Partner,7-30-2026,Open,21
4011376,1095138,2095138,09-06-25,Policy Cancellation,Partner,9-27-2025,Open,21
4011687,1098009,2098009,9-16-2025,Agent Behaviour,Partner,9-22-2025,Open,6
4011699,1098063,2098063,08-10-24,Claim Delay,Partner,09-04-24,Open,25
4011861,1099286,2099286,12-01-25,App/Website,Partner,12-05-25,Open,4
4000023,1000211,2000211,10-17-2025,Policy Cancellation,Call Centre,10-21-2025,Open,4
4000113,1001051,2001051,4-28-2026,Claim Delay,Call Centre,5-22-2026,Open,24
4000323,1002908,2002908,12-26-2024,Claim Delay,Call Centre,01-01-25,Open,6
4000370,1003287,2003287,04-07-25,Premium Issue,Call Centre,05-02-25,Open,25
4000517,1004527,2004527,04-11-25,App/Website,Call Centre,4-21-2025,Open,10
4000579,1005113,2005113,02-07-26,App/Website,Call Centre,2-17-2026,Open,10
4000629,1005550,2005550,12-29-2025,Claim Delay,Call Centre,01-04-26,Open,6
4000648,1005669,2005669,4-30-2025,Documentation,Call Centre,5-21-2025,Open,21
4000684,1005961,2005961,2-13-2026,Policy Cancellation,Call Centre,03-11-26,Open,26
4000808,1007089,2007089,03-12-25,Claim Delay,Call Centre,3-21-2025,Open,9
4000851,1007463,2007463,1-24-2025,Service Quality,Call Centre,02-06-25,Open,13
4000854,1007486,2007486,12-24-2025,App/Website,Call Centre,01-08-26,Open,15
4000899,1007829,2007829,02-05-26,Claim Delay,Call Centre,2-16-2026,Open,11
4000935,1008094,2008094,02-10-26,Documentation,Call Centre,2-17-2026,Open,7
4001083,1009234,2009234,3-24-2026,Premium Issue,Call Centre,04-02-26,Open,9
4001109,1009425,2009425,12-28-2025,App/Website,Call Centre,1-21-2026,Open,24
4001142,1009706,2009706,3-21-2026,App/Website,Call Centre,3-24-2026,Open,3
4001195,1010235,2010235,12-19-2025,Policy Cancellation,Call Centre,01-01-26,Open,13
4001266,1010849,2010849,6-19-2025,Documentation,Call Centre,07-11-25,Open,22
4001369,1011676,2011676,07-10-25,Agent Behaviour,Call Centre,7-21-2025,Open,11
4001418,1012095,2012095,11-29-2025,Documentation,Call Centre,12-05-25,Open,6
4001515,1012911,2012911,07-05-25,Service Quality,Call Centre,07-10-25,Open,5
4001643,1013914,2013914,05-09-26,Service Quality,Call Centre,5-22-2026,Open,13
4001737,1014715,2014715,1-25-2025,Agent Behaviour,Call Centre,2-20-2025,Open,26
4001774,1015003,2015003,3-16-2025,Service Quality,Call Centre,3-24-2025,Open,8
4001796,1015218,2015218,6-26-2025,Claim Delay,Call Centre,07-04-25,Open,8
4001867,1015922,2015922,4-21-2025,Claim Delay,Call Centre,05-01-25,Open,10
4001884,1016048,2016048,7-22-2024,Service Quality,Call Centre,8-17-2024,Open,26
4002127,1017967,2017967,08-10-25,Policy Cancellation,Call Centre,8-28-2025,Open,18
4002233,1019033,2019033,11-17-2026,Claim Delay,Call Centre,11-19-2026,Open,2
4002241,1019113,2019113,5-18-2026,Claim Delay,Call Centre,6-15-2026,Open,28
4002322,1019826,2019826,2-24-2025,Claim Delay,Call Centre,3-21-2025,Open,25
4002348,1019987,2019987,12-14-2025,Service Quality,Call Centre,12-27-2025,Open,13
4002367,1020103,2020103,11-23-2024,Service Quality,Call Centre,12-10-24,Open,17
4002444,1020692,2020692,8-21-2024,Claim Delay,Call Centre,09-02-24,Open,12
4002482,1020956,2020956,8-27-2026,Agent Behaviour,Call Centre,9-15-2026,Open,19
4002487,1021005,2021005,01-03-25,Documentation,Call Centre,01-12-25,Open,9
4002500,1021161,2021161,11-07-24,Documentation,Call Centre,11-25-2024,Open,18
4002545,1021536,2021536,5-17-2026,App/Website,Call Centre,06-02-26,Open,16
4002634,1022364,2022364,12-06-24,Documentation,Call Centre,12-23-2024,Open,17
4002648,1022471,2022471,10-31-2024,Claim Delay,Call Centre,11-30-2024,Open,30
4002659,1022586,2022586,4-29-2025,Documentation,Call Centre,05-10-25,Open,11
4002690,1022806,2022806,06-06-25,Documentation,Call Centre,6-26-2025,Open,20
4002800,1023644,2023644,10-21-2025,Documentation,Call Centre,11-08-25,Open,18
4002814,1023722,2023722,12-21-2024,Premium Issue,Call Centre,12-29-2024,Open,8
4003017,1025363,2025363,9-15-2025,Agent Behaviour,Call Centre,9-22-2025,Open,7
4003146,1026430,2026430,11-14-2025,Policy Cancellation,Call Centre,11-18-2025,Open,4
4003158,1026594,2026594,3-14-2026,Claim Delay,Call Centre,3-22-2026,Open,8
4003211,1027078,2027078,12-31-2024,Documentation,Call Centre,1-18-2025,Open,18
4003310,1027871,2027871,9-26-2025,Claim Delay,Call Centre,10-22-2025,Open,26
4003317,1027929,2027929,4-17-2025,Agent Behaviour,Call Centre,4-26-2025,Open,9
4003397,1028598,2028598,1-17-2026,Claim Delay,Call Centre,02-02-26,Open,16
4003413,1028750,2028750,5-23-2026,Claim Delay,Call Centre,6-17-2026,Open,25
4003505,1029659,2029659,8-26-2024,Documentation,Call Centre,9-15-2024,Open,20
4003524,1029819,2029819,08-06-25,Agent Behaviour,Call Centre,8-16-2025,Open,10
4003533,1029903,2029903,8-18-2025,Claim Delay,Call Centre,09-08-25,Open,21
4003534,1029910,2029910,04-04-25,Premium Issue,Call Centre,4-25-2025,Open,21
4003801,1032314,2032314,12-20-2024,Premium Issue,Call Centre,1-19-2025,Open,30
4003819,1032421,2032421,5-18-2025,Policy Cancellation,Call Centre,5-25-2025,Open,7
4003988,1033834,2033834,02-01-25,Documentation,Call Centre,2-27-2025,Open,26
4004004,1033953,2033953,3-24-2025,Agent Behaviour,Call Centre,04-08-25,Open,15
4004041,1034207,2034207,05-04-24,Agent Behaviour,Call Centre,05-12-24,Open,8
4004048,1034280,2034280,9-26-2024,Policy Cancellation,Call Centre,10-23-2024,Open,27
4004123,1034863,2034863,8-30-2024,Service Quality,Call Centre,9-24-2024,Open,25
4004147,1035082,2035082,06-08-25,App/Website,Call Centre,6-16-2025,Open,8
4004231,1035797,2035797,11-22-2024,App/Website,Call Centre,11-30-2024,Open,8
4004305,1036472,2036472,3-13-2025,Agent Behaviour,Call Centre,04-03-25,Open,21
4004339,1036677,2036677,9-18-2024,Premium Issue,Call Centre,10-17-2024,Open,29
4004374,1036964,2036964,6-30-2026,Claim Delay,Call Centre,07-11-26,Open,11
4004392,1037097,2037097,11-04-24,Agent Behaviour,Call Centre,11-09-24,Open,5
4004480,1037761,2037761,12-15-2024,Premium Issue,Call Centre,1-14-2025,Open,30
4004501,1037939,2037939,1-28-2025,Documentation,Call Centre,1-31-2025,Open,3
4004624,1038784,2038784,02-01-25,Policy Cancellation,Call Centre,2-20-2025,Open,19
4004677,1039226,2039226,6-22-2024,Service Quality,Call Centre,07-02-24,Open,10
4004692,1039349,2039349,12-10-24,Policy Cancellation,Call Centre,01-03-25,Open,24
4004814,1040389,2040389,01-10-26,Claim Delay,Call Centre,1-29-2026,Open,19
4004828,1040493,2040493,5-30-2024,Agent Behaviour,Call Centre,06-03-24,Open,4
4004842,1040654,2040654,8-18-2025,Documentation,Call Centre,09-07-25,Open,20
4004860,1040784,2040784,1-24-2025,App/Website,Call Centre,02-09-25,Open,16
4004910,1041205,2041205,7-22-2025,Claim Delay,Call Centre,7-25-2025,Open,3
4005117,1043026,2043026,02-05-25,Agent Behaviour,Call Centre,03-02-25,Open,25
4005184,1043599,2043599,01-12-25,Premium Issue,Call Centre,1-29-2025,Open,17
4005228,1044020,2044020,1-23-2026,Agent Behaviour,Call Centre,02-03-26,Open,11
4005439,1045753,2045753,3-16-2026,Premium Issue,Call Centre,3-20-2026,Open,4
4005444,1045805,2045805,09-08-25,App/Website,Call Centre,9-25-2025,Open,17
4005485,1046155,2046155,5-31-2025,Documentation,Call Centre,06-11-25,Open,11
4005505,1046316,2046316,08-08-25,Documentation,Call Centre,8-17-2025,Open,9
4005560,1046801,2046801,09-07-25,Agent Behaviour,Call Centre,9-19-2025,Open,12
4005577,1046976,2046976,6-16-2025,Claim Delay,Call Centre,07-02-25,Open,16
4005584,1047036,2047036,12-15-2025,Premium Issue,Call Centre,12-23-2025,Open,8
4005615,1047297,2047297,3-27-2024,Policy Cancellation,Call Centre,04-10-24,Open,14
4005662,1047806,2047806,01-01-26,Policy Cancellation,Call Centre,01-10-26,Open,9
4005768,1048651,2048651,9-23-2024,Service Quality,Call Centre,10-02-24,Open,9
4005781,1048783,2048783,11-06-24,Agent Behaviour,Call Centre,11-24-2024,Open,18
4005812,1049121,2049121,6-21-2026,Service Quality,Call Centre,07-12-26,Open,21
4005966,1050276,2050276,8-30-2026,Documentation,Call Centre,9-15-2026,Open,16
4005982,1050408,2050408,6-29-2026,Policy Cancellation,Call Centre,07-02-26,Open,3
4006003,1050566,2050566,11-19-2025,App/Website,Call Centre,12-19-2025,Open,30
4006018,1050720,2050720,11-26-2024,Documentation,Call Centre,12-17-2024,Open,21
4006030,1050882,2050882,8-29-2026,App/Website,Call Centre,9-21-2026,Open,23
4006152,1052084,2052084,8-18-2025,Policy Cancellation,Call Centre,9-14-2025,Open,27
4006219,1052719,2052719,12-02-25,Premium Issue,Call Centre,12-04-25,Open,2
4006225,1052791,2052791,08-12-24,Premium Issue,Call Centre,09-06-24,Open,25
4006323,1053591,2053591,3-25-2025,Agent Behaviour,Call Centre,3-27-2025,Open,2
4006391,1054104,2054104,04-08-25,Claim Delay,Call Centre,4-25-2025,Open,17
4006423,1054346,2054346,12-27-2025,App/Website,Call Centre,1-26-2026,Open,30
4006534,1055226,2055226,08-12-24,Policy Cancellation,Call Centre,8-23-2024,Open,11
4006560,1055455,2055455,5-14-2026,Service Quality,Call Centre,5-24-2026,Open,10
4006591,1055721,2055721,12-21-2024,Agent Behaviour,Call Centre,01-12-25,Open,22
4006633,1056011,2056011,6-16-2026,Documentation,Call Centre,07-06-26,Open,20
4006824,1057509,2057509,6-21-2024,Claim Delay,Call Centre,7-21-2024,Open,30
4006888,1057951,2057951,5-19-2025,Claim Delay,Call Centre,5-26-2025,Open,7
4006916,1058144,2058144,10-07-25,Service Quality,Call Centre,10-18-2025,Open,11
4006934,1058257,2058257,11-29-2024,App/Website,Call Centre,12-21-2024,Open,22
4006962,1058486,2058486,02-10-25,Documentation,Call Centre,03-08-25,Open,26
4006988,1058730,2058730,01-08-25,Premium Issue,Call Centre,1-13-2025,Open,5
4006989,1058738,2058738,06-01-25,Premium Issue,Call Centre,6-20-2025,Open,19
4007044,1059232,2059232,8-27-2024,Agent Behaviour,Call Centre,09-12-24,Open,16
4007069,1059413,2059413,01-04-25,Premium Issue,Call Centre,1-23-2025,Open,19
4007156,1060051,2060051,5-20-2024,App/Website,Call Centre,06-10-24,Open,21
4007197,1060404,2060404,4-18-2025,App/Website,Call Centre,05-02-25,Open,14
4007250,1060762,2060762,02-08-25,Claim Delay,Call Centre,03-09-25,Open,29
4007275,1060991,2060991,01-08-26,Policy Cancellation,Call Centre,1-17-2026,Open,9
4007293,1061122,2061122,05-10-25,Agent Behaviour,Call Centre,5-20-2025,Open,10
4007471,1062544,2062544,11-03-25,Documentation,Call Centre,12-03-25,Open,30
4007489,1062761,2062761,12-17-2024,App/Website,Call Centre,12-22-2024,Open,5
4007502,1062863,2062863,01-12-25,Documentation,Call Centre,1-29-2025,Open,17
4007566,1063515,2063515,11-28-2024,Premium Issue,Call Centre,12-17-2024,Open,19
4007795,1065273,2065273,2-13-2026,Agent Behaviour,Call Centre,2-18-2026,Open,5
4007808,1065408,2065408,08-10-24,Policy Cancellation,Call Centre,09-01-24,Open,22
4007812,1065447,2065447,9-17-2025,Claim Delay,Call Centre,10-13-2025,Open,26
4007960,1066615,2066615,10-25-2025,Documentation,Call Centre,11-20-2025,Open,26
4008030,1067212,2067212,5-17-2025,Premium Issue,Call Centre,5-18-2025,Open,1
4008047,1067321,2067321,5-25-2024,Claim Delay,Call Centre,6-17-2024,Open,23
4008073,1067502,2067502,11-24-2025,Service Quality,Call Centre,11-26-2025,Open,2
4008086,1067667,2067667,12-21-2025,App/Website,Call Centre,12-22-2025,Open,1
4008120,1068001,2068001,4-27-2024,Premium Issue,Call Centre,5-20-2024,Open,23
4008280,1069309,2069309,09-07-25,Policy Cancellation,Call Centre,9-21-2025,Open,14
4008359,1069963,2069963,9-16-2025,Claim Delay,Call Centre,10-13-2025,Open,27
4008466,1070975,2070975,11-12-25,Documentation,Call Centre,11-13-2025,Open,1
4008519,1071449,2071449,08-11-25,Agent Behaviour,Call Centre,8-26-2025,Open,15
4008665,1072782,2072782,6-28-2024,Documentation,Call Centre,07-09-24,Open,11
4008788,1073795,2073795,04-02-26,Claim Delay,Call Centre,4-16-2026,Open,14
4008848,1074319,2074319,1-14-2025,App/Website,Call Centre,1-26-2025,Open,12
4008856,1074351,2074351,1-30-2026,Documentation,Call Centre,02-09-26,Open,10
4008890,1074729,2074729,10-26-2025,Service Quality,Call Centre,11-13-2025,Open,18
4008931,1075061,2075061,9-14-2025,Agent Behaviour,Call Centre,10-12-25,Open,28
4008940,1075145,2075145,11-17-2025,Premium Issue,Call Centre,11-27-2025,Open,10
4008960,1075300,2075300,08-07-25,Agent Behaviour,Call Centre,8-24-2025,Open,17
4008994,1075545,2075545,6-15-2026,Policy Cancellation,Call Centre,6-28-2026,Open,13
4009137,1076557,2076557,07-11-26,App/Website,Call Centre,7-30-2026,Open,19
4009144,1076626,2076626,10-06-25,Claim Delay,Call Centre,11-04-25,Open,29
4009189,1076998,2076998,8-14-2026,Policy Cancellation,Call Centre,8-20-2026,Open,6
4009204,1077120,2077120,1-18-2026,Documentation,Call Centre,02-10-26,Open,23
4009308,1078116,2078116,12-14-2025,App/Website,Call Centre,01-06-26,Open,23
4009344,1078411,2078411,8-14-2025,Agent Behaviour,Call Centre,8-19-2025,Open,5
4009463,1079394,2079394,9-14-2025,Documentation,Call Centre,10-14-2025,Open,30
4009516,1079848,2079848,3-28-2025,Documentation,Call Centre,04-10-25,Open,13
4009542,1080045,2080045,4-17-2026,Documentation,Call Centre,4-25-2026,Open,8
4009702,1081233,2081233,2-25-2025,Documentation,Call Centre,03-03-25,Open,6
4009715,1081321,2081321,7-28-2025,Service Quality,Call Centre,8-20-2025,Open,23
4009757,1081629,2081629,05-10-26,Policy Cancellation,Call Centre,5-20-2026,Open,10
4009796,1081923,2081923,3-23-2025,Premium Issue,Call Centre,3-27-2025,Open,4
4009825,1082172,2082172,01-11-25,Premium Issue,Call Centre,1-27-2025,Open,16
4009827,1082185,2082185,01-09-25,Claim Delay,Call Centre,1-18-2025,Open,9
4009864,1082495,2082495,02-08-26,App/Website,Call Centre,2-25-2026,Open,17
4009872,1082517,2082517,3-25-2025,App/Website,Call Centre,3-28-2025,Open,3
4009906,1082767,2082767,05-07-25,Documentation,Call Centre,05-10-25,Open,3
4009926,1083009,2083009,3-31-2025,Policy Cancellation,Call Centre,04-07-25,Open,7
4009957,1083316,2083316,03-12-25,Agent Behaviour,Call Centre,3-22-2025,Open,10
4010057,1084157,2084157,11-10-25,Claim Delay,Call Centre,12-03-25,Open,23
4010076,1084279,2084279,1-27-2025,Policy Cancellation,Call Centre,2-21-2025,Open,25
4010084,1084339,2084339,1-22-2026,Service Quality,Call Centre,2-21-2026,Open,30
4010105,1084535,2084535,02-08-25,App/Website,Call Centre,2-23-2025,Open,15
4010159,1085036,2085036,4-24-2024,Claim Delay,Call Centre,05-05-24,Open,11
4010376,1087000,2087000,06-06-24,Service Quality,Call Centre,06-08-24,Open,2
4010380,1087054,2087054,08-06-26,App/Website,Call Centre,09-04-26,Open,29
4010395,1087191,2087191,11-24-2024,Documentation,Call Centre,11-27-2024,Open,3
4010404,1087224,2087224,3-22-2025,Claim Delay,Call Centre,04-09-25,Open,18
4010458,1087628,2087628,07-07-25,Claim Delay,Call Centre,07-12-25,Open,5
4010521,1088119,2088119,6-13-2025,Policy Cancellation,Call Centre,6-20-2025,Open,7
4010524,1088149,2088149,5-30-2025,Claim Delay,Call Centre,06-04-25,Open,5
4010566,1088456,2088456,06-11-25,Documentation,Call Centre,07-01-25,Open,20
4010573,1088508,2088508,07-04-25,App/Website,Call Centre,7-14-2025,Open,10
4010589,1088633,2088633,7-30-2025,Documentation,Call Centre,8-28-2025,Open,29
4010647,1088978,2088978,10-06-24,Agent Behaviour,Call Centre,10-25-2024,Open,19
4010766,1090082,2090082,1-27-2025,App/Website,Call Centre,02-04-25,Open,8
4010855,1090796,2090796,2-16-2025,Policy Cancellation,Call Centre,03-06-25,Open,18
4010863,1090831,2090831,11-13-2024,Premium Issue,Call Centre,12-03-24,Open,20
4010931,1091480,2091480,9-24-2026,Premium Issue,Call Centre,10-14-2026,Open,20
4011101,1092771,2092771,04-08-25,App/Website,Call Centre,4-20-2025,Open,12
4011177,1093463,2093463,04-12-25,Premium Issue,Call Centre,4-26-2025,Open,14
4011215,1093750,2093750,02-04-25,Policy Cancellation,Call Centre,2-17-2025,Open,13
4011258,1094073,2094073,11-06-25,Documentation,Call Centre,11-30-2025,Open,24
4011308,1094509,2094509,06-08-25,Agent Behaviour,Call Centre,6-22-2025,Open,14
4011348,1094846,2094846,05-12-26,Premium Issue,Call Centre,5-27-2026,Open,15
4011423,1095608,2095608,09-09-24,Claim Delay,Call Centre,09-12-24,Open,3
4011501,1096308,2096308,08-04-24,Service Quality,Call Centre,8-17-2024,Open,13
4011512,1096410,2096410,7-13-2025,Documentation,Call Centre,08-08-25,Open,26
4011521,1096480,2096480,07-01-25,Policy Cancellation,Call Centre,7-27-2025,Open,26
4011527,1096560,2096560,04-09-24,Policy Cancellation,Call Centre,05-02-24,Open,23
4011556,1096842,2096842,10-11-24,Claim Delay,Call Centre,10-28-2024,Open,17
4011641,1097605,2097605,1-29-2025,Claim Delay,Call Centre,2-28-2025,Open,30
4011664,1097809,2097809,02-05-25,App/Website,Call Centre,03-02-25,Open,25
4011875,1099364,2099364,12-23-2025,Agent Behaviour,Call Centre,1-16-2026,Open,24
4000050,1000435,2000435,5-27-2025,Service Quality,Branch,06-05-25,Open,9
4000087,1000781,2000781,04-03-26,Policy Cancellation,Branch,4-14-2026,Open,11
4000141,1001262,2001262,8-15-2024,Policy Cancellation,Branch,09-05-24,Open,21
4000175,1001583,2001583,5-13-2025,App/Website,Branch,5-29-2025,Open,16
4000230,1002144,2002144,1-23-2025,Claim Delay,Branch,02-01-25,Open,9
4000267,1002492,2002492,6-26-2025,Documentation,Branch,7-15-2025,Open,19
4000324,1002909,2002909,12-31-2024,Service Quality,Branch,1-14-2025,Open,14
4000369,1003277,2003277,07-06-26,Premium Issue,Branch,7-14-2026,Open,8
4000420,1003749,2003749,8-15-2026,Documentation,Branch,9-14-2026,Open,30
4000505,1004464,2004464,12-15-2025,Documentation,Branch,01-12-26,Open,28
4000506,1004466,2004466,12-24-2024,Documentation,Branch,01-03-25,Open,10
4000595,1005235,2005235,3-26-2025,Service Quality,Branch,04-11-25,Open,16
4000610,1005351,2005351,5-25-2026,Agent Behaviour,Branch,6-22-2026,Open,28
4000957,1008229,2008229,3-16-2025,App/Website,Branch,3-31-2025,Open,15
4001125,1009541,2009541,7-30-2024,Documentation,Branch,8-18-2024,Open,19
4001135,1009654,2009654,6-28-2024,App/Website,Branch,7-20-2024,Open,22
4001366,1011654,2011654,2-15-2024,App/Website,Branch,03-06-24,Open,20
4001489,1012680,2012680,6-26-2026,Agent Behaviour,Branch,07-06-26,Open,10
4001524,1012982,2012982,11-20-2024,Claim Delay,Branch,12-09-24,Open,19
4001657,1014011,2014011,02-11-25,Service Quality,Branch,2-14-2025,Open,3
4001700,1014379,2014379,2-14-2025,Claim Delay,Branch,03-02-25,Open,16
4001781,1015100,2015100,6-19-2024,Premium Issue,Branch,6-23-2024,Open,4
4001829,1015505,2015505,6-15-2024,App/Website,Branch,07-02-24,Open,17
4002129,1017998,2017998,4-16-2026,App/Website,Branch,05-03-26,Open,17
4002193,1018599,2018599,04-05-25,Claim Delay,Branch,4-16-2025,Open,11
4002231,1018987,2018987,8-19-2026,Documentation,Branch,9-16-2026,Open,28
4002261,1019268,2019268,12-12-25,App/Website,Branch,12-19-2025,Open,7
4002284,1019477,2019477,11-02-24,Agent Behaviour,Branch,11-04-24,Open,2
4002305,1019697,2019697,06-11-25,Claim Delay,Branch,6-15-2025,Open,4
4002352,1020000,2020000,03-11-26,Policy Cancellation,Branch,3-17-2026,Open,6
4002359,1020051,2020051,01-10-26,Service Quality,Branch,02-01-26,Open,22
4002439,1020609,2020609,4-25-2026,Premium Issue,Branch,5-18-2026,Open,23
4002454,1020759,2020759,04-07-25,Agent Behaviour,Branch,4-29-2025,Open,22
4002553,1021673,2021673,05-08-25,Policy Cancellation,Branch,5-22-2025,Open,14
4002594,1022024,2022024,08-05-25,Documentation,Branch,8-28-2025,Open,23
4002653,1022541,2022541,10-16-2025,Service Quality,Branch,11-12-25,Open,27
4002850,1023961,2023961,08-05-25,Premium Issue,Branch,09-04-25,Open,30
4002898,1024385,2024385,09-10-25,Service Quality,Branch,10-10-25,Open,30
4002967,1025030,2025030,10-15-2025,Claim Delay,Branch,10-28-2025,Open,13
4003037,1025524,2025524,1-16-2026,App/Website,Branch,1-17-2026,Open,1
4003140,1026404,2026404,7-21-2024,Policy Cancellation,Branch,08-01-24,Open,11
4003165,1026649,2026649,12-14-2024,Premium Issue,Branch,12-15-2024,Open,1
4003183,1026793,2026793,12-18-2024,Service Quality,Branch,1-14-2025,Open,27
4003372,1028375,2028375,2-22-2025,Service Quality,Branch,3-15-2025,Open,21
4003500,1029591,2029591,2-24-2024,Documentation,Branch,03-09-24,Open,14
4003545,1029978,2029978,1-16-2026,App/Website,Branch,1-29-2026,Open,13
4003640,1030957,2030957,12-29-2024,Documentation,Branch,12-31-2024,Open,2
4003775,1032057,2032057,01-12-25,Policy Cancellation,Branch,02-03-25,Open,22
4003797,1032252,2032252,04-10-26,Service Quality,Branch,4-19-2026,Open,9
4003881,1033021,2033021,4-20-2026,Documentation,Branch,5-15-2026,Open,25
4003892,1033109,2033109,12-09-25,Claim Delay,Branch,01-08-26,Open,30
4003945,1033457,2033457,11-06-25,Claim Delay,Branch,12-01-25,Open,25
4004022,1034103,2034103,06-03-26,Premium Issue,Branch,6-23-2026,Open,20
4004025,1034116,2034116,12-07-24,Service Quality,Branch,12-25-2024,Open,18
4004071,1034420,2034420,6-22-2025,Documentation,Branch,07-04-25,Open,12
4004084,1034497,2034497,09-10-24,Agent Behaviour,Branch,10-05-24,Open,25
4004180,1035393,2035393,02-01-25,App/Website,Branch,2-25-2025,Open,24
4004195,1035555,2035555,1-28-2026,Agent Behaviour,Branch,2-21-2026,Open,24
4004220,1035706,2035706,11-20-2024,Documentation,Branch,12-03-24,Open,13
4004299,1036428,2036428,03-03-26,Documentation,Branch,03-11-26,Open,8
4004373,1036948,2036948,05-11-25,Agent Behaviour,Branch,5-25-2025,Open,14
4004385,1037037,2037037,03-04-24,Claim Delay,Branch,3-27-2024,Open,23
4004470,1037696,2037696,12-16-2025,Premium Issue,Branch,12-25-2025,Open,9
4004472,1037716,2037716,12-23-2024,Claim Delay,Branch,12-31-2024,Open,8
4004488,1037812,2037812,08-04-25,Claim Delay,Branch,8-16-2025,Open,12
4004685,1039310,2039310,6-20-2024,App/Website,Branch,07-07-24,Open,17
4004687,1039322,2039322,07-03-24,Claim Delay,Branch,7-21-2024,Open,18
4004881,1040962,2040962,03-06-25,Service Quality,Branch,04-03-25,Open,28
4004890,1041029,2041029,7-20-2026,Documentation,Branch,8-19-2026,Open,30
4004914,1041233,2041233,05-06-25,Premium Issue,Branch,06-05-25,Open,30
4004956,1041653,2041653,12-15-2024,Documentation,Branch,01-04-25,Open,20
4004996,1041927,2041927,3-28-2024,Claim Delay,Branch,04-07-24,Open,10
4005032,1042312,2042312,7-28-2025,Service Quality,Branch,8-20-2025,Open,23
4005216,1043821,2043821,11-20-2025,Documentation,Branch,12-03-25,Open,13
4005271,1044379,2044379,01-01-25,Claim Delay,Branch,1-13-2025,Open,12
4005364,1045104,2045104,10-18-2024,Claim Delay,Branch,11-03-24,Open,16
4005388,1045358,2045358,2-14-2025,Documentation,Branch,3-14-2025,Open,28
4005401,1045447,2045447,07-08-26,Claim Delay,Branch,08-03-26,Open,26
4005519,1046423,2046423,7-25-2025,Policy Cancellation,Branch,8-13-2025,Open,19
4005553,1046762,2046762,2-14-2026,Agent Behaviour,Branch,03-02-26,Open,16
4005564,1046880,2046880,10-17-2025,Policy Cancellation,Branch,10-23-2025,Open,6
4005573,1046918,2046918,11-27-2025,Documentation,Branch,12-20-2025,Open,23
4005578,1046981,2046981,02-09-26,Service Quality,Branch,02-11-26,Open,2
4005588,1047078,2047078,8-22-2024,Claim Delay,Branch,8-30-2024,Open,8
4005747,1048475,2048475,08-05-24,Documentation,Branch,8-13-2024,Open,8
4005752,1048512,2048512,11-03-25,Agent Behaviour,Branch,11-05-25,Open,2
4005785,1048816,2048816,10-20-2025,Documentation,Branch,11-13-2025,Open,24
4005823,1049181,2049181,08-11-24,Premium Issue,Branch,09-01-24,Open,21
4005825,1049197,2049197,7-13-2026,Policy Cancellation,Branch,7-19-2026,Open,6
4005973,1050342,2050342,7-30-2025,Service Quality,Branch,8-18-2025,Open,19
4005994,1050496,2050496,8-17-2024,Service Quality,Branch,8-29-2024,Open,12
4006029,1050865,2050865,09-06-26,Premium Issue,Branch,9-17-2026,Open,11
4006116,1051737,2051737,6-30-2024,Documentation,Branch,7-16-2024,Open,16
4006172,1052290,2052290,8-21-2026,Service Quality,Branch,09-08-26,Open,18
4006352,1053818,2053818,06-12-25,Documentation,Branch,07-11-25,Open,29
4006376,1053963,2053963,5-16-2024,Policy Cancellation,Branch,5-24-2024,Open,8
4006397,1054137,2054137,4-15-2026,Service Quality,Branch,05-09-26,Open,24
4006509,1055049,2055049,5-19-2025,Policy Cancellation,Branch,06-05-25,Open,17
4006511,1055055,2055055,07-02-25,Premium Issue,Branch,7-25-2025,Open,23
4006518,1055137,2055137,02-07-26,Documentation,Branch,03-02-26,Open,23
4006572,1055553,2055553,10-19-2025,Premium Issue,Branch,11-01-25,Open,13
4006616,1055899,2055899,10-14-2025,Agent Behaviour,Branch,10-25-2025,Open,11
4006742,1056897,2056897,2-18-2025,Policy Cancellation,Branch,2-27-2025,Open,9
4006781,1057168,2057168,09-04-25,Claim Delay,Branch,09-12-25,Open,8
4006812,1057435,2057435,02-06-26,Policy Cancellation,Branch,2-16-2026,Open,10
4006853,1057683,2057683,12-11-24,Agent Behaviour,Branch,12-26-2024,Open,15
4006933,1058256,2058256,3-13-2025,Policy Cancellation,Branch,04-11-25,Open,29
4007031,1059134,2059134,07-06-25,Agent Behaviour,Branch,7-16-2025,Open,10
4007235,1060646,2060646,9-22-2024,Policy Cancellation,Branch,10-07-24,Open,15
4007253,1060769,2060769,04-04-24,Agent Behaviour,Branch,04-11-24,Open,7
4007256,1060794,2060794,10-22-2024,App/Website,Branch,11-10-24,Open,19
4007262,1060865,2060865,11-10-25,Service Quality,Branch,11-20-2025,Open,10
4007274,1060971,2060971,7-31-2025,Policy Cancellation,Branch,08-02-25,Open,2
4007487,1062754,2062754,10-02-25,App/Website,Branch,10-30-2025,Open,28
4007523,1063110,2063110,9-25-2024,App/Website,Branch,10-01-24,Open,6
4007586,1063622,2063622,07-09-24,Agent Behaviour,Branch,7-15-2024,Open,6
4007666,1064252,2064252,5-24-2025,Claim Delay,Branch,5-30-2025,Open,6
4007792,1065255,2065255,8-25-2025,Premium Issue,Branch,9-15-2025,Open,21
4007932,1066408,2066408,2-14-2026,Service Quality,Branch,2-20-2026,Open,6
4008085,1067651,2067651,04-08-26,Service Quality,Branch,04-10-26,Open,2
4008154,1068234,2068234,12-27-2024,Agent Behaviour,Branch,01-06-25,Open,10
4008217,1068802,2068802,5-20-2025,Premium Issue,Branch,06-12-25,Open,23
4008218,1068806,2068806,5-26-2026,Agent Behaviour,Branch,06-07-26,Open,12
4008226,1068852,2068852,3-23-2024,Policy Cancellation,Branch,4-13-2024,Open,21
4008411,1070477,2070477,6-13-2026,Premium Issue,Branch,6-14-2026,Open,1
4008425,1070620,2070620,02-09-26,Claim Delay,Branch,02-12-26,Open,3
4008452,1070860,2070860,8-15-2025,Claim Delay,Branch,09-11-25,Open,27
4008487,1071142,2071142,6-18-2026,Claim Delay,Branch,6-24-2026,Open,6
4008494,1071204,2071204,12-15-2025,Premium Issue,Branch,12-21-2025,Open,6
4008520,1071452,2071452,1-29-2026,Documentation,Branch,2-20-2026,Open,22
4008533,1071575,2071575,10-22-2024,App/Website,Branch,11-10-24,Open,19
4008553,1071791,2071791,08-01-26,Agent Behaviour,Branch,8-18-2026,Open,17
4008596,1072141,2072141,5-15-2024,Claim Delay,Branch,5-25-2024,Open,10
4008626,1072429,2072429,3-31-2025,Service Quality,Branch,4-16-2025,Open,16
4008627,1072459,2072459,6-28-2025,Agent Behaviour,Branch,7-17-2025,Open,19
4008633,1072528,2072528,03-09-26,Agent Behaviour,Branch,3-21-2026,Open,12
4008717,1073230,2073230,01-02-26,Service Quality,Branch,1-21-2026,Open,19
4008762,1073579,2073579,6-17-2025,Policy Cancellation,Branch,6-30-2025,Open,13
4008795,1073842,2073842,05-12-25,Agent Behaviour,Branch,5-28-2025,Open,16
4008821,1074055,2074055,11-09-25,Premium Issue,Branch,11-14-2025,Open,5
4008840,1074260,2074260,12-07-24,Agent Behaviour,Branch,12-26-2024,Open,19
4009011,1075662,2075662,9-22-2024,App/Website,Branch,9-29-2024,Open,7
4009031,1075795,2075795,4-26-2025,Premium Issue,Branch,05-01-25,Open,5
4009071,1076095,2076095,1-26-2025,Claim Delay,Branch,1-29-2025,Open,3
4009113,1076420,2076420,07-04-25,Claim Delay,Branch,7-21-2025,Open,17
4009185,1076982,2076982,10-10-24,Service Quality,Branch,10-26-2024,Open,16
4009202,1077089,2077089,9-27-2024,Agent Behaviour,Branch,10-24-2024,Open,27
4009225,1077306,2077306,07-08-24,Premium Issue,Branch,7-31-2024,Open,23
4009233,1077364,2077364,03-11-26,Claim Delay,Branch,04-04-26,Open,24
4009248,1077483,2077483,04-12-25,Agent Behaviour,Branch,4-23-2025,Open,11
4009252,1077529,2077529,8-19-2024,Claim Delay,Branch,09-04-24,Open,16
4009260,1077585,2077585,04-07-25,Premium Issue,Branch,4-15-2025,Open,8
4009306,1078100,2078100,06-06-25,Premium Issue,Branch,06-09-25,Open,3
4009340,1078390,2078390,05-08-24,Service Quality,Branch,5-25-2024,Open,17
4009420,1079102,2079102,11-26-2024,Agent Behaviour,Branch,12-05-24,Open,9
4009445,1079268,2079268,7-13-2026,Agent Behaviour,Branch,08-05-26,Open,23
4009455,1079322,2079322,9-24-2024,Documentation,Branch,10-17-2024,Open,23
4009465,1079404,2079404,4-13-2025,Agent Behaviour,Branch,4-15-2025,Open,2
4009538,1080025,2080025,3-27-2025,App/Website,Branch,04-05-25,Open,9
4009587,1080372,2080372,6-29-2025,Documentation,Branch,7-17-2025,Open,18
4009603,1080463,2080463,2-19-2026,Claim Delay,Branch,3-15-2026,Open,24
4009643,1080802,2080802,7-16-2024,Claim Delay,Branch,8-13-2024,Open,28
4009655,1080902,2080902,12-15-2025,Policy Cancellation,Branch,12-27-2025,Open,12
4009665,1080976,2080976,6-20-2025,Premium Issue,Branch,6-26-2025,Open,6
4009742,1081523,2081523,10-20-2024,Service Quality,Branch,11-03-24,Open,14
4009780,1081827,2081827,06-04-26,App/Website,Branch,6-23-2026,Open,19
4009851,1082367,2082367,10-11-24,Service Quality,Branch,10-30-2024,Open,19
4009858,1082449,2082449,9-24-2025,Premium Issue,Branch,10-07-25,Open,13
4010055,1084071,2084071,3-13-2025,App/Website,Branch,04-04-25,Open,22
4010106,1084546,2084546,3-18-2026,Agent Behaviour,Branch,04-03-26,Open,16
4010223,1085561,2085561,5-21-2026,Premium Issue,Branch,06-12-26,Open,22
4010316,1086418,2086418,1-19-2025,Documentation,Branch,02-10-25,Open,22
4010318,1086446,2086446,07-07-25,Agent Behaviour,Branch,7-25-2025,Open,18
4010397,1087201,2087201,9-23-2024,App/Website,Branch,9-24-2024,Open,1
4010402,1087221,2087221,10-30-2024,Policy Cancellation,Branch,11-07-24,Open,8
4010407,1087266,2087266,2-15-2025,App/Website,Branch,2-22-2025,Open,7
4010416,1087356,2087356,02-12-25,App/Website,Branch,2-28-2025,Open,16
4010423,1087412,2087412,02-02-25,App/Website,Branch,2-18-2025,Open,16
4010428,1087447,2087447,1-26-2025,Claim Delay,Branch,2-16-2025,Open,21
4010434,1087486,2087486,5-17-2026,Service Quality,Branch,06-10-26,Open,24
4010446,1087549,2087549,11-14-2024,Documentation,Branch,11-30-2024,Open,16
4010501,1087973,2087973,01-12-25,Policy Cancellation,Branch,1-26-2025,Open,14
4010506,1087999,2087999,1-29-2025,Agent Behaviour,Branch,2-19-2025,Open,21
4010571,1088484,2088484,09-04-24,Claim Delay,Branch,9-27-2024,Open,23
4010596,1088689,2088689,3-13-2025,App/Website,Branch,04-08-25,Open,26
4010681,1089329,2089329,8-15-2025,Documentation,Branch,8-19-2025,Open,4
4010723,1089728,2089728,11-19-2025,Policy Cancellation,Branch,12-15-2025,Open,26
4010802,1090376,2090376,9-29-2026,Policy Cancellation,Branch,10-21-2026,Open,22
4010878,1090948,2090948,7-20-2026,Claim Delay,Branch,7-29-2026,Open,9
4011091,1092667,2092667,6-25-2025,Premium Issue,Branch,07-10-25,Open,15
4011170,1093410,2093410,2-25-2025,Service Quality,Branch,03-04-25,Open,7
4011269,1094147,2094147,9-24-2024,Agent Behaviour,Branch,10-05-24,Open,11
4011397,1095377,2095377,12-14-2024,App/Website,Branch,01-06-25,Open,23
4011487,1096190,2096190,11-29-2024,Service Quality,Branch,12-11-24,Open,12
4011725,1098253,2098253,5-30-2025,Premium Issue,Branch,6-16-2025,Open,17
4011778,1098674,2098674,08-02-24,Premium Issue,Branch,8-29-2024,Open,27
4011863,1099290,2099290,07-01-25,Agent Behaviour,Branch,7-24-2025,Open,23
4011947,1099930,2099930,11-29-2025,App/Website,Branch,11-30-2025,Open,1
4000105,1000957,2000957,6-22-2025,Policy Cancellation,Agent,7-22-2025,Open,30
4000143,1001276,2001276,7-30-2025,Policy Cancellation,Agent,08-07-25,Open,8
4000165,1001497,2001497,6-26-2024,Policy Cancellation,Agent,07-09-24,Open,13
4000325,1002913,2002913,3-13-2026,Policy Cancellation,Agent,04-04-26,Open,22
4000331,1002969,2002969,4-19-2025,Premium Issue,Agent,5-14-2025,Open,25
4000334,1002982,2002982,03-03-25,Service Quality,Agent,04-02-25,Open,30
4000337,1003009,2003009,11-27-2025,Claim Delay,Agent,12-20-2025,Open,23
4000346,1003120,2003120,08-12-24,Policy Cancellation,Agent,09-08-24,Open,27
4000360,1003199,2003199,9-22-2024,Policy Cancellation,Agent,10-21-2024,Open,29
4000385,1003433,2003433,7-28-2024,Service Quality,Agent,8-16-2024,Open,19
4000423,1003755,2003755,11-30-2025,Policy Cancellation,Agent,12-22-2025,Open,22
4000434,1003847,2003847,01-08-25,Policy Cancellation,Agent,02-04-25,Open,27
4000463,1004146,2004146,10-07-25,Premium Issue,Agent,11-02-25,Open,26
4000492,1004322,2004322,8-13-2025,App/Website,Agent,09-07-25,Open,25
4000574,1005046,2005046,10-03-25,Agent Behaviour,Agent,10-05-25,Open,2
4000687,1005982,2005982,2-26-2026,App/Website,Agent,03-04-26,Open,6
4000696,1006039,2006039,3-16-2024,Documentation,Agent,4-15-2024,Open,30
4000862,1007532,2007532,05-06-26,Premium Issue,Agent,05-11-26,Open,5
4000929,1008055,2008055,06-07-24,Policy Cancellation,Agent,6-14-2024,Open,7
4000930,1008057,2008057,5-14-2025,Premium Issue,Agent,5-16-2025,Open,2
4000998,1008523,2008523,08-07-24,App/Website,Agent,09-06-24,Open,30
4001020,1008746,2008746,12-16-2025,Policy Cancellation,Agent,01-01-26,Open,16
4001039,1008854,2008854,11-12-24,Agent Behaviour,Agent,11-13-2024,Open,1
4001053,1008988,2008988,04-03-26,Premium Issue,Agent,4-14-2026,Open,11
4001224,1010459,2010459,9-16-2024,Policy Cancellation,Agent,9-30-2024,Open,14
4001246,1010679,2010679,12-02-25,Premium Issue,Agent,12-13-2025,Open,11
4001375,1011702,2011702,8-18-2025,Documentation,Agent,09-10-25,Open,23
4001468,1012520,2012520,03-01-26,Service Quality,Agent,03-07-26,Open,6
4001498,1012713,2012713,12-09-24,App/Website,Agent,12-26-2024,Open,17
4001596,1013595,2013595,3-27-2024,Premium Issue,Agent,4-26-2024,Open,30
4001615,1013720,2013720,5-17-2024,Policy Cancellation,Agent,5-19-2024,Open,2
4001628,1013822,2013822,11-10-26,App/Website,Agent,11-26-2026,Open,16
4001685,1014301,2014301,7-17-2025,Service Quality,Agent,8-16-2025,Open,30
4001748,1014840,2014840,3-20-2025,Claim Delay,Agent,3-24-2025,Open,4
4001794,1015202,2015202,10-21-2024,Service Quality,Agent,11-05-24,Open,15
4001806,1015315,2015315,05-02-26,Claim Delay,Agent,5-31-2026,Open,29
4001834,1015533,2015533,4-14-2025,App/Website,Agent,05-05-25,Open,21
4001897,1016161,2016161,7-14-2025,Agent Behaviour,Agent,08-11-25,Open,28
4002034,1017194,2017194,5-20-2025,Agent Behaviour,Agent,5-29-2025,Open,9
4002035,1017206,2017206,07-02-25,Premium Issue,Agent,7-22-2025,Open,20
4002045,1017279,2017279,9-20-2025,Claim Delay,Agent,10-06-25,Open,16
4002047,1017291,2017291,9-25-2025,Premium Issue,Agent,10-16-2025,Open,21
4002070,1017472,2017472,11-27-2025,Service Quality,Agent,11-29-2025,Open,2
4002104,1017824,2017824,05-03-24,Claim Delay,Agent,5-17-2024,Open,14
4002152,1018201,2018201,4-18-2025,Documentation,Agent,4-28-2025,Open,10
4002203,1018687,2018687,09-09-24,Policy Cancellation,Agent,9-20-2024,Open,11
4002257,1019229,2019229,02-07-26,Claim Delay,Agent,2-28-2026,Open,21
4002289,1019547,2019547,09-05-25,Premium Issue,Agent,9-26-2025,Open,21
4002433,1020584,2020584,6-18-2025,Documentation,Agent,07-06-25,Open,18
4002574,1021830,2021830,10-11-25,Policy Cancellation,Agent,10-16-2025,Open,5
4002607,1022134,2022134,4-14-2024,Claim Delay,Agent,4-29-2024,Open,15
4002633,1022359,2022359,07-01-25,Policy Cancellation,Agent,7-30-2025,Open,29
4002649,1022478,2022478,2-14-2026,App/Website,Agent,3-14-2026,Open,28
4002788,1023573,2023573,11-17-2025,Premium Issue,Agent,11-19-2025,Open,2
4002811,1023699,2023699,6-26-2024,Premium Issue,Agent,7-20-2024,Open,24
4002833,1023843,2023843,10-15-2025,App/Website,Agent,10-30-2025,Open,15
4002836,1023879,2023879,08-01-25,Policy Cancellation,Agent,8-26-2025,Open,25
4002980,1025147,2025147,2-27-2025,Agent Behaviour,Agent,3-16-2025,Open,17
4003093,1025988,2025988,2-26-2026,Agent Behaviour,Agent,3-16-2026,Open,18
4003108,1026063,2026063,3-22-2025,Agent Behaviour,Agent,04-05-25,Open,14
4003170,1026678,2026678,10-16-2024,App/Website,Agent,10-30-2024,Open,14
4003200,1026988,2026988,8-20-2026,Policy Cancellation,Agent,8-28-2026,Open,8
4003389,1028527,2028527,07-03-26,Documentation,Agent,7-31-2026,Open,28
4003403,1028647,2028647,1-23-2025,Policy Cancellation,Agent,02-01-25,Open,9
4003530,1029894,2029894,7-30-2026,Premium Issue,Agent,7-31-2026,Open,1
4003568,1030238,2030238,05-09-25,App/Website,Agent,5-23-2025,Open,14
4003574,1030323,2030323,05-11-26,Policy Cancellation,Agent,06-06-26,Open,26
4003638,1030931,2030931,8-17-2024,Claim Delay,Agent,09-08-24,Open,22
4003708,1031473,2031473,9-26-2026,Service Quality,Agent,10-23-2026,Open,27
4003929,1033362,2033362,10-08-25,Documentation,Agent,10-19-2025,Open,11
4003939,1033436,2033436,11-11-24,App/Website,Agent,11-13-2024,Open,2
4003986,1033816,2033816,9-13-2024,App/Website,Agent,9-28-2024,Open,15
4004310,1036494,2036494,8-14-2025,Premium Issue,Agent,8-30-2025,Open,16
4004319,1036542,2036542,5-20-2026,Premium Issue,Agent,06-10-26,Open,21
4004348,1036751,2036751,11-14-2025,Service Quality,Agent,11-30-2025,Open,16
4004352,1036791,2036791,11-18-2025,Service Quality,Agent,11-24-2025,Open,6
4004414,1037317,2037317,04-10-24,Premium Issue,Agent,05-09-24,Open,29
4004432,1037420,2037420,9-22-2025,Agent Behaviour,Agent,10-05-25,Open,13
4004528,1038124,2038124,12-11-24,Claim Delay,Agent,12-12-24,Open,1
4004619,1038768,2038768,5-16-2026,Claim Delay,Agent,06-06-26,Open,21
4004653,1039042,2039042,1-13-2026,Service Quality,Agent,1-22-2026,Open,9
4004795,1040211,2040211,3-19-2024,Documentation,Agent,04-11-24,Open,23
4004877,1040907,2040907,05-07-26,Premium Issue,Agent,05-09-26,Open,2
4005034,1042326,2042326,11-12-24,Documentation,Agent,11-21-2024,Open,9
4005059,1042539,2042539,3-16-2025,Premium Issue,Agent,3-30-2025,Open,14
4005144,1043244,2043244,11-23-2025,Service Quality,Agent,12-06-25,Open,13
4005203,1043735,2043735,2-28-2026,App/Website,Agent,3-24-2026,Open,24
4005211,1043794,2043794,02-08-26,Claim Delay,Agent,03-09-26,Open,29
4005215,1043812,2043812,12-01-24,Documentation,Agent,12-20-2024,Open,19
4005230,1044027,2044027,9-19-2025,Claim Delay,Agent,9-24-2025,Open,5
4005303,1044624,2044624,5-24-2024,Agent Behaviour,Agent,06-10-24,Open,17
4005357,1045013,2045013,04-07-25,Agent Behaviour,Agent,4-30-2025,Open,23
4005447,1045815,2045815,7-29-2025,Agent Behaviour,Agent,08-10-25,Open,12
4005687,1047995,2047995,7-13-2026,Premium Issue,Agent,7-29-2026,Open,16
4005777,1048740,2048740,8-20-2025,Agent Behaviour,Agent,9-14-2025,Open,25
4005820,1049169,2049169,2-19-2025,Claim Delay,Agent,3-15-2025,Open,24
4005857,1049451,2049451,8-30-2026,Documentation,Agent,09-01-26,Open,2
4005858,1049470,2049470,10-17-2025,Premium Issue,Agent,11-15-2025,Open,29
4005914,1049868,2049868,11-22-2024,Premium Issue,Agent,12-11-24,Open,19
4005975,1050355,2050355,12-06-25,Service Quality,Agent,12-23-2025,Open,17
4006007,1050590,2050590,03-08-26,Documentation,Agent,3-30-2026,Open,22
4006060,1051187,2051187,12-10-24,App/Website,Agent,01-07-25,Open,28
4006067,1051295,2051295,09-04-26,Policy Cancellation,Agent,9-24-2026,Open,20
4006098,1051555,2051555,07-07-26,Premium Issue,Agent,08-03-26,Open,27
4006214,1052649,2052649,3-19-2025,Premium Issue,Agent,3-20-2025,Open,1
4006238,1052896,2052896,5-15-2025,App/Website,Agent,06-10-25,Open,26
4006257,1053057,2053057,4-24-2025,Agent Behaviour,Agent,5-22-2025,Open,28
4006325,1053613,2053613,05-02-24,Premium Issue,Agent,5-17-2024,Open,15
4006341,1053704,2053704,03-02-26,Service Quality,Agent,03-11-26,Open,9
4006375,1053959,2053959,04-12-26,Policy Cancellation,Agent,05-11-26,Open,29
4006467,1054659,2054659,1-16-2025,Claim Delay,Agent,02-01-25,Open,16
4006698,1056560,2056560,8-28-2024,Documentation,Agent,09-12-24,Open,15
4006760,1057001,2057001,1-29-2025,Claim Delay,Agent,2-21-2025,Open,23
4006787,1057207,2057207,02-11-25,Agent Behaviour,Agent,03-12-25,Open,29
4006798,1057285,2057285,06-09-25,Premium Issue,Agent,07-07-25,Open,28
4006905,1058072,2058072,5-31-2025,App/Website,Agent,06-07-25,Open,7
4006910,1058101,2058101,1-28-2026,Service Quality,Agent,02-06-26,Open,9
4007039,1059213,2059213,6-27-2024,Service Quality,Agent,7-24-2024,Open,27
4007161,1060090,2060090,01-04-26,Claim Delay,Agent,1-15-2026,Open,11
4007174,1060240,2060240,05-09-25,App/Website,Agent,5-22-2025,Open,13
4007221,1060550,2060550,1-22-2025,Documentation,Agent,02-05-25,Open,14
4007223,1060581,2060581,01-05-25,Policy Cancellation,Agent,02-02-25,Open,28
4007283,1061061,2061061,11-09-25,Premium Issue,Agent,12-01-25,Open,22
4007288,1061088,2061088,3-27-2025,Policy Cancellation,Agent,4-22-2025,Open,26
4007327,1061384,2061384,12-01-24,Policy Cancellation,Agent,12-14-2024,Open,13
4007416,1062116,2062116,5-20-2026,App/Website,Agent,06-08-26,Open,19
4007467,1062479,2062479,01-11-25,Documentation,Agent,01-12-25,Open,1
4007515,1063007,2063007,12-17-2025,Premium Issue,Agent,1-13-2026,Open,27
4007554,1063398,2063398,4-22-2026,Agent Behaviour,Agent,4-28-2026,Open,6
4007765,1065046,2065046,06-08-26,App/Website,Agent,06-09-26,Open,1
4007766,1065056,2065056,4-14-2026,Documentation,Agent,5-14-2026,Open,30
4008193,1068568,2068568,3-30-2026,App/Website,Agent,4-14-2026,Open,15
4008196,1068605,2068605,03-08-26,Policy Cancellation,Agent,3-28-2026,Open,20
4008244,1069051,2069051,7-23-2025,Service Quality,Agent,08-11-25,Open,19
4008403,1070416,2070416,12-16-2025,Policy Cancellation,Agent,01-12-26,Open,27
4008479,1071086,2071086,08-05-24,Policy Cancellation,Agent,8-23-2024,Open,18
4008552,1071770,2071770,07-06-24,Agent Behaviour,Agent,08-03-24,Open,28
4008559,1071872,2071872,08-10-24,Documentation,Agent,09-06-24,Open,27
4008609,1072228,2072228,7-21-2026,App/Website,Agent,08-10-26,Open,20
4008612,1072281,2072281,10-14-2025,Premium Issue,Agent,10-31-2025,Open,17
4008712,1073145,2073145,10-05-24,Documentation,Agent,10-28-2024,Open,23
4008729,1073299,2073299,03-06-25,Premium Issue,Agent,3-19-2025,Open,13
4008773,1073676,2073676,4-26-2026,Claim Delay,Agent,5-17-2026,Open,21
4008865,1074421,2074421,07-10-26,Premium Issue,Agent,7-19-2026,Open,9
4008870,1074473,2074473,05-08-26,Service Quality,Agent,5-27-2026,Open,19
4008897,1074789,2074789,01-12-25,Claim Delay,Agent,1-23-2025,Open,11
4008909,1074895,2074895,9-28-2025,Agent Behaviour,Agent,10-16-2025,Open,18
4008980,1075458,2075458,04-06-25,App/Website,Agent,4-20-2025,Open,14
4009080,1076156,2076156,11-20-2025,Premium Issue,Agent,11-29-2025,Open,9
4009124,1076472,2076472,05-06-25,Claim Delay,Agent,5-29-2025,Open,23
4009158,1076767,2076767,3-24-2025,Policy Cancellation,Agent,04-10-25,Open,17
4009182,1076947,2076947,1-16-2025,Policy Cancellation,Agent,02-12-25,Open,27
4009357,1078524,2078524,10-07-25,Agent Behaviour,Agent,11-04-25,Open,28
4009367,1078657,2078657,05-03-26,App/Website,Agent,5-29-2026,Open,26
4009386,1078795,2078795,7-20-2025,App/Website,Agent,08-04-25,Open,15
4009389,1078822,2078822,12-17-2024,Claim Delay,Agent,12-27-2024,Open,10
4009462,1079382,2079382,6-24-2026,Service Quality,Agent,07-08-26,Open,14
4009510,1079796,2079796,12-15-2025,Policy Cancellation,Agent,12-16-2025,Open,1
4009549,1080088,2080088,6-14-2026,Policy Cancellation,Agent,6-25-2026,Open,11
4009557,1080143,2080143,12-15-2024,Documentation,Agent,12-28-2024,Open,13
4009666,1080978,2080978,09-07-24,App/Website,Agent,9-21-2024,Open,14
4009701,1081220,2081220,1-18-2025,Claim Delay,Agent,1-19-2025,Open,1
4009711,1081300,2081300,12-01-25,App/Website,Agent,12-19-2025,Open,18
4009831,1082214,2082214,03-10-26,App/Website,Agent,03-12-26,Open,2
4009843,1082307,2082307,05-06-26,Service Quality,Agent,05-11-26,Open,5
4009959,1083326,2083326,3-20-2024,Claim Delay,Agent,4-18-2024,Open,29
4009974,1083431,2083431,11-21-2025,Service Quality,Agent,11-28-2025,Open,7
4010072,1084240,2084240,05-09-26,Claim Delay,Agent,5-19-2026,Open,10
4010112,1084594,2084594,1-16-2026,Claim Delay,Agent,1-18-2026,Open,2
4010149,1084954,2084954,7-22-2024,Documentation,Agent,08-12-24,Open,21
4010291,1086205,2086205,12-30-2024,Agent Behaviour,Agent,01-09-25,Open,10
4010338,1086705,2086705,12-10-24,Service Quality,Agent,01-07-25,Open,28
4010419,1087374,2087374,2-14-2025,Claim Delay,Agent,3-15-2025,Open,29
4010429,1087459,2087459,11-12-26,Documentation,Agent,11-24-2026,Open,12
4010548,1088322,2088322,8-31-2026,Service Quality,Agent,09-08-26,Open,8
4010570,1088473,2088473,9-27-2025,Policy Cancellation,Agent,10-13-2025,Open,16
4010581,1088567,2088567,04-01-25,Premium Issue,Agent,4-28-2025,Open,27
4010612,1088764,2088764,1-13-2026,Agent Behaviour,Agent,1-18-2026,Open,5
4010711,1089594,2089594,10-21-2024,Agent Behaviour,Agent,11-11-24,Open,21
4010815,1090483,2090483,4-18-2025,App/Website,Agent,5-18-2025,Open,30
4010893,1091049,2091049,12-17-2025,Claim Delay,Agent,12-19-2025,Open,2
4010906,1091216,2091216,11-05-25,Service Quality,Agent,11-12-25,Open,7
4010972,1091858,2091858,2-23-2025,Claim Delay,Agent,3-18-2025,Open,23
4010992,1091966,2091966,6-18-2025,Policy Cancellation,Agent,07-04-25,Open,16
4011018,1092204,2092204,4-25-2026,Service Quality,Agent,4-30-2026,Open,5
4011049,1092366,2092366,10-29-2024,Claim Delay,Agent,11-13-2024,Open,15
4011214,1093748,2093748,09-06-25,Service Quality,Agent,09-09-25,Open,3
4011285,1094275,2094275,8-28-2025,Premium Issue,Agent,09-06-25,Open,9
4011362,1095012,2095012,08-04-25,Documentation,Agent,08-06-25,Open,2
4011476,1096113,2096113,3-31-2026,Documentation,Agent,04-07-26,Open,7
4011614,1097354,2097354,12-20-2025,Service Quality,Agent,12-29-2025,Open,9
4011644,1097641,2097641,05-09-26,Policy Cancellation,Agent,06-06-26,Open,28
4011660,1097777,2097777,07-06-25,Agent Behaviour,Agent,07-08-25,Open,2
4011734,1098314,2098314,2-13-2026,Service Quality,Agent,03-07-26,Open,22
4011890,1099475,2099475,11-12-24,Policy Cancellation,Agent,12-03-24,Open,21
4011895,1099498,2099498,01-11-25,Documentation,Agent,1-21-2025,Open,10
4011925,1099769,2099769,10-08-24,App/Website,Agent,11-01-24,Open,24
